0,HHPHHHPH,-3
1,HHPHHHPH,-3
2,HHPHHHPH,-3
3,HHPHHHPH,-3
4,HHPHHHPH,-3
5,HHPHHHPH,-3
6,HHPHHHPH,-3
7,HHPHHHPH,-3
8,HHPHHHPH,-3
9,HHPHHHPH,-3
10,HHPHHHPH,-3
11,HHPHHHPH,-3
12,HHPHHHPH,-3
13,HHPHHHPH,-3
14,HHPHHHPH,-3
15,HHPHHHPH,-3
16,HHPHHHPH,-3
17,HHPHHHPH,-3
18,HHPHHHPH,-3
19,HHPHHHPH,-3
20,HHPHHHPH,-3
21,HHPHHHPH,-3
22,HHPHHHPH,-3
23,HHPHHHPH,-3
24,HHPHHHPH,-3
25,HHPHHHPH,-3
26,HHPHHHPH,-3
27,HHPHHHPH,-3
28,HHPHHHPH,-3
29,HHPHHHPH,-3
30,HHPHHHPH,-3
31,HHPHHHPH,-3
32,HHPHHHPH,-3
33,HHPHHHPH,-3
34,HHPHHHPH,-3
35,HHPHHHPH,-3
36,HHPHHHPH,-3
37,HHPHHHPH,-3
38,HHPHHHPH,-3
39,HHPHHHPH,-3
40,HHPHHHPH,-3
41,HHPHHHPH,-3
42,HHPHHHPH,-3
43,HHPHHHPH,-3
44,HHPHHHPH,-3
45,HHPHHHPH,-3
46,HHPHHHPH,-3
47,HHPHHHPH,-3
48,HHPHHHPH,-3
49,HHPHHHPH,-3
50,HHPHHHPH,-3
51,HHPHHHPH,-3
52,HHPHHHPH,-3
53,HHPHHHPH,-3
54,HHPHHHPH,-3
55,HHPHHHPH,-3
56,HHPHHHPH,-3
57,HHPHHHPH,-3
58,HHPHHHPH,-3
59,HHPHHHPH,-3
60,HHPHHHPH,-3
61,HHPHHHPH,-3
62,HHPHHHPH,-3
63,HHPHHHPH,-3
64,HHPHHHPH,-3
65,HHPHHHPH,-3
66,HHPHHHPH,-3
67,HHPHHHPH,-3
68,HHPHHHPH,-3
69,HHPHHHPH,-3
70,HHPHHHPH,-3
71,HHPHHHPH,-3
72,HHPHHHPH,-3
73,HHPHHHPH,-3
74,HHPHHHPH,-3
75,HHPHHHPH,-3
76,HHPHHHPH,-3
77,HHPHHHPH,-3
78,HHPHHHPH,-3
79,HHPHHHPH,-3
80,HHPHHHPH,-3
81,HHPHHHPH,-3
82,HHPHHHPH,-3
83,HHPHHHPH,-3
84,HHPHHHPH,-3
85,HHPHHHPH,-3
86,HHPHHHPH,-3
87,HHPHHHPH,-3
88,HHPHHHPH,-3
89,HHPHHHPH,-3
90,HHPHHHPH,-3
91,HHPHHHPH,-3
92,HHPHHHPH,-3
93,HHPHHHPH,-3
94,HHPHHHPH,-3
95,HHPHHHPH,-3
96,HHPHHHPH,-3
97,HHPHHHPH,-3
98,HHPHHHPH,-3
99,HHPHHHPH,-3
100,HHPHHHPH,-3
101,HHPHHHPH,-3
102,HHPHHHPH,-3
103,HHPHHHPH,-3
104,HHPHHHPH,-3
105,HHPHHHPH,-3
106,HHPHHHPH,-3
107,HHPHHHPH,-3
108,HHPHHHPH,-3
109,HHPHHHPH,-3
110,HHPHHHPH,-3
111,HHPHHHPH,-3
112,HHPHHHPH,-3
113,HHPHHHPH,-3
114,HHPHHHPH,-3
115,HHPHHHPH,-3
116,HHPHHHPH,-3
117,HHPHHHPH,-3
118,HHPHHHPH,-3
119,HHPHHHPH,-3
120,HHPHHHPH,-3
121,HHPHHHPH,-3
122,HHPHHHPH,-3
123,HHPHHHPH,-3
124,HHPHHHPH,-3
125,HHPHHHPH,-3
126,HHPHHHPH,-3
127,HHPHHHPH,-3
128,HHPHHHPH,-3
129,HHPHHHPH,-3
130,HHPHHHPH,-3
131,HHPHHHPH,-3
132,HHPHHHPH,-3
133,HHPHHHPH,-3
134,HHPHHHPH,-3
135,HHPHHHPH,-3
136,HHPHHHPH,-3
137,HHPHHHPH,-3
138,HHPHHHPH,-3
139,HHPHHHPH,-3
140,HHPHHHPH,-3
141,HHPHHHPH,-3
142,HHPHHHPH,-3
143,HHPHHHPH,-3
144,HHPHHHPH,-3
145,HHPHHHPH,-3
146,HHPHHHPH,-3
147,HHPHHHPH,-3
148,HHPHHHPH,-3
149,HHPHHHPH,-3
150,HHPHHHPH,-3
151,HHPHHHPH,-3
152,HHPHHHPH,-3
153,HHPHHHPH,-3
154,HHPHHHPH,-3
155,HHPHHHPH,-3
156,HHPHHHPH,-3
157,HHPHHHPH,-3
158,HHPHHHPH,-3
159,HHPHHHPH,-3
160,HHPHHHPH,-3
161,HHPHHHPH,-3
162,HHPHHHPH,-3
163,HHPHHHPH,-3
164,HHPHHHPH,-3
165,HHPHHHPH,-3
166,HHPHHHPH,-3
167,HHPHHHPH,-3
168,HHPHHHPH,-3
169,HHPHHHPH,-3
170,HHPHHHPH,-3
171,HHPHHHPH,-3
172,HHPHHHPH,-3
173,HHPHHHPH,-3
174,HHPHHHPH,-3
175,HHPHHHPH,-3
176,HHPHHHPH,-3
177,HHPHHHPH,-3
178,HHPHHHPH,-3
179,HHPHHHPH,-3
180,HHPHHHPH,-3
181,HHPHHHPH,-3
182,HHPHHHPH,-3
183,HHPHHHPH,-3
184,HHPHHHPH,-3
185,HHPHHHPH,-3
186,HHPHHHPH,-3
187,HHPHHHPH,-3
188,HHPHHHPH,-3
189,HHPHHHPH,-3
190,HHPHHHPH,-3
191,HHPHHHPH,-3
192,HHPHHHPH,-3
193,HHPHHHPH,-3
194,HHPHHHPH,-3
195,HHPHHHPH,-3
196,HHPHHHPH,-3
197,HHPHHHPH,-3
198,HHPHHHPH,-3
199,HHPHHHPH,-3
200,HHPHHHPH,-3
201,HHPHHHPH,-3
202,HHPHHHPH,-3
203,HHPHHHPH,-3
204,HHPHHHPH,-3
205,HHPHHHPH,-3
206,HHPHHHPH,-3
207,HHPHHHPH,-3
208,HHPHHHPH,-3
209,HHPHHHPH,-3
210,HHPHHHPH,-3
211,HHPHHHPH,-3
212,HHPHHHPH,-3
213,HHPHHHPH,-3
214,HHPHHHPH,-3
215,HHPHHHPH,-3
216,HHPHHHPH,-3
217,HHPHHHPH,-3
218,HHPHHHPH,-3
219,HHPHHHPH,-3
220,HHPHHHPH,-3
221,HHPHHHPH,-3
222,HHPHHHPH,-3
223,HHPHHHPH,-3
224,HHPHHHPH,-3
225,HHPHHHPH,-3
226,HHPHHHPH,-3
227,HHPHHHPH,-3
228,HHPHHHPH,-3
229,HHPHHHPH,-3
230,HHPHHHPH,-3
231,HHPHHHPH,-3
232,HHPHHHPH,-3
233,HHPHHHPH,-3
234,HHPHHHPH,-3
235,HHPHHHPH,-3
236,HHPHHHPH,-3
237,HHPHHHPH,-3
238,HHPHHHPH,-3
239,HHPHHHPH,-3
240,HHPHHHPH,-3
241,HHPHHHPH,-3
242,HHPHHHPH,-3
243,HHPHHHPH,-3
244,HHPHHHPH,-3
245,HHPHHHPH,-3
246,HHPHHHPH,-3
247,HHPHHHPH,-3
248,HHPHHHPH,-3
249,HHPHHHPH,-3
250,HHPHHHPH,-3
251,HHPHHHPH,-3
252,HHPHHHPH,-3
253,HHPHHHPH,-3
254,HHPHHHPH,-3
255,HHPHHHPH,-3
256,HHPHHHPH,-3
257,HHPHHHPH,-3
258,HHPHHHPH,-3
259,HHPHHHPH,-3
260,HHPHHHPH,-3
261,HHPHHHPH,-3
262,HHPHHHPH,-3
263,HHPHHHPH,-3
264,HHPHHHPH,-3
265,HHPHHHPH,-3
266,HHPHHHPH,-3
267,HHPHHHPH,-3
268,HHPHHHPH,-3
269,HHPHHHPH,-3
270,HHPHHHPH,-3
271,HHPHHHPH,-3
272,HHPHHHPH,-3
273,HHPHHHPH,-3
274,HHPHHHPH,-3
275,HHPHHHPH,-3
276,HHPHHHPH,-3
277,HHPHHHPH,-3
278,HHPHHHPH,-3
279,HHPHHHPH,-3
280,HHPHHHPH,-3
281,HHPHHHPH,-3
282,HHPHHHPH,-3
283,HHPHHHPH,-3
284,HHPHHHPH,-3
285,HHPHHHPH,-3
286,HHPHHHPH,-3
287,HHPHHHPH,-3
288,HHPHHHPH,-3
289,HHPHHHPH,-3
290,HHPHHHPH,-3
291,HHPHHHPH,-3
292,HHPHHHPH,-3
293,HHPHHHPH,-3
294,HHPHHHPH,-3
295,HHPHHHPH,-3
296,HHPHHHPH,-3
297,HHPHHHPH,-3
298,HHPHHHPH,-3
299,HHPHHHPH,-3
300,HHPHHHPH,-3
301,HHPHHHPH,-3
302,HHPHHHPH,-3
303,HHPHHHPH,-3
304,HHPHHHPH,-3
305,HHPHHHPH,-3
306,HHPHHHPH,-3
307,HHPHHHPH,-3
308,HHPHHHPH,-3
309,HHPHHHPH,-3
310,HHPHHHPH,-3
311,HHPHHHPH,-3
312,HHPHHHPH,-3
313,HHPHHHPH,-3
314,HHPHHHPH,-3
315,HHPHHHPH,-3
316,HHPHHHPH,-3
317,HHPHHHPH,-3
318,HHPHHHPH,-3
319,HHPHHHPH,-3
320,HHPHHHPH,-3
321,HHPHHHPH,-3
322,HHPHHHPH,-3
323,HHPHHHPH,-3
324,HHPHHHPH,-3
325,HHPHHHPH,-3
326,HHPHHHPH,-3
327,HHPHHHPH,-3
328,HHPHHHPH,-3
329,HHPHHHPH,-3
330,HHPHHHPH,-3
331,HHPHHHPH,-3
332,HHPHHHPH,-3
333,HHPHHHPH,-3
334,HHPHHHPH,-3
335,HHPHHHPH,-3
336,HHPHHHPH,-3
337,HHPHHHPH,-3
338,HHPHHHPH,-3
339,HHPHHHPH,-3
340,HHPHHHPH,-3
341,HHPHHHPH,-3
342,HHPHHHPH,-3
343,HHPHHHPH,-3
344,HHPHHHPH,-3
345,HHPHHHPH,-3
346,HHPHHHPH,-3
347,HHPHHHPH,-3
348,HHPHHHPH,-3
349,HHPHHHPH,-3
350,HHPHHHPH,-3
351,HHPHHHPH,-3
352,HHPHHHPH,-3
353,HHPHHHPH,-3
354,HHPHHHPH,-3
355,HHPHHHPH,-3
356,HHPHHHPH,-3
357,HHPHHHPH,-3
358,HHPHHHPH,-3
359,HHPHHHPH,-3
360,HHPHHHPH,-3
361,HHPHHHPH,-3
362,HHPHHHPH,-3
363,HHPHHHPH,-3
364,HHPHHHPH,-3
365,HHPHHHPH,-3
366,HHPHHHPH,-3
367,HHPHHHPH,-3
368,HHPHHHPH,-3
369,HHPHHHPH,-3
370,HHPHHHPH,-3
371,HHPHHHPH,-3
372,HHPHHHPH,-3
373,HHPHHHPH,-3
374,HHPHHHPH,-3
375,HHPHHHPH,-3
376,HHPHHHPH,-3
377,HHPHHHPH,-3
378,HHPHHHPH,-3
379,HHPHHHPH,-3
380,HHPHHHPH,-3
381,HHPHHHPH,-3
382,HHPHHHPH,-3
383,HHPHHHPH,-3
384,HHPHHHPH,-3
385,HHPHHHPH,-3
386,HHPHHHPH,-3
387,HHPHHHPH,-3
388,HHPHHHPH,-3
389,HHPHHHPH,-3
390,HHPHHHPH,-3
391,HHPHHHPH,-3
392,HHPHHHPH,-3
393,HHPHHHPH,-3
394,HHPHHHPH,-3
395,HHPHHHPH,-3
396,HHPHHHPH,-3
397,HHPHHHPH,-3
398,HHPHHHPH,-3
399,HHPHHHPH,-3
400,HHPHHHPH,-3
401,HHPHHHPH,-3
402,HHPHHHPH,-3
403,HHPHHHPH,-3
404,HHPHHHPH,-3
405,HHPHHHPH,-3
406,HHPHHHPH,-3
407,HHPHHHPH,-3
408,HHPHHHPH,-3
409,HHPHHHPH,-3
410,HHPHHHPH,-3
411,HHPHHHPH,-3
412,HHPHHHPH,-3
413,HHPHHHPH,-3
414,HHPHHHPH,-3
415,HHPHHHPH,-3
416,HHPHHHPH,-3
417,HHPHHHPH,-3
418,HHPHHHPH,-3
419,HHPHHHPH,-3
420,HHPHHHPH,-3
421,HHPHHHPH,-3
422,HHPHHHPH,-3
423,HHPHHHPH,-3
424,HHPHHHPH,-3
425,HHPHHHPH,-3
426,HHPHHHPH,-3
427,HHPHHHPH,-3
428,HHPHHHPH,-3
429,HHPHHHPH,-3
430,HHPHHHPH,-3
431,HHPHHHPH,-3
432,HHPHHHPH,-3
433,HHPHHHPH,-3
434,HHPHHHPH,-3
435,HHPHHHPH,-3
436,HHPHHHPH,-3
437,HHPHHHPH,-3
438,HHPHHHPH,-3
439,HHPHHHPH,-3
440,HHPHHHPH,-3
441,HHPHHHPH,-3
442,HHPHHHPH,-3
443,HHPHHHPH,-3
444,HHPHHHPH,-3
445,HHPHHHPH,-3
446,HHPHHHPH,-3
447,HHPHHHPH,-3
448,HHPHHHPH,-3
449,HHPHHHPH,-3
450,HHPHHHPH,-3
451,HHPHHHPH,-3
452,HHPHHHPH,-3
453,HHPHHHPH,-3
454,HHPHHHPH,-3
455,HHPHHHPH,-3
456,HHPHHHPH,-3
457,HHPHHHPH,-3
458,HHPHHHPH,-3
459,HHPHHHPH,-3
460,HHPHHHPH,-3
461,HHPHHHPH,-3
462,HHPHHHPH,-3
463,HHPHHHPH,-3
464,HHPHHHPH,-3
465,HHPHHHPH,-3
466,HHPHHHPH,-3
467,HHPHHHPH,-3
468,HHPHHHPH,-3
469,HHPHHHPH,-3
470,HHPHHHPH,-3
471,HHPHHHPH,-3
472,HHPHHHPH,-3
473,HHPHHHPH,-3
474,HHPHHHPH,-3
475,HHPHHHPH,-3
476,HHPHHHPH,-3
477,HHPHHHPH,-3
478,HHPHHHPH,-3
479,HHPHHHPH,-3
480,HHPHHHPH,-3
481,HHPHHHPH,-3
482,HHPHHHPH,-3
483,HHPHHHPH,-3
484,HHPHHHPH,-3
485,HHPHHHPH,-3
486,HHPHHHPH,-3
487,HHPHHHPH,-3
488,HHPHHHPH,-3
489,HHPHHHPH,-3
490,HHPHHHPH,-3
491,HHPHHHPH,-3
492,HHPHHHPH,-3
493,HHPHHHPH,-3
494,HHPHHHPH,-3
495,HHPHHHPH,-3
496,HHPHHHPH,-3
497,HHPHHHPH,-3
498,HHPHHHPH,-3
499,HHPHHHPH,-3
500,HHPHHHPH,-3
501,HHPHHHPH,-3
502,HHPHHHPH,-3
503,HHPHHHPH,-3
504,HHPHHHPH,-3
505,HHPHHHPH,-3
506,HHPHHHPH,-3
507,HHPHHHPH,-3
508,HHPHHHPH,-3
509,HHPHHHPH,-3
510,HHPHHHPH,-3
511,HHPHHHPH,-3
512,HHPHHHPH,-3
513,HHPHHHPH,-3
514,HHPHHHPH,-3
515,HHPHHHPH,-3
516,HHPHHHPH,-3
517,HHPHHHPH,-3
518,HHPHHHPH,-3
519,HHPHHHPH,-3
520,HHPHHHPH,-3
521,HHPHHHPH,-3
522,HHPHHHPH,-3
523,HHPHHHPH,-3
524,HHPHHHPH,-3
525,HHPHHHPH,-3
526,HHPHHHPH,-3
527,HHPHHHPH,-3
528,HHPHHHPH,-3
529,HHPHHHPH,-3
530,HHPHHHPH,-3
531,HHPHHHPH,-3
532,HHPHHHPH,-3
533,HHPHHHPH,-3
534,HHPHHHPH,-3
535,HHPHHHPH,-3
536,HHPHHHPH,-3
537,HHPHHHPH,-3
538,HHPHHHPH,-3
539,HHPHHHPH,-3
540,HHPHHHPH,-3
541,HHPHHHPH,-3
542,HHPHHHPH,-3
543,HHPHHHPH,-3
544,HHPHHHPH,-3
545,HHPHHHPH,-3
546,HHPHHHPH,-3
547,HHPHHHPH,-3
548,HHPHHHPH,-3
549,HHPHHHPH,-3
550,HHPHHHPH,-3
551,HHPHHHPH,-3
552,HHPHHHPH,-3
553,HHPHHHPH,-3
554,HHPHHHPH,-3
555,HHPHHHPH,-3
556,HHPHHHPH,-3
557,HHPHHHPH,-3
558,HHPHHHPH,-3
559,HHPHHHPH,-3
560,HHPHHHPH,-3
561,HHPHHHPH,-3
562,HHPHHHPH,-3
563,HHPHHHPH,-3
564,HHPHHHPH,-3
565,HHPHHHPH,-3
566,HHPHHHPH,-3
567,HHPHHHPH,-3
568,HHPHHHPH,-3
569,HHPHHHPH,-3
570,HHPHHHPH,-3
571,HHPHHHPH,-3
572,HHPHHHPH,-3
573,HHPHHHPH,-3
574,HHPHHHPH,-3
575,HHPHHHPH,-3
576,HHPHHHPH,-3
577,HHPHHHPH,-3
578,HHPHHHPH,-3
579,HHPHHHPH,-3
580,HHPHHHPH,-3
581,HHPHHHPH,-3
582,HHPHHHPH,-3
583,HHPHHHPH,-3
584,HHPHHHPH,-3
585,HHPHHHPH,-3
586,HHPHHHPH,-3
587,HHPHHHPH,-3
588,HHPHHHPH,-3
589,HHPHHHPH,-3
590,HHPHHHPH,-3
591,HHPHHHPH,-3
592,HHPHHHPH,-3
593,HHPHHHPH,-3
594,HHPHHHPH,-3
595,HHPHHHPH,-3
596,HHPHHHPH,-3
597,HHPHHHPH,-3
598,HHPHHHPH,-3
599,HHPHHHPH,-3
600,HHPHHHPH,-3
601,HHPHHHPH,-3
602,HHPHHHPH,-3
603,HHPHHHPH,-3
604,HHPHHHPH,-3
605,HHPHHHPH,-3
606,HHPHHHPH,-3
607,HHPHHHPH,-3
608,HHPHHHPH,-3
609,HHPHHHPH,-3
610,HHPHHHPH,-3
611,HHPHHHPH,-3
612,HHPHHHPH,-3
613,HHPHHHPH,-3
614,HHPHHHPH,-3
615,HHPHHHPH,-3
616,HHPHHHPH,-3
617,HHPHHHPH,-3
618,HHPHHHPH,-3
619,HHPHHHPH,-3
620,HHPHHHPH,-3
621,HHPHHHPH,-3
622,HHPHHHPH,-3
623,HHPHHHPH,-3
624,HHPHHHPH,-3
625,HHPHHHPH,-3
626,HHPHHHPH,-3
627,HHPHHHPH,-3
628,HHPHHHPH,-3
629,HHPHHHPH,-3
630,HHPHHHPH,-3
631,HHPHHHPH,-3
632,HHPHHHPH,-3
633,HHPHHHPH,-3
634,HHPHHHPH,-3
635,HHPHHHPH,-3
636,HHPHHHPH,-3
637,HHPHHHPH,-3
638,HHPHHHPH,-3
639,HHPHHHPH,-3
640,HHPHHHPH,-3
641,HHPHHHPH,-3
642,HHPHHHPH,-3
643,HHPHHHPH,-3
644,HHPHHHPH,-3
645,HHPHHHPH,-3
646,HHPHHHPH,-3
647,HHPHHHPH,-3
648,HHPHHHPH,-3
649,HHPHHHPH,-3
650,HHPHHHPH,-3
651,HHPHHHPH,-3
652,HHPHHHPH,-3
653,HHPHHHPH,-3
654,HHPHHHPH,-3
655,HHPHHHPH,-3
656,HHPHHHPH,-3
657,HHPHHHPH,-3
658,HHPHHHPH,-3
659,HHPHHHPH,-3
660,HHPHHHPH,-3
661,HHPHHHPH,-3
662,HHPHHHPH,-3
663,HHPHHHPH,-3
664,HHPHHHPH,-3
665,HHPHHHPH,-3
666,HHPHHHPH,-3
667,HHPHHHPH,-3
668,HHPHHHPH,-3
669,HHPHHHPH,-3
670,HHPHHHPH,-3
671,HHPHHHPH,-3
672,HHPHHHPH,-3
673,HHPHHHPH,-3
674,HHPHHHPH,-3
675,HHPHHHPH,-3
676,HHPHHHPH,-3
677,HHPHHHPH,-3
678,HHPHHHPH,-3
679,HHPHHHPH,-3
680,HHPHHHPH,-3
681,HHPHHHPH,-3
682,HHPHHHPH,-3
683,HHPHHHPH,-3
684,HHPHHHPH,-3
685,HHPHHHPH,-3
686,HHPHHHPH,-3
687,HHPHHHPH,-3
688,HHPHHHPH,-3
689,HHPHHHPH,-3
690,HHPHHHPH,-3
691,HHPHHHPH,-3
692,HHPHHHPH,-3
693,HHPHHHPH,-3
694,HHPHHHPH,-3
695,HHPHHHPH,-3
696,HHPHHHPH,-3
697,HHPHHHPH,-3
698,HHPHHHPH,-3
699,HHPHHHPH,-3
700,HHPHHHPH,-3
701,HHPHHHPH,-3
702,HHPHHHPH,-3
703,HHPHHHPH,-3
704,HHPHHHPH,-3
705,HHPHHHPH,-3
706,HHPHHHPH,-3
707,HHPHHHPH,-3
708,HHPHHHPH,-3
709,HHPHHHPH,-3
710,HHPHHHPH,-3
711,HHPHHHPH,-3
712,HHPHHHPH,-3
713,HHPHHHPH,-3
714,HHPHHHPH,-3
715,HHPHHHPH,-3
716,HHPHHHPH,-3
717,HHPHHHPH,-3
718,HHPHHHPH,-3
719,HHPHHHPH,-3
720,HHPHHHPH,-3
721,HHPHHHPH,-3
722,HHPHHHPH,-3
723,HHPHHHPH,-3
724,HHPHHHPH,-3
725,HHPHHHPH,-3
726,HHPHHHPH,-3
727,HHPHHHPH,-3
728,HHPHHHPH,-3
729,HHPHHHPH,-3
730,HHPHHHPH,-3
731,HHPHHHPH,-3
732,HHPHHHPH,-3
733,HHPHHHPH,-3
734,HHPHHHPH,-3
735,HHPHHHPH,-3
736,HHPHHHPH,-3
737,HHPHHHPH,-3
738,HHPHHHPH,-3
739,HHPHHHPH,-3
740,HHPHHHPH,-3
741,HHPHHHPH,-3
742,HHPHHHPH,-3
743,HHPHHHPH,-3
744,HHPHHHPH,-3
745,HHPHHHPH,-3
746,HHPHHHPH,-3
747,HHPHHHPH,-3
748,HHPHHHPH,-3
749,HHPHHHPH,-3
750,HHPHHHPH,-3
751,HHPHHHPH,-3
752,HHPHHHPH,-3
753,HHPHHHPH,-3
754,HHPHHHPH,-3
755,HHPHHHPH,-3
756,HHPHHHPH,-3
757,HHPHHHPH,-3
758,HHPHHHPH,-3
759,HHPHHHPH,-3
760,HHPHHHPH,-3
761,HHPHHHPH,-3
762,HHPHHHPH,-3
763,HHPHHHPH,-3
764,HHPHHHPH,-3
765,HHPHHHPH,-3
766,HHPHHHPH,-3
767,HHPHHHPH,-3
768,HHPHHHPH,-3
769,HHPHHHPH,-3
770,HHPHHHPH,-3
771,HHPHHHPH,-3
772,HHPHHHPH,-3
773,HHPHHHPH,-3
774,HHPHHHPH,-3
775,HHPHHHPH,-3
776,HHPHHHPH,-3
777,HHPHHHPH,-3
778,HHPHHHPH,-3
779,HHPHHHPH,-3
780,HHPHHHPH,-3
781,HHPHHHPH,-3
782,HHPHHHPH,-3
783,HHPHHHPH,-3
784,HHPHHHPH,-3
785,HHPHHHPH,-3
786,HHPHHHPH,-3
787,HHPHHHPH,-3
788,HHPHHHPH,-3
789,HHPHHHPH,-3
790,HHPHHHPH,-3
791,HHPHHHPH,-3
792,HHPHHHPH,-3
793,HHPHHHPH,-3
794,HHPHHHPH,-3
795,HHPHHHPH,-3
796,HHPHHHPH,-3
797,HHPHHHPH,-3
798,HHPHHHPH,-3
799,HHPHHHPH,-3
800,HHPHHHPH,-3
801,HHPHHHPH,-3
802,HHPHHHPH,-3
803,HHPHHHPH,-3
804,HHPHHHPH,-3
805,HHPHHHPH,-3
806,HHPHHHPH,-3
807,HHPHHHPH,-3
808,HHPHHHPH,-3
809,HHPHHHPH,-3
810,HHPHHHPH,-3
811,HHPHHHPH,-3
812,HHPHHHPH,-3
813,HHPHHHPH,-3
814,HHPHHHPH,-3
815,HHPHHHPH,-3
816,HHPHHHPH,-3
817,HHPHHHPH,-3
818,HHPHHHPH,-3
819,HHPHHHPH,-3
820,HHPHHHPH,-3
821,HHPHHHPH,-3
822,HHPHHHPH,-3
823,HHPHHHPH,-3
824,HHPHHHPH,-3
825,HHPHHHPH,-3
826,HHPHHHPH,-3
827,HHPHHHPH,-3
828,HHPHHHPH,-3
829,HHPHHHPH,-3
830,HHPHHHPH,-3
831,HHPHHHPH,-3
832,HHPHHHPH,-3
833,HHPHHHPH,-3
834,HHPHHHPH,-3
835,HHPHHHPH,-3
836,HHPHHHPH,-3
837,HHPHHHPH,-3
838,HHPHHHPH,-3
839,HHPHHHPH,-3
840,HHPHHHPH,-3
841,HHPHHHPH,-3
842,HHPHHHPH,-3
843,HHPHHHPH,-3
844,HHPHHHPH,-3
845,HHPHHHPH,-3
846,HHPHHHPH,-3
847,HHPHHHPH,-3
848,HHPHHHPH,-3
849,HHPHHHPH,-3
850,HHPHHHPH,-3
851,HHPHHHPH,-3
852,HHPHHHPH,-3
853,HHPHHHPH,-3
854,HHPHHHPH,-3
855,HHPHHHPH,-3
856,HHPHHHPH,-3
857,HHPHHHPH,-3
858,HHPHHHPH,-3
859,HHPHHHPH,-3
860,HHPHHHPH,-3
861,HHPHHHPH,-3
862,HHPHHHPH,-3
863,HHPHHHPH,-3
864,HHPHHHPH,-3
865,HHPHHHPH,-3
866,HHPHHHPH,-3
867,HHPHHHPH,-3
868,HHPHHHPH,-3
869,HHPHHHPH,-3
870,HHPHHHPH,-3
871,HHPHHHPH,-3
872,HHPHHHPH,-3
873,HHPHHHPH,-3
874,HHPHHHPH,-3
875,HHPHHHPH,-3
876,HHPHHHPH,-3
877,HHPHHHPH,-3
878,HHPHHHPH,-3
879,HHPHHHPH,-3
880,HHPHHHPH,-3
881,HHPHHHPH,-3
882,HHPHHHPH,-3
883,HHPHHHPH,-3
884,HHPHHHPH,-3
885,HHPHHHPH,-3
886,HHPHHHPH,-3
887,HHPHHHPH,-3
888,HHPHHHPH,-3
889,HHPHHHPH,-3
890,HHPHHHPH,-3
891,HHPHHHPH,-3
892,HHPHHHPH,-3
893,HHPHHHPH,-3
894,HHPHHHPH,-3
895,HHPHHHPH,-3
896,HHPHHHPH,-3
897,HHPHHHPH,-3
898,HHPHHHPH,-3
899,HHPHHHPH,-3
900,HHPHHHPH,-3
901,HHPHHHPH,-3
902,HHPHHHPH,-3
903,HHPHHHPH,-3
904,HHPHHHPH,-3
905,HHPHHHPH,-3
906,HHPHHHPH,-3
907,HHPHHHPH,-3
908,HHPHHHPH,-3
909,HHPHHHPH,-3
910,HHPHHHPH,-3
911,HHPHHHPH,-3
912,HHPHHHPH,-3
913,HHPHHHPH,-3
914,HHPHHHPH,-3
915,HHPHHHPH,-3
916,HHPHHHPH,-3
917,HHPHHHPH,-3
918,HHPHHHPH,-3
919,HHPHHHPH,-3
920,HHPHHHPH,-3
921,HHPHHHPH,-3
922,HHPHHHPH,-3
923,HHPHHHPH,-3
924,HHPHHHPH,-3
925,HHPHHHPH,-3
926,HHPHHHPH,-3
927,HHPHHHPH,-3
928,HHPHHHPH,-3
929,HHPHHHPH,-3
930,HHPHHHPH,-3
931,HHPHHHPH,-3
932,HHPHHHPH,-3
933,HHPHHHPH,-3
934,HHPHHHPH,-3
935,HHPHHHPH,-3
936,HHPHHHPH,-3
937,HHPHHHPH,-3
938,HHPHHHPH,-3
939,HHPHHHPH,-3
940,HHPHHHPH,-3
941,HHPHHHPH,-3
942,HHPHHHPH,-3
943,HHPHHHPH,-3
944,HHPHHHPH,-3
945,HHPHHHPH,-3
946,HHPHHHPH,-3
947,HHPHHHPH,-3
948,HHPHHHPH,-3
949,HHPHHHPH,-3
950,HHPHHHPH,-3
951,HHPHHHPH,-3
952,HHPHHHPH,-3
953,HHPHHHPH,-3
954,HHPHHHPH,-3
955,HHPHHHPH,-3
956,HHPHHHPH,-3
957,HHPHHHPH,-3
958,HHPHHHPH,-3
959,HHPHHHPH,-3
960,HHPHHHPH,-3
961,HHPHHHPH,-3
962,HHPHHHPH,-3
963,HHPHHHPH,-3
964,HHPHHHPH,-3
965,HHPHHHPH,-3
966,HHPHHHPH,-3
967,HHPHHHPH,-3
968,HHPHHHPH,-3
969,HHPHHHPH,-3
970,HHPHHHPH,-3
971,HHPHHHPH,-3
972,HHPHHHPH,-3
973,HHPHHHPH,-3
974,HHPHHHPH,-3
975,HHPHHHPH,-3
976,HHPHHHPH,-3
977,HHPHHHPH,-3
978,HHPHHHPH,-3
979,HHPHHHPH,-3
980,HHPHHHPH,-3
981,HHPHHHPH,-3
982,HHPHHHPH,-3
983,HHPHHHPH,-3
984,HHPHHHPH,-3
985,HHPHHHPH,-3
986,HHPHHHPH,-3
987,HHPHHHPH,-3
988,HHPHHHPH,-3
989,HHPHHHPH,-3
990,HHPHHHPH,-3
991,HHPHHHPH,-3
992,HHPHHHPH,-3
993,HHPHHHPH,-3
994,HHPHHHPH,-3
995,HHPHHHPH,-3
996,HHPHHHPH,-3
997,HHPHHHPH,-3
998,HHPHHHPH,-3
999,HHPHHHPH,-3
1000,HHPHHHPH,-3
1001,HHPHHHPH,-3
1002,HHPHHHPH,-3
1003,HHPHHHPH,-3
1004,HHPHHHPH,-3
1005,HHPHHHPH,-3
1006,HHPHHHPH,-3
1007,HHPHHHPH,-3
1008,HHPHHHPH,-3
1009,HHPHHHPH,-3
1010,HHPHHHPH,-3
1011,HHPHHHPH,-3
1012,HHPHHHPH,-3
1013,HHPHHHPH,-3
1014,HHPHHHPH,-3
1015,HHPHHHPH,-3
1016,HHPHHHPH,-3
1017,HHPHHHPH,-3
1018,HHPHHHPH,-3
1019,HHPHHHPH,-3
1020,HHPHHHPH,-3
1021,HHPHHHPH,-3
1022,HHPHHHPH,-3
1023,HHPHHHPH,-3
1024,HHPHHHPH,-3
1025,HHPHHHPH,-3
1026,HHPHHHPH,-3
1027,HHPHHHPH,-3
1028,HHPHHHPH,-3
1029,HHPHHHPH,-3
1030,HHPHHHPH,-3
1031,HHPHHHPH,-3
1032,HHPHHHPH,-3
1033,HHPHHHPH,-3
1034,HHPHHHPH,-3
1035,HHPHHHPH,-3
1036,HHPHHHPH,-3
1037,HHPHHHPH,-3
1038,HHPHHHPH,-3
1039,HHPHHHPH,-3
1040,HHPHHHPH,-3
1041,HHPHHHPH,-3
1042,HHPHHHPH,-3
1043,HHPHHHPH,-3
1044,HHPHHHPH,-3
1045,HHPHHHPH,-3
1046,HHPHHHPH,-3
1047,HHPHHHPH,-3
1048,HHPHHHPH,-3
1049,HHPHHHPH,-3
1050,HHPHHHPH,-3
1051,HHPHHHPH,-3
1052,HHPHHHPH,-3
1053,HHPHHHPH,-3
1054,HHPHHHPH,-3
1055,HHPHHHPH,-3
1056,HHPHHHPH,-3
1057,HHPHHHPH,-3
1058,HHPHHHPH,-3
1059,HHPHHHPH,-3
1060,HHPHHHPH,-3
1061,HHPHHHPH,-3
1062,HHPHHHPH,-3
1063,HHPHHHPH,-3
1064,HHPHHHPH,-3
1065,HHPHHHPH,-3
1066,HHPHHHPH,-3
1067,HHPHHHPH,-3
1068,HHPHHHPH,-3
1069,HHPHHHPH,-3
1070,HHPHHHPH,-3
1071,HHPHHHPH,-3
1072,HHPHHHPH,-3
1073,HHPHHHPH,-3
1074,HHPHHHPH,-3
1075,HHPHHHPH,-3
1076,HHPHHHPH,-3
1077,HHPHHHPH,-3
1078,HHPHHHPH,-3
1079,HHPHHHPH,-3
1080,HHPHHHPH,-3
1081,HHPHHHPH,-3
1082,HHPHHHPH,-3
1083,HHPHHHPH,-3
1084,HHPHHHPH,-3
1085,HHPHHHPH,-3
1086,HHPHHHPH,-3
1087,HHPHHHPH,-3
1088,HHPHHHPH,-3
1089,HHPHHHPH,-3
1090,HHPHHHPH,-3
1091,HHPHHHPH,-3
1092,HHPHHHPH,-3
1093,HHPHHHPH,-3
1094,HHPHHHPH,-3
1095,HHPHHHPH,-3
1096,HHPHHHPH,-3
1097,HHPHHHPH,-3
1098,HHPHHHPH,-3
1099,HHPHHHPH,-3
1100,HHPHHHPH,-3
1101,HHPHHHPH,-3
1102,HHPHHHPH,-3
1103,HHPHHHPH,-3
1104,HHPHHHPH,-3
1105,HHPHHHPH,-3
1106,HHPHHHPH,-3
1107,HHPHHHPH,-3
1108,HHPHHHPH,-3
1109,HHPHHHPH,-3
1110,HHPHHHPH,-3
1111,HHPHHHPH,-3
1112,HHPHHHPH,-3
1113,HHPHHHPH,-3
1114,HHPHHHPH,-3
1115,HHPHHHPH,-3
1116,HHPHHHPH,-3
1117,HHPHHHPH,-3
1118,HHPHHHPH,-3
1119,HHPHHHPH,-3
1120,HHPHHHPH,-3
1121,HHPHHHPH,-3
1122,HHPHHHPH,-3
1123,HHPHHHPH,-3
1124,HHPHHHPH,-3
1125,HHPHHHPH,-3
1126,HHPHHHPH,-3
1127,HHPHHHPH,-3
1128,HHPHHHPH,-3
1129,HHPHHHPH,-3
1130,HHPHHHPH,-3
1131,HHPHHHPH,-3
1132,HHPHHHPH,-3
1133,HHPHHHPH,-3
1134,HHPHHHPH,-3
1135,HHPHHHPH,-3
1136,HHPHHHPH,-3
1137,HHPHHHPH,-3
1138,HHPHHHPH,-3
1139,HHPHHHPH,-3
1140,HHPHHHPH,-3
1141,HHPHHHPH,-3
1142,HHPHHHPH,-3
1143,HHPHHHPH,-3
1144,HHPHHHPH,-3
1145,HHPHHHPH,-3
1146,HHPHHHPH,-3
1147,HHPHHHPH,-3
1148,HHPHHHPH,-3
1149,HHPHHHPH,-3
1150,HHPHHHPH,-3
1151,HHPHHHPH,-3
1152,HHPHHHPH,-3
1153,HHPHHHPH,-3
1154,HHPHHHPH,-3
1155,HHPHHHPH,-3
1156,HHPHHHPH,-3
1157,HHPHHHPH,-3
1158,HHPHHHPH,-3
1159,HHPHHHPH,-3
1160,HHPHHHPH,-3
1161,HHPHHHPH,-3
1162,HHPHHHPH,-3
1163,HHPHHHPH,-3
1164,HHPHHHPH,-3
1165,HHPHHHPH,-3
1166,HHPHHHPH,-3
1167,HHPHHHPH,-3
1168,HHPHHHPH,-3
1169,HHPHHHPH,-3
1170,HHPHHHPH,-3
1171,HHPHHHPH,-3
1172,HHPHHHPH,-3
1173,HHPHHHPH,-3
1174,HHPHHHPH,-3
1175,HHPHHHPH,-3
1176,HHPHHHPH,-3
1177,HHPHHHPH,-3
1178,HHPHHHPH,-3
1179,HHPHHHPH,-3
1180,HHPHHHPH,-3
1181,HHPHHHPH,-3
1182,HHPHHHPH,-3
1183,HHPHHHPH,-3
1184,HHPHHHPH,-3
1185,HHPHHHPH,-3
1186,HHPHHHPH,-3
1187,HHPHHHPH,-3
1188,HHPHHHPH,-3
1189,HHPHHHPH,-3
1190,HHPHHHPH,-3
1191,HHPHHHPH,-3
1192,HHPHHHPH,-3
1193,HHPHHHPH,-3
1194,HHPHHHPH,-3
1195,HHPHHHPH,-3
1196,HHPHHHPH,-3
1197,HHPHHHPH,-3
1198,HHPHHHPH,-3
1199,HHPHHHPH,-3
1200,HHPHHHPH,-3
1201,HHPHHHPH,-3
1202,HHPHHHPH,-3
1203,HHPHHHPH,-3
1204,HHPHHHPH,-3
1205,HHPHHHPH,-3
1206,HHPHHHPH,-3
1207,HHPHHHPH,-3
1208,HHPHHHPH,-3
1209,HHPHHHPH,-3
1210,HHPHHHPH,-3
1211,HHPHHHPH,-3
1212,HHPHHHPH,-3
1213,HHPHHHPH,-3
1214,HHPHHHPH,-3
1215,HHPHHHPH,-3
1216,HHPHHHPH,-3
1217,HHPHHHPH,-3
1218,HHPHHHPH,-3
1219,HHPHHHPH,-3
1220,HHPHHHPH,-3
1221,HHPHHHPH,-3
1222,HHPHHHPH,-3
1223,HHPHHHPH,-3
1224,HHPHHHPH,-3
1225,HHPHHHPH,-3
1226,HHPHHHPH,-3
1227,HHPHHHPH,-3
1228,HHPHHHPH,-3
1229,HHPHHHPH,-3
1230,HHPHHHPH,-3
1231,HHPHHHPH,-3
1232,HHPHHHPH,-3
1233,HHPHHHPH,-3
1234,HHPHHHPH,-3
1235,HHPHHHPH,-3
1236,HHPHHHPH,-3
1237,HHPHHHPH,-3
1238,HHPHHHPH,-3
1239,HHPHHHPH,-3
1240,HHPHHHPH,-3
1241,HHPHHHPH,-3
1242,HHPHHHPH,-3
1243,HHPHHHPH,-3
1244,HHPHHHPH,-3
1245,HHPHHHPH,-3
1246,HHPHHHPH,-3
1247,HHPHHHPH,-3
1248,HHPHHHPH,-3
1249,HHPHHHPH,-3
1250,HHPHHHPH,-3
1251,HHPHHHPH,-3
1252,HHPHHHPH,-3
1253,HHPHHHPH,-3
1254,HHPHHHPH,-3
1255,HHPHHHPH,-3
1256,HHPHHHPH,-3
1257,HHPHHHPH,-3
1258,HHPHHHPH,-3
1259,HHPHHHPH,-3
1260,HHPHHHPH,-3
1261,HHPHHHPH,-3
1262,HHPHHHPH,-3
1263,HHPHHHPH,-3
1264,HHPHHHPH,-3
1265,HHPHHHPH,-3
1266,HHPHHHPH,-3
1267,HHPHHHPH,-3
1268,HHPHHHPH,-3
1269,HHPHHHPH,-3
1270,HHPHHHPH,-3
1271,HHPHHHPH,-3
1272,HHPHHHPH,-3
1273,HHPHHHPH,-3
1274,HHPHHHPH,-3
1275,HHPHHHPH,-3
1276,HHPHHHPH,-3
1277,HHPHHHPH,-3
1278,HHPHHHPH,-3
1279,HHPHHHPH,-3
1280,HHPHHHPH,-3
1281,HHPHHHPH,-3
1282,HHPHHHPH,-3
1283,HHPHHHPH,-3
1284,HHPHHHPH,-3
1285,HHPHHHPH,-3
1286,HHPHHHPH,-3
1287,HHPHHHPH,-3
1288,HHPHHHPH,-3
1289,HHPHHHPH,-3
1290,HHPHHHPH,-3
1291,HHPHHHPH,-3
1292,HHPHHHPH,-3
1293,HHPHHHPH,-3
1294,HHPHHHPH,-3
1295,HHPHHHPH,-3
1296,HHPHHHPH,-3
1297,HHPHHHPH,-3
1298,HHPHHHPH,-3
1299,HHPHHHPH,-3
1300,HHPHHHPH,-3
1301,HHPHHHPH,-3
1302,HHPHHHPH,-3
1303,HHPHHHPH,-3
1304,HHPHHHPH,-3
1305,HHPHHHPH,-3
1306,HHPHHHPH,-3
1307,HHPHHHPH,-3
1308,HHPHHHPH,-3
1309,HHPHHHPH,-3
1310,HHPHHHPH,-3
1311,HHPHHHPH,-3
1312,HHPHHHPH,-3
1313,HHPHHHPH,-3
1314,HHPHHHPH,-3
1315,HHPHHHPH,-3
1316,HHPHHHPH,-3
1317,HHPHHHPH,-3
1318,HHPHHHPH,-3
1319,HHPHHHPH,-3
1320,HHPHHHPH,-3
1321,HHPHHHPH,-3
1322,HHPHHHPH,-3
1323,HHPHHHPH,-3
1324,HHPHHHPH,-3
1325,HHPHHHPH,-3
1326,HHPHHHPH,-3
1327,HHPHHHPH,-3
1328,HHPHHHPH,-3
1329,HHPHHHPH,-3
1330,HHPHHHPH,-3
1331,HHPHHHPH,-3
1332,HHPHHHPH,-3
1333,HHPHHHPH,-3
1334,HHPHHHPH,-3
1335,HHPHHHPH,-3
1336,HHPHHHPH,-3
1337,HHPHHHPH,-3
1338,HHPHHHPH,-3
1339,HHPHHHPH,-3
1340,HHPHHHPH,-3
1341,HHPHHHPH,-3
1342,HHPHHHPH,-3
1343,HHPHHHPH,-3
1344,HHPHHHPH,-3
1345,HHPHHHPH,-3
1346,HHPHHHPH,-3
1347,HHPHHHPH,-3
1348,HHPHHHPH,-3
1349,HHPHHHPH,-3
1350,HHPHHHPH,-3
1351,HHPHHHPH,-3
1352,HHPHHHPH,-3
1353,HHPHHHPH,-3
1354,HHPHHHPH,-3
1355,HHPHHHPH,-3
1356,HHPHHHPH,-3
1357,HHPHHHPH,-3
1358,HHPHHHPH,-3
1359,HHPHHHPH,-3
1360,HHPHHHPH,-3
1361,HHPHHHPH,-3
1362,HHPHHHPH,-3
1363,HHPHHHPH,-3
1364,HHPHHHPH,-3
1365,HHPHHHPH,-3
1366,HHPHHHPH,-3
1367,HHPHHHPH,-3
1368,HHPHHHPH,-3
1369,HHPHHHPH,-3
1370,HHPHHHPH,-3
1371,HHPHHHPH,-3
1372,HHPHHHPH,-3
1373,HHPHHHPH,-3
1374,HHPHHHPH,-3
1375,HHPHHHPH,-3
1376,HHPHHHPH,-3
1377,HHPHHHPH,-3
1378,HHPHHHPH,-3
1379,HHPHHHPH,-3
1380,HHPHHHPH,-3
1381,HHPHHHPH,-3
1382,HHPHHHPH,-3
1383,HHPHHHPH,-3
1384,HHPHHHPH,-3
1385,HHPHHHPH,-3
1386,HHPHHHPH,-3
1387,HHPHHHPH,-3
1388,HHPHHHPH,-3
1389,HHPHHHPH,-3
1390,HHPHHHPH,-3
1391,HHPHHHPH,-3
1392,HHPHHHPH,-3
1393,HHPHHHPH,-3
1394,HHPHHHPH,-3
1395,HHPHHHPH,-3
1396,HHPHHHPH,-3
1397,HHPHHHPH,-3
1398,HHPHHHPH,-3
1399,HHPHHHPH,-3
1400,HHPHHHPH,-3
1401,HHPHHHPH,-3
1402,HHPHHHPH,-3
1403,HHPHHHPH,-3
1404,HHPHHHPH,-3
1405,HHPHHHPH,-3
1406,HHPHHHPH,-3
1407,HHPHHHPH,-3
1408,HHPHHHPH,-3
1409,HHPHHHPH,-3
1410,HHPHHHPH,-3
1411,HHPHHHPH,-3
1412,HHPHHHPH,-3
1413,HHPHHHPH,-3
1414,HHPHHHPH,-3
1415,HHPHHHPH,-3
1416,HHPHHHPH,-3
1417,HHPHHHPH,-3
1418,HHPHHHPH,-3
1419,HHPHHHPH,-3
1420,HHPHHHPH,-3
1421,HHPHHHPH,-3
1422,HHPHHHPH,-3
1423,HHPHHHPH,-3
1424,HHPHHHPH,-3
1425,HHPHHHPH,-3
1426,HHPHHHPH,-3
1427,HHPHHHPH,-3
1428,HHPHHHPH,-3
1429,HHPHHHPH,-3
1430,HHPHHHPH,-3
1431,HHPHHHPH,-3
1432,HHPHHHPH,-3
1433,HHPHHHPH,-3
1434,HHPHHHPH,-3
1435,HHPHHHPH,-3
1436,HHPHHHPH,-3
1437,HHPHHHPH,-3
1438,HHPHHHPH,-3
1439,HHPHHHPH,-3
1440,HHPHHHPH,-3
1441,HHPHHHPH,-3
1442,HHPHHHPH,-3
1443,HHPHHHPH,-3
1444,HHPHHHPH,-3
1445,HHPHHHPH,-3
1446,HHPHHHPH,-3
1447,HHPHHHPH,-3
1448,HHPHHHPH,-3
1449,HHPHHHPH,-3
1450,HHPHHHPH,-3
1451,HHPHHHPH,-3
1452,HHPHHHPH,-3
1453,HHPHHHPH,-3
1454,HHPHHHPH,-3
1455,HHPHHHPH,-3
1456,HHPHHHPH,-3
1457,HHPHHHPH,-3
1458,HHPHHHPH,-3
1459,HHPHHHPH,-3
1460,HHPHHHPH,-3
1461,HHPHHHPH,-3
1462,HHPHHHPH,-3
1463,HHPHHHPH,-3
1464,HHPHHHPH,-3
1465,HHPHHHPH,-3
1466,HHPHHHPH,-3
1467,HHPHHHPH,-3
1468,HHPHHHPH,-3
1469,HHPHHHPH,-3
1470,HHPHHHPH,-3
1471,HHPHHHPH,-3
1472,HHPHHHPH,-3
1473,HHPHHHPH,-3
1474,HHPHHHPH,-3
1475,HHPHHHPH,-3
1476,HHPHHHPH,-3
1477,HHPHHHPH,-3
1478,HHPHHHPH,-3
1479,HHPHHHPH,-3
1480,HHPHHHPH,-3
1481,HHPHHHPH,-3
1482,HHPHHHPH,-3
1483,HHPHHHPH,-3
1484,HHPHHHPH,-3
1485,HHPHHHPH,-3
1486,HHPHHHPH,-3
1487,HHPHHHPH,-3
1488,HHPHHHPH,-3
1489,HHPHHHPH,-3
1490,HHPHHHPH,-3
1491,HHPHHHPH,-3
1492,HHPHHHPH,-3
1493,HHPHHHPH,-3
1494,HHPHHHPH,-3
1495,HHPHHHPH,-3
1496,HHPHHHPH,-3
1497,HHPHHHPH,-3
1498,HHPHHHPH,-3
1499,HHPHHHPH,-3
1500,HHPHHHPH,-3
1501,HHPHHHPH,-3
1502,HHPHHHPH,-3
1503,HHPHHHPH,-3
1504,HHPHHHPH,-3
1505,HHPHHHPH,-3
1506,HHPHHHPH,-3
1507,HHPHHHPH,-3
1508,HHPHHHPH,-3
1509,HHPHHHPH,-3
1510,HHPHHHPH,-3
1511,HHPHHHPH,-3
1512,HHPHHHPH,-3
1513,HHPHHHPH,-3
1514,HHPHHHPH,-3
1515,HHPHHHPH,-3
1516,HHPHHHPH,-3
1517,HHPHHHPH,-3
1518,HHPHHHPH,-3
1519,HHPHHHPH,-3
1520,HHPHHHPH,-3
1521,HHPHHHPH,-3
1522,HHPHHHPH,-3
1523,HHPHHHPH,-3
1524,HHPHHHPH,-3
1525,HHPHHHPH,-3
1526,HHPHHHPH,-3
1527,HHPHHHPH,-3
1528,HHPHHHPH,-3
1529,HHPHHHPH,-3
1530,HHPHHHPH,-3
1531,HHPHHHPH,-3
1532,HHPHHHPH,-3
1533,HHPHHHPH,-3
1534,HHPHHHPH,-3
1535,HHPHHHPH,-3
1536,HHPHHHPH,-3
1537,HHPHHHPH,-3
1538,HHPHHHPH,-3
1539,HHPHHHPH,-3
1540,HHPHHHPH,-3
1541,HHPHHHPH,-3
1542,HHPHHHPH,-3
1543,HHPHHHPH,-3
1544,HHPHHHPH,-3
1545,HHPHHHPH,-3
1546,HHPHHHPH,-3
1547,HHPHHHPH,-3
1548,HHPHHHPH,-3
1549,HHPHHHPH,-3
1550,HHPHHHPH,-3
1551,HHPHHHPH,-3
1552,HHPHHHPH,-3
1553,HHPHHHPH,-3
1554,HHPHHHPH,-3
1555,HHPHHHPH,-3
1556,HHPHHHPH,-3
1557,HHPHHHPH,-3
1558,HHPHHHPH,-3
1559,HHPHHHPH,-3
1560,HHPHHHPH,-3
1561,HHPHHHPH,-3
1562,HHPHHHPH,-3
1563,HHPHHHPH,-3
1564,HHPHHHPH,-3
1565,HHPHHHPH,-3
1566,HHPHHHPH,-3
1567,HHPHHHPH,-3
1568,HHPHHHPH,-3
1569,HHPHHHPH,-3
1570,HHPHHHPH,-3
1571,HHPHHHPH,-3
1572,HHPHHHPH,-3
1573,HHPHHHPH,-3
1574,HHPHHHPH,-3
1575,HHPHHHPH,-3
1576,HHPHHHPH,-3
1577,HHPHHHPH,-3
1578,HHPHHHPH,-3
1579,HHPHHHPH,-3
1580,HHPHHHPH,-3
1581,HHPHHHPH,-3
1582,HHPHHHPH,-3
1583,HHPHHHPH,-3
1584,HHPHHHPH,-3
1585,HHPHHHPH,-3
1586,HHPHHHPH,-3
1587,HHPHHHPH,-3
1588,HHPHHHPH,-3
1589,HHPHHHPH,-3
1590,HHPHHHPH,-3
1591,HHPHHHPH,-3
1592,HHPHHHPH,-3
1593,HHPHHHPH,-3
1594,HHPHHHPH,-3
1595,HHPHHHPH,-3
1596,HHPHHHPH,-3
1597,HHPHHHPH,-3
1598,HHPHHHPH,-3
1599,HHPHHHPH,-3
1600,HHPHHHPH,-3
1601,HHPHHHPH,-3
1602,HHPHHHPH,-3
1603,HHPHHHPH,-3
1604,HHPHHHPH,-3
1605,HHPHHHPH,-3
1606,HHPHHHPH,-3
1607,HHPHHHPH,-3
1608,HHPHHHPH,-3
1609,HHPHHHPH,-3
1610,HHPHHHPH,-3
1611,HHPHHHPH,-3
1612,HHPHHHPH,-3
1613,HHPHHHPH,-3
1614,HHPHHHPH,-3
1615,HHPHHHPH,-3
1616,HHPHHHPH,-3
1617,HHPHHHPH,-3
1618,HHPHHHPH,-3
1619,HHPHHHPH,-3
1620,HHPHHHPH,-3
1621,HHPHHHPH,-3
1622,HHPHHHPH,-3
1623,HHPHHHPH,-3
1624,HHPHHHPH,-3
1625,HHPHHHPH,-3
1626,HHPHHHPH,-3
1627,HHPHHHPH,-3
1628,HHPHHHPH,-3
1629,HHPHHHPH,-3
1630,HHPHHHPH,-3
1631,HHPHHHPH,-3
1632,HHPHHHPH,-3
1633,HHPHHHPH,-3
1634,HHPHHHPH,-3
1635,HHPHHHPH,-3
1636,HHPHHHPH,-3
1637,HHPHHHPH,-3
1638,HHPHHHPH,-3
1639,HHPHHHPH,-3
1640,HHPHHHPH,-3
1641,HHPHHHPH,-3
1642,HHPHHHPH,-3
1643,HHPHHHPH,-3
1644,HHPHHHPH,-3
1645,HHPHHHPH,-3
1646,HHPHHHPH,-3
1647,HHPHHHPH,-3
1648,HHPHHHPH,-3
1649,HHPHHHPH,-3
1650,HHPHHHPH,-3
1651,HHPHHHPH,-3
1652,HHPHHHPH,-3
1653,HHPHHHPH,-3
1654,HHPHHHPH,-3
1655,HHPHHHPH,-3
1656,HHPHHHPH,-3
1657,HHPHHHPH,-3
1658,HHPHHHPH,-3
1659,HHPHHHPH,-3
1660,HHPHHHPH,-3
1661,HHPHHHPH,-3
1662,HHPHHHPH,-3
1663,HHPHHHPH,-3
1664,HHPHHHPH,-3
1665,HHPHHHPH,-3
1666,HHPHHHPH,-3
1667,HHPHHHPH,-3
1668,HHPHHHPH,-3
1669,HHPHHHPH,-3
1670,HHPHHHPH,-3
1671,HHPHHHPH,-3
1672,HHPHHHPH,-3
1673,HHPHHHPH,-3
1674,HHPHHHPH,-3
1675,HHPHHHPH,-3
1676,HHPHHHPH,-3
1677,HHPHHHPH,-3
1678,HHPHHHPH,-3
1679,HHPHHHPH,-3
1680,HHPHHHPH,-3
1681,HHPHHHPH,-3
1682,HHPHHHPH,-3
1683,HHPHHHPH,-3
1684,HHPHHHPH,-3
1685,HHPHHHPH,-3
1686,HHPHHHPH,-3
1687,HHPHHHPH,-3
1688,HHPHHHPH,-3
1689,HHPHHHPH,-3
1690,HHPHHHPH,-3
1691,HHPHHHPH,-3
1692,HHPHHHPH,-3
1693,HHPHHHPH,-3
1694,HHPHHHPH,-3
1695,HHPHHHPH,-3
1696,HHPHHHPH,-3
1697,HHPHHHPH,-3
1698,HHPHHHPH,-3
1699,HHPHHHPH,-3
1700,HHPHHHPH,-3
1701,HHPHHHPH,-3
1702,HHPHHHPH,-3
1703,HHPHHHPH,-3
1704,HHPHHHPH,-3
1705,HHPHHHPH,-3
1706,HHPHHHPH,-3
1707,HHPHHHPH,-3
1708,HHPHHHPH,-3
1709,HHPHHHPH,-3
1710,HHPHHHPH,-3
1711,HHPHHHPH,-3
1712,HHPHHHPH,-3
1713,HHPHHHPH,-3
1714,HHPHHHPH,-3
1715,HHPHHHPH,-3
1716,HHPHHHPH,-3
1717,HHPHHHPH,-3
1718,HHPHHHPH,-3
1719,HHPHHHPH,-3
1720,HHPHHHPH,-3
1721,HHPHHHPH,-3
1722,HHPHHHPH,-3
1723,HHPHHHPH,-3
1724,HHPHHHPH,-3
1725,HHPHHHPH,-3
1726,HHPHHHPH,-3
1727,HHPHHHPH,-3
1728,HHPHHHPH,-3
1729,HHPHHHPH,-3
1730,HHPHHHPH,-3
1731,HHPHHHPH,-3
1732,HHPHHHPH,-3
1733,HHPHHHPH,-3
1734,HHPHHHPH,-3
1735,HHPHHHPH,-3
1736,HHPHHHPH,-3
1737,HHPHHHPH,-3
1738,HHPHHHPH,-3
1739,HHPHHHPH,-3
1740,HHPHHHPH,-3
1741,HHPHHHPH,-3
1742,HHPHHHPH,-3
1743,HHPHHHPH,-3
1744,HHPHHHPH,-3
1745,HHPHHHPH,-3
1746,HHPHHHPH,-3
1747,HHPHHHPH,-3
1748,HHPHHHPH,-3
1749,HHPHHHPH,-3
1750,HHPHHHPH,-3
1751,HHPHHHPH,-3
1752,HHPHHHPH,-3
1753,HHPHHHPH,-3
1754,HHPHHHPH,-3
1755,HHPHHHPH,-3
1756,HHPHHHPH,-3
1757,HHPHHHPH,-3
1758,HHPHHHPH,-3
1759,HHPHHHPH,-3
1760,HHPHHHPH,-3
1761,HHPHHHPH,-3
1762,HHPHHHPH,-3
1763,HHPHHHPH,-3
1764,HHPHHHPH,-3
1765,HHPHHHPH,-3
1766,HHPHHHPH,-3
1767,HHPHHHPH,-3
1768,HHPHHHPH,-3
1769,HHPHHHPH,-3
1770,HHPHHHPH,-3
1771,HHPHHHPH,-3
1772,HHPHHHPH,-3
1773,HHPHHHPH,-3
1774,HHPHHHPH,-3
1775,HHPHHHPH,-3
1776,HHPHHHPH,-3
1777,HHPHHHPH,-3
1778,HHPHHHPH,-3
1779,HHPHHHPH,-3
1780,HHPHHHPH,-3
1781,HHPHHHPH,-3
1782,HHPHHHPH,-3
1783,HHPHHHPH,-3
1784,HHPHHHPH,-3
1785,HHPHHHPH,-3
1786,HHPHHHPH,-3
1787,HHPHHHPH,-3
1788,HHPHHHPH,-3
1789,HHPHHHPH,-3
1790,HHPHHHPH,-3
1791,HHPHHHPH,-3
1792,HHPHHHPH,-3
1793,HHPHHHPH,-3
1794,HHPHHHPH,-3
1795,HHPHHHPH,-3
1796,HHPHHHPH,-3
1797,HHPHHHPH,-3
1798,HHPHHHPH,-3
1799,HHPHHHPH,-3
1800,HHPHHHPH,-3
1801,HHPHHHPH,-3
1802,HHPHHHPH,-3
1803,HHPHHHPH,-3
1804,HHPHHHPH,-3
1805,HHPHHHPH,-3
1806,HHPHHHPH,-3
1807,HHPHHHPH,-3
1808,HHPHHHPH,-3
1809,HHPHHHPH,-3
1810,HHPHHHPH,-3
1811,HHPHHHPH,-3
1812,HHPHHHPH,-3
1813,HHPHHHPH,-3
1814,HHPHHHPH,-3
1815,HHPHHHPH,-3
1816,HHPHHHPH,-3
1817,HHPHHHPH,-3
1818,HHPHHHPH,-3
1819,HHPHHHPH,-3
1820,HHPHHHPH,-3
1821,HHPHHHPH,-3
1822,HHPHHHPH,-3
1823,HHPHHHPH,-3
1824,HHPHHHPH,-3
1825,HHPHHHPH,-3
1826,HHPHHHPH,-3
1827,HHPHHHPH,-3
1828,HHPHHHPH,-3
1829,HHPHHHPH,-3
1830,HHPHHHPH,-3
1831,HHPHHHPH,-3
1832,HHPHHHPH,-3
1833,HHPHHHPH,-3
1834,HHPHHHPH,-3
1835,HHPHHHPH,-3
1836,HHPHHHPH,-3
1837,HHPHHHPH,-3
1838,HHPHHHPH,-3
1839,HHPHHHPH,-3
1840,HHPHHHPH,-3
1841,HHPHHHPH,-3
1842,HHPHHHPH,-3
1843,HHPHHHPH,-3
1844,HHPHHHPH,-3
1845,HHPHHHPH,-3
1846,HHPHHHPH,-3
1847,HHPHHHPH,-3
1848,HHPHHHPH,-3
1849,HHPHHHPH,-3
1850,HHPHHHPH,-3
1851,HHPHHHPH,-3
1852,HHPHHHPH,-3
1853,HHPHHHPH,-3
1854,HHPHHHPH,-3
1855,HHPHHHPH,-3
1856,HHPHHHPH,-3
1857,HHPHHHPH,-3
1858,HHPHHHPH,-3
1859,HHPHHHPH,-3
1860,HHPHHHPH,-3
1861,HHPHHHPH,-3
1862,HHPHHHPH,-3
1863,HHPHHHPH,-3
1864,HHPHHHPH,-3
1865,HHPHHHPH,-3
1866,HHPHHHPH,-3
1867,HHPHHHPH,-3
1868,HHPHHHPH,-3
1869,HHPHHHPH,-3
1870,HHPHHHPH,-3
1871,HHPHHHPH,-3
1872,HHPHHHPH,-3
1873,HHPHHHPH,-3
1874,HHPHHHPH,-3
1875,HHPHHHPH,-3
1876,HHPHHHPH,-3
1877,HHPHHHPH,-3
1878,HHPHHHPH,-3
1879,HHPHHHPH,-3
1880,HHPHHHPH,-3
1881,HHPHHHPH,-3
1882,HHPHHHPH,-3
1883,HHPHHHPH,-3
1884,HHPHHHPH,-3
1885,HHPHHHPH,-3
1886,HHPHHHPH,-3
1887,HHPHHHPH,-3
1888,HHPHHHPH,-3
1889,HHPHHHPH,-3
1890,HHPHHHPH,-3
1891,HHPHHHPH,-3
1892,HHPHHHPH,-3
1893,HHPHHHPH,-3
1894,HHPHHHPH,-3
1895,HHPHHHPH,-3
1896,HHPHHHPH,-3
1897,HHPHHHPH,-3
1898,HHPHHHPH,-3
1899,HHPHHHPH,-3
1900,HHPHHHPH,-3
1901,HHPHHHPH,-3
1902,HHPHHHPH,-3
1903,HHPHHHPH,-3
1904,HHPHHHPH,-3
1905,HHPHHHPH,-3
1906,HHPHHHPH,-3
1907,HHPHHHPH,-3
1908,HHPHHHPH,-3
1909,HHPHHHPH,-3
1910,HHPHHHPH,-3
1911,HHPHHHPH,-3
1912,HHPHHHPH,-3
1913,HHPHHHPH,-3
1914,HHPHHHPH,-3
1915,HHPHHHPH,-3
1916,HHPHHHPH,-3
1917,HHPHHHPH,-3
1918,HHPHHHPH,-3
1919,HHPHHHPH,-3
1920,HHPHHHPH,-3
1921,HHPHHHPH,-3
1922,HHPHHHPH,-3
1923,HHPHHHPH,-3
1924,HHPHHHPH,-3
1925,HHPHHHPH,-3
1926,HHPHHHPH,-3
1927,HHPHHHPH,-3
1928,HHPHHHPH,-3
1929,HHPHHHPH,-3
1930,HHPHHHPH,-3
1931,HHPHHHPH,-3
1932,HHPHHHPH,-3
1933,HHPHHHPH,-3
1934,HHPHHHPH,-3
1935,HHPHHHPH,-3
1936,HHPHHHPH,-3
1937,HHPHHHPH,-3
1938,HHPHHHPH,-3
1939,HHPHHHPH,-3
1940,HHPHHHPH,-3
1941,HHPHHHPH,-3
1942,HHPHHHPH,-3
1943,HHPHHHPH,-3
1944,HHPHHHPH,-3
1945,HHPHHHPH,-3
1946,HHPHHHPH,-3
1947,HHPHHHPH,-3
1948,HHPHHHPH,-3
1949,HHPHHHPH,-3
1950,HHPHHHPH,-3
1951,HHPHHHPH,-3
1952,HHPHHHPH,-3
1953,HHPHHHPH,-3
1954,HHPHHHPH,-3
1955,HHPHHHPH,-3
1956,HHPHHHPH,-3
1957,HHPHHHPH,-3
1958,HHPHHHPH,-3
1959,HHPHHHPH,-3
1960,HHPHHHPH,-3
1961,HHPHHHPH,-3
1962,HHPHHHPH,-3
1963,HHPHHHPH,-3
1964,HHPHHHPH,-3
1965,HHPHHHPH,-3
1966,HHPHHHPH,-3
1967,HHPHHHPH,-3
1968,HHPHHHPH,-3
1969,HHPHHHPH,-3
1970,HHPHHHPH,-3
1971,HHPHHHPH,-3
1972,HHPHHHPH,-3
1973,HHPHHHPH,-3
1974,HHPHHHPH,-3
1975,HHPHHHPH,-3
1976,HHPHHHPH,-3
1977,HHPHHHPH,-3
1978,HHPHHHPH,-3
1979,HHPHHHPH,-3
1980,HHPHHHPH,-3
1981,HHPHHHPH,-3
1982,HHPHHHPH,-3
1983,HHPHHHPH,-3
1984,HHPHHHPH,-3
1985,HHPHHHPH,-3
1986,HHPHHHPH,-3
1987,HHPHHHPH,-3
1988,HHPHHHPH,-3
1989,HHPHHHPH,-3
1990,HHPHHHPH,-3
1991,HHPHHHPH,-3
1992,HHPHHHPH,-3
1993,HHPHHHPH,-3
1994,HHPHHHPH,-3
1995,HHPHHHPH,-3
1996,HHPHHHPH,-3
1997,HHPHHHPH,-3
1998,HHPHHHPH,-3
1999,HHPHHHPH,-3
2000,HHPHHHPH,-3
2001,HHPHHHPH,-3
2002,HHPHHHPH,-3
2003,HHPHHHPH,-3
2004,HHPHHHPH,-3
2005,HHPHHHPH,-3
2006,HHPHHHPH,-3
2007,HHPHHHPH,-3
2008,HHPHHHPH,-3
2009,HHPHHHPH,-3
2010,HHPHHHPH,-3
2011,HHPHHHPH,-3
2012,HHPHHHPH,-3
2013,HHPHHHPH,-3
2014,HHPHHHPH,-3
2015,HHPHHHPH,-3
2016,HHPHHHPH,-3
2017,HHPHHHPH,-3
2018,HHPHHHPH,-3
2019,HHPHHHPH,-3
2020,HHPHHHPH,-3
2021,HHPHHHPH,-3
2022,HHPHHHPH,-3
2023,HHPHHHPH,-3
2024,HHPHHHPH,-3
2025,HHPHHHPH,-3
2026,HHPHHHPH,-3
2027,HHPHHHPH,-3
2028,HHPHHHPH,-3
2029,HHPHHHPH,-3
2030,HHPHHHPH,-3
2031,HHPHHHPH,-3
2032,HHPHHHPH,-3
2033,HHPHHHPH,-3
2034,HHPHHHPH,-3
2035,HHPHHHPH,-3
2036,HHPHHHPH,-3
2037,HHPHHHPH,-3
2038,HHPHHHPH,-3
2039,HHPHHHPH,-3
2040,HHPHHHPH,-3
2041,HHPHHHPH,-3
2042,HHPHHHPH,-3
2043,HHPHHHPH,-3
2044,HHPHHHPH,-3
2045,HHPHHHPH,-3
2046,HHPHHHPH,-3
2047,HHPHHHPH,-3
2048,HHPHHHPH,-3
2049,HHPHHHPH,-3
2050,HHPHHHPH,-3
2051,HHPHHHPH,-3
2052,HHPHHHPH,-3
2053,HHPHHHPH,-3
2054,HHPHHHPH,-3
2055,HHPHHHPH,-3
2056,HHPHHHPH,-3
2057,HHPHHHPH,-3
2058,HHPHHHPH,-3
2059,HHPHHHPH,-3
2060,HHPHHHPH,-3
2061,HHPHHHPH,-3
2062,HHPHHHPH,-3
2063,HHPHHHPH,-3
2064,HHPHHHPH,-3
2065,HHPHHHPH,-3
2066,HHPHHHPH,-3
2067,HHPHHHPH,-3
2068,HHPHHHPH,-3
2069,HHPHHHPH,-3
2070,HHPHHHPH,-3
2071,HHPHHHPH,-3
2072,HHPHHHPH,-3
2073,HHPHHHPH,-3
2074,HHPHHHPH,-3
2075,HHPHHHPH,-3
2076,HHPHHHPH,-3
2077,HHPHHHPH,-3
2078,HHPHHHPH,-3
2079,HHPHHHPH,-3
2080,HHPHHHPH,-3
2081,HHPHHHPH,-3
2082,HHPHHHPH,-3
2083,HHPHHHPH,-3
2084,HHPHHHPH,-3
2085,HHPHHHPH,-3
2086,HHPHHHPH,-3
2087,HHPHHHPH,-3
2088,HHPHHHPH,-3
2089,HHPHHHPH,-3
2090,HHPHHHPH,-3
2091,HHPHHHPH,-3
2092,HHPHHHPH,-3
2093,HHPHHHPH,-3
2094,HHPHHHPH,-3
2095,HHPHHHPH,-3
2096,HHPHHHPH,-3
2097,HHPHHHPH,-3
2098,HHPHHHPH,-3
2099,HHPHHHPH,-3
2100,HHPHHHPH,-3
2101,HHPHHHPH,-3
2102,HHPHHHPH,-3
2103,HHPHHHPH,-3
2104,HHPHHHPH,-3
2105,HHPHHHPH,-3
2106,HHPHHHPH,-3
2107,HHPHHHPH,-3
2108,HHPHHHPH,-3
2109,HHPHHHPH,-3
2110,HHPHHHPH,-3
2111,HHPHHHPH,-3
2112,HHPHHHPH,-3
2113,HHPHHHPH,-3
2114,HHPHHHPH,-3
2115,HHPHHHPH,-3
2116,HHPHHHPH,-3
2117,HHPHHHPH,-3
2118,HHPHHHPH,-3
2119,HHPHHHPH,-3
2120,HHPHHHPH,-3
2121,HHPHHHPH,-3
2122,HHPHHHPH,-3
2123,HHPHHHPH,-3
2124,HHPHHHPH,-3
2125,HHPHHHPH,-3
2126,HHPHHHPH,-3
2127,HHPHHHPH,-3
2128,HHPHHHPH,-3
2129,HHPHHHPH,-3
2130,HHPHHHPH,-3
2131,HHPHHHPH,-3
2132,HHPHHHPH,-3
2133,HHPHHHPH,-3
2134,HHPHHHPH,-3
2135,HHPHHHPH,-3
2136,HHPHHHPH,-3
2137,HHPHHHPH,-3
2138,HHPHHHPH,-3
2139,HHPHHHPH,-3
2140,HHPHHHPH,-3
2141,HHPHHHPH,-3
2142,HHPHHHPH,-3
2143,HHPHHHPH,-3
2144,HHPHHHPH,-3
2145,HHPHHHPH,-3
2146,HHPHHHPH,-3
2147,HHPHHHPH,-3
2148,HHPHHHPH,-3
2149,HHPHHHPH,-3
2150,HHPHHHPH,-3
2151,HHPHHHPH,-3
2152,HHPHHHPH,-3
2153,HHPHHHPH,-3
2154,HHPHHHPH,-3
2155,HHPHHHPH,-3
2156,HHPHHHPH,-3
2157,HHPHHHPH,-3
2158,HHPHHHPH,-3
2159,HHPHHHPH,-3
2160,HHPHHHPH,-3
2161,HHPHHHPH,-3
2162,HHPHHHPH,-3
2163,HHPHHHPH,-3
2164,HHPHHHPH,-3
2165,HHPHHHPH,-3
2166,HHPHHHPH,-3
2167,HHPHHHPH,-3
2168,HHPHHHPH,-3
2169,HHPHHHPH,-3
2170,HHPHHHPH,-3
2171,HHPHHHPH,-3
2172,HHPHHHPH,-3
2173,HHPHHHPH,-3
2174,HHPHHHPH,-3
2175,HHPHHHPH,-3
2176,HHPHHHPH,-3
2177,HHPHHHPH,-3
2178,HHPHHHPH,-3
2179,HHPHHHPH,-3
2180,HHPHHHPH,-3
2181,HHPHHHPH,-3
2182,HHPHHHPH,-3
2183,HHPHHHPH,-3
2184,HHPHHHPH,-3
2185,HHPHHHPH,-3
2186,HHPHHHPH,-3
2187,HHPHHHPH,-3
2188,HHPHHHPH,-3
2189,HHPHHHPH,-3
2190,HHPHHHPH,-3
2191,HHPHHHPH,-3
2192,HHPHHHPH,-3
2193,HHPHHHPH,-3
2194,HHPHHHPH,-3
2195,HHPHHHPH,-3
2196,HHPHHHPH,-3
2197,HHPHHHPH,-3
2198,HHPHHHPH,-3
2199,HHPHHHPH,-3
2200,HHPHHHPH,-3
2201,HHPHHHPH,-3
2202,HHPHHHPH,-3
2203,HHPHHHPH,-3
2204,HHPHHHPH,-3
2205,HHPHHHPH,-3
2206,HHPHHHPH,-3
2207,HHPHHHPH,-3
2208,HHPHHHPH,-3
2209,HHPHHHPH,-3
2210,HHPHHHPH,-3
2211,HHPHHHPH,-3
2212,HHPHHHPH,-3
2213,HHPHHHPH,-3
2214,HHPHHHPH,-3
2215,HHPHHHPH,-3
2216,HHPHHHPH,-3
2217,HHPHHHPH,-3
2218,HHPHHHPH,-3
2219,HHPHHHPH,-3
2220,HHPHHHPH,-3
2221,HHPHHHPH,-3
2222,HHPHHHPH,-3
2223,HHPHHHPH,-3
2224,HHPHHHPH,-3
2225,HHPHHHPH,-3
2226,HHPHHHPH,-3
2227,HHPHHHPH,-3
2228,HHPHHHPH,-3
2229,HHPHHHPH,-3
2230,HHPHHHPH,-3
2231,HHPHHHPH,-3
2232,HHPHHHPH,-3
2233,HHPHHHPH,-3
2234,HHPHHHPH,-3
2235,HHPHHHPH,-3
2236,HHPHHHPH,-3
2237,HHPHHHPH,-3
2238,HHPHHHPH,-3
2239,HHPHHHPH,-3
2240,HHPHHHPH,-3
2241,HHPHHHPH,-3
2242,HHPHHHPH,-3
2243,HHPHHHPH,-3
2244,HHPHHHPH,-3
2245,HHPHHHPH,-3
2246,HHPHHHPH,-3
2247,HHPHHHPH,-3
2248,HHPHHHPH,-3
2249,HHPHHHPH,-3
2250,HHPHHHPH,-3
2251,HHPHHHPH,-3
2252,HHPHHHPH,-3
2253,HHPHHHPH,-3
2254,HHPHHHPH,-3
2255,HHPHHHPH,-3
2256,HHPHHHPH,-3
2257,HHPHHHPH,-3
2258,HHPHHHPH,-3
2259,HHPHHHPH,-3
2260,HHPHHHPH,-3
2261,HHPHHHPH,-3
2262,HHPHHHPH,-3
2263,HHPHHHPH,-3
2264,HHPHHHPH,-3
2265,HHPHHHPH,-3
2266,HHPHHHPH,-3
2267,HHPHHHPH,-3
2268,HHPHHHPH,-3
2269,HHPHHHPH,-3
2270,HHPHHHPH,-3
2271,HHPHHHPH,-3
2272,HHPHHHPH,-3
2273,HHPHHHPH,-3
2274,HHPHHHPH,-3
2275,HHPHHHPH,-3
2276,HHPHHHPH,-3
2277,HHPHHHPH,-3
2278,HHPHHHPH,-3
2279,HHPHHHPH,-3
2280,HHPHHHPH,-3
2281,HHPHHHPH,-3
2282,HHPHHHPH,-3
2283,HHPHHHPH,-3
2284,HHPHHHPH,-3
2285,HHPHHHPH,-3
2286,HHPHHHPH,-3
2287,HHPHHHPH,-3
2288,HHPHHHPH,-3
2289,HHPHHHPH,-3
2290,HHPHHHPH,-3
2291,HHPHHHPH,-3
2292,HHPHHHPH,-3
2293,HHPHHHPH,-3
2294,HHPHHHPH,-3
2295,HHPHHHPH,-3
2296,HHPHHHPH,-3
2297,HHPHHHPH,-3
2298,HHPHHHPH,-3
2299,HHPHHHPH,-3
2300,HHPHHHPH,-3
2301,HHPHHHPH,-3
2302,HHPHHHPH,-3
2303,HHPHHHPH,-3
2304,HHPHHHPH,-3
2305,HHPHHHPH,-3
2306,HHPHHHPH,-3
2307,HHPHHHPH,-3
2308,HHPHHHPH,-3
2309,HHPHHHPH,-3
2310,HHPHHHPH,-3
2311,HHPHHHPH,-3
2312,HHPHHHPH,-3
2313,HHPHHHPH,-3
2314,HHPHHHPH,-3
2315,HHPHHHPH,-3
2316,HHPHHHPH,-3
2317,HHPHHHPH,-3
2318,HHPHHHPH,-3
2319,HHPHHHPH,-3
2320,HHPHHHPH,-3
2321,HHPHHHPH,-3
2322,HHPHHHPH,-3
2323,HHPHHHPH,-3
2324,HHPHHHPH,-3
2325,HHPHHHPH,-3
2326,HHPHHHPH,-3
2327,HHPHHHPH,-3
2328,HHPHHHPH,-3
2329,HHPHHHPH,-3
2330,HHPHHHPH,-3
2331,HHPHHHPH,-3
2332,HHPHHHPH,-3
2333,HHPHHHPH,-3
2334,HHPHHHPH,-3
2335,HHPHHHPH,-3
2336,HHPHHHPH,-3
2337,HHPHHHPH,-3
2338,HHPHHHPH,-3
2339,HHPHHHPH,-3
2340,HHPHHHPH,-3
2341,HHPHHHPH,-3
2342,HHPHHHPH,-3
2343,HHPHHHPH,-3
2344,HHPHHHPH,-3
2345,HHPHHHPH,-3
2346,HHPHHHPH,-3
2347,HHPHHHPH,-3
2348,HHPHHHPH,-3
2349,HHPHHHPH,-3
2350,HHPHHHPH,-3
2351,HHPHHHPH,-3
2352,HHPHHHPH,-3
2353,HHPHHHPH,-3
2354,HHPHHHPH,-3
2355,HHPHHHPH,-3
2356,HHPHHHPH,-3
2357,HHPHHHPH,-3
2358,HHPHHHPH,-3
2359,HHPHHHPH,-3
2360,HHPHHHPH,-3
2361,HHPHHHPH,-3
2362,HHPHHHPH,-3
2363,HHPHHHPH,-3
2364,HHPHHHPH,-3
2365,HHPHHHPH,-3
2366,HHPHHHPH,-3
2367,HHPHHHPH,-3
2368,HHPHHHPH,-3
2369,HHPHHHPH,-3
2370,HHPHHHPH,-3
2371,HHPHHHPH,-3
2372,HHPHHHPH,-3
2373,HHPHHHPH,-3
2374,HHPHHHPH,-3
2375,HHPHHHPH,-3
2376,HHPHHHPH,-3
2377,HHPHHHPH,-3
2378,HHPHHHPH,-3
2379,HHPHHHPH,-3
2380,HHPHHHPH,-3
2381,HHPHHHPH,-3
2382,HHPHHHPH,-3
2383,HHPHHHPH,-3
2384,HHPHHHPH,-3
2385,HHPHHHPH,-3
2386,HHPHHHPH,-3
2387,HHPHHHPH,-3
2388,HHPHHHPH,-3
2389,HHPHHHPH,-3
2390,HHPHHHPH,-3
2391,HHPHHHPH,-3
2392,HHPHHHPH,-3
2393,HHPHHHPH,-3
2394,HHPHHHPH,-3
2395,HHPHHHPH,-3
2396,HHPHHHPH,-3
2397,HHPHHHPH,-3
2398,HHPHHHPH,-3
2399,HHPHHHPH,-3
2400,HHPHHHPH,-3
2401,HHPHHHPH,-3
2402,HHPHHHPH,-3
2403,HHPHHHPH,-3
2404,HHPHHHPH,-3
2405,HHPHHHPH,-3
2406,HHPHHHPH,-3
2407,HHPHHHPH,-3
2408,HHPHHHPH,-3
2409,HHPHHHPH,-3
2410,HHPHHHPH,-3
2411,HHPHHHPH,-3
2412,HHPHHHPH,-3
2413,HHPHHHPH,-3
2414,HHPHHHPH,-3
2415,HHPHHHPH,-3
2416,HHPHHHPH,-3
2417,HHPHHHPH,-3
2418,HHPHHHPH,-3
2419,HHPHHHPH,-3
2420,HHPHHHPH,-3
2421,HHPHHHPH,-3
2422,HHPHHHPH,-3
2423,HHPHHHPH,-3
2424,HHPHHHPH,-3
2425,HHPHHHPH,-3
2426,HHPHHHPH,-3
2427,HHPHHHPH,-3
2428,HHPHHHPH,-3
2429,HHPHHHPH,-3
2430,HHPHHHPH,-3
2431,HHPHHHPH,-3
2432,HHPHHHPH,-3
2433,HHPHHHPH,-3
2434,HHPHHHPH,-3
2435,HHPHHHPH,-3
2436,HHPHHHPH,-3
2437,HHPHHHPH,-3
2438,HHPHHHPH,-3
2439,HHPHHHPH,-3
2440,HHPHHHPH,-3
2441,HHPHHHPH,-3
2442,HHPHHHPH,-3
2443,HHPHHHPH,-3
2444,HHPHHHPH,-3
2445,HHPHHHPH,-3
2446,HHPHHHPH,-3
2447,HHPHHHPH,-3
2448,HHPHHHPH,-3
2449,HHPHHHPH,-3
2450,HHPHHHPH,-3
2451,HHPHHHPH,-3
2452,HHPHHHPH,-3
2453,HHPHHHPH,-3
2454,HHPHHHPH,-3
2455,HHPHHHPH,-3
2456,HHPHHHPH,-3
2457,HHPHHHPH,-3
2458,HHPHHHPH,-3
2459,HHPHHHPH,-3
2460,HHPHHHPH,-3
2461,HHPHHHPH,-3
2462,HHPHHHPH,-3
2463,HHPHHHPH,-3
2464,HHPHHHPH,-3
2465,HHPHHHPH,-3
2466,HHPHHHPH,-3
2467,HHPHHHPH,-3
2468,HHPHHHPH,-3
2469,HHPHHHPH,-3
2470,HHPHHHPH,-3
2471,HHPHHHPH,-3
2472,HHPHHHPH,-3
2473,HHPHHHPH,-3
2474,HHPHHHPH,-3
2475,HHPHHHPH,-3
2476,HHPHHHPH,-3
2477,HHPHHHPH,-3
2478,HHPHHHPH,-3
2479,HHPHHHPH,-3
2480,HHPHHHPH,-3
2481,HHPHHHPH,-3
2482,HHPHHHPH,-3
2483,HHPHHHPH,-3
2484,HHPHHHPH,-3
2485,HHPHHHPH,-3
2486,HHPHHHPH,-3
2487,HHPHHHPH,-3
2488,HHPHHHPH,-3
2489,HHPHHHPH,-3
2490,HHPHHHPH,-3
2491,HHPHHHPH,-3
2492,HHPHHHPH,-3
2493,HHPHHHPH,-3
2494,HHPHHHPH,-3
2495,HHPHHHPH,-3
2496,HHPHHHPH,-3
2497,HHPHHHPH,-3
2498,HHPHHHPH,-3
2499,HHPHHHPH,-3

Average:,-3.0


0,HHPHHHPHPHHHPH,-4
1,HHPHHHPHPHHHPH,-4
2,HHPHHHPHPHHHPH,-4
3,HHPHHHPHPHHHPH,-4
4,HHPHHHPHPHHHPH,-4
5,HHPHHHPHPHHHPH,-4
6,HHPHHHPHPHHHPH,-4
7,HHPHHHPHPHHHPH,-4
8,HHPHHHPHPHHHPH,-4
9,HHPHHHPHPHHHPH,-4
10,HHPHHHPHPHHHPH,-4
11,HHPHHHPHPHHHPH,-4
12,HHPHHHPHPHHHPH,-4
13,HHPHHHPHPHHHPH,-4
14,HHPHHHPHPHHHPH,-4
15,HHPHHHPHPHHHPH,-4
16,HHPHHHPHPHHHPH,-4
17,HHPHHHPHPHHHPH,-4
18,HHPHHHPHPHHHPH,-4
19,HHPHHHPHPHHHPH,-4
20,HHPHHHPHPHHHPH,-4
21,HHPHHHPHPHHHPH,-4
22,HHPHHHPHPHHHPH,-4
23,HHPHHHPHPHHHPH,-4
24,HHPHHHPHPHHHPH,-4
25,HHPHHHPHPHHHPH,-4
26,HHPHHHPHPHHHPH,-4
27,HHPHHHPHPHHHPH,-4
28,HHPHHHPHPHHHPH,-4
29,HHPHHHPHPHHHPH,-4
30,HHPHHHPHPHHHPH,-4
31,HHPHHHPHPHHHPH,-4
32,HHPHHHPHPHHHPH,-4
33,HHPHHHPHPHHHPH,-4
34,HHPHHHPHPHHHPH,-4
35,HHPHHHPHPHHHPH,-4
36,HHPHHHPHPHHHPH,-4
37,HHPHHHPHPHHHPH,-4
38,HHPHHHPHPHHHPH,-4
39,HHPHHHPHPHHHPH,-4
40,HHPHHHPHPHHHPH,-4
41,HHPHHHPHPHHHPH,-4
42,HHPHHHPHPHHHPH,-4
43,HHPHHHPHPHHHPH,-4
44,HHPHHHPHPHHHPH,-4
45,HHPHHHPHPHHHPH,-4
46,HHPHHHPHPHHHPH,-5
47,HHPHHHPHPHHHPH,-5
48,HHPHHHPHPHHHPH,-5
49,HHPHHHPHPHHHPH,-5
50,HHPHHHPHPHHHPH,-5
51,HHPHHHPHPHHHPH,-5
52,HHPHHHPHPHHHPH,-5
53,HHPHHHPHPHHHPH,-5
54,HHPHHHPHPHHHPH,-5
55,HHPHHHPHPHHHPH,-5
56,HHPHHHPHPHHHPH,-5
57,HHPHHHPHPHHHPH,-5
58,HHPHHHPHPHHHPH,-5
59,HHPHHHPHPHHHPH,-5
60,HHPHHHPHPHHHPH,-5
61,HHPHHHPHPHHHPH,-5
62,HHPHHHPHPHHHPH,-5
63,HHPHHHPHPHHHPH,-5
64,HHPHHHPHPHHHPH,-5
65,HHPHHHPHPHHHPH,-5
66,HHPHHHPHPHHHPH,-5
67,HHPHHHPHPHHHPH,-5
68,HHPHHHPHPHHHPH,-5
69,HHPHHHPHPHHHPH,-5
70,HHPHHHPHPHHHPH,-5
71,HHPHHHPHPHHHPH,-5
72,HHPHHHPHPHHHPH,-5
73,HHPHHHPHPHHHPH,-6
74,HHPHHHPHPHHHPH,-6
75,HHPHHHPHPHHHPH,-6
76,HHPHHHPHPHHHPH,-6
77,HHPHHHPHPHHHPH,-6
78,HHPHHHPHPHHHPH,-6
79,HHPHHHPHPHHHPH,-6
80,HHPHHHPHPHHHPH,-6
81,HHPHHHPHPHHHPH,-6
82,HHPHHHPHPHHHPH,-6
83,HHPHHHPHPHHHPH,-6
84,HHPHHHPHPHHHPH,-6
85,HHPHHHPHPHHHPH,-6
86,HHPHHHPHPHHHPH,-6
87,HHPHHHPHPHHHPH,-6
88,HHPHHHPHPHHHPH,-6
89,HHPHHHPHPHHHPH,-6
90,HHPHHHPHPHHHPH,-6
91,HHPHHHPHPHHHPH,-6
92,HHPHHHPHPHHHPH,-6
93,HHPHHHPHPHHHPH,-6
94,HHPHHHPHPHHHPH,-6
95,HHPHHHPHPHHHPH,-6
96,HHPHHHPHPHHHPH,-6
97,HHPHHHPHPHHHPH,-6
98,HHPHHHPHPHHHPH,-6
99,HHPHHHPHPHHHPH,-6
100,HHPHHHPHPHHHPH,-6
101,HHPHHHPHPHHHPH,-6
102,HHPHHHPHPHHHPH,-6
103,HHPHHHPHPHHHPH,-6
104,HHPHHHPHPHHHPH,-6
105,HHPHHHPHPHHHPH,-6
106,HHPHHHPHPHHHPH,-6
107,HHPHHHPHPHHHPH,-6
108,HHPHHHPHPHHHPH,-6
109,HHPHHHPHPHHHPH,-6
110,HHPHHHPHPHHHPH,-6
111,HHPHHHPHPHHHPH,-6
112,HHPHHHPHPHHHPH,-6
113,HHPHHHPHPHHHPH,-6
114,HHPHHHPHPHHHPH,-6
115,HHPHHHPHPHHHPH,-6
116,HHPHHHPHPHHHPH,-6
117,HHPHHHPHPHHHPH,-6
118,HHPHHHPHPHHHPH,-6
119,HHPHHHPHPHHHPH,-6
120,HHPHHHPHPHHHPH,-6
121,HHPHHHPHPHHHPH,-6
122,HHPHHHPHPHHHPH,-6
123,HHPHHHPHPHHHPH,-6
124,HHPHHHPHPHHHPH,-6
125,HHPHHHPHPHHHPH,-6
126,HHPHHHPHPHHHPH,-6
127,HHPHHHPHPHHHPH,-6
128,HHPHHHPHPHHHPH,-6
129,HHPHHHPHPHHHPH,-6
130,HHPHHHPHPHHHPH,-6
131,HHPHHHPHPHHHPH,-6
132,HHPHHHPHPHHHPH,-6
133,HHPHHHPHPHHHPH,-6
134,HHPHHHPHPHHHPH,-6
135,HHPHHHPHPHHHPH,-6
136,HHPHHHPHPHHHPH,-6
137,HHPHHHPHPHHHPH,-6
138,HHPHHHPHPHHHPH,-6
139,HHPHHHPHPHHHPH,-6
140,HHPHHHPHPHHHPH,-6
141,HHPHHHPHPHHHPH,-6
142,HHPHHHPHPHHHPH,-6
143,HHPHHHPHPHHHPH,-6
144,HHPHHHPHPHHHPH,-6
145,HHPHHHPHPHHHPH,-6
146,HHPHHHPHPHHHPH,-6
147,HHPHHHPHPHHHPH,-6
148,HHPHHHPHPHHHPH,-6
149,HHPHHHPHPHHHPH,-6
150,HHPHHHPHPHHHPH,-6
151,HHPHHHPHPHHHPH,-6
152,HHPHHHPHPHHHPH,-6
153,HHPHHHPHPHHHPH,-6
154,HHPHHHPHPHHHPH,-6
155,HHPHHHPHPHHHPH,-6
156,HHPHHHPHPHHHPH,-6
157,HHPHHHPHPHHHPH,-6
158,HHPHHHPHPHHHPH,-6
159,HHPHHHPHPHHHPH,-6
160,HHPHHHPHPHHHPH,-6
161,HHPHHHPHPHHHPH,-6
162,HHPHHHPHPHHHPH,-6
163,HHPHHHPHPHHHPH,-6
164,HHPHHHPHPHHHPH,-6
165,HHPHHHPHPHHHPH,-6
166,HHPHHHPHPHHHPH,-6
167,HHPHHHPHPHHHPH,-6
168,HHPHHHPHPHHHPH,-6
169,HHPHHHPHPHHHPH,-6
170,HHPHHHPHPHHHPH,-6
171,HHPHHHPHPHHHPH,-6
172,HHPHHHPHPHHHPH,-6
173,HHPHHHPHPHHHPH,-6
174,HHPHHHPHPHHHPH,-6
175,HHPHHHPHPHHHPH,-6
176,HHPHHHPHPHHHPH,-6
177,HHPHHHPHPHHHPH,-6
178,HHPHHHPHPHHHPH,-6
179,HHPHHHPHPHHHPH,-6
180,HHPHHHPHPHHHPH,-6
181,HHPHHHPHPHHHPH,-6
182,HHPHHHPHPHHHPH,-6
183,HHPHHHPHPHHHPH,-6
184,HHPHHHPHPHHHPH,-6
185,HHPHHHPHPHHHPH,-6
186,HHPHHHPHPHHHPH,-6
187,HHPHHHPHPHHHPH,-6
188,HHPHHHPHPHHHPH,-6
189,HHPHHHPHPHHHPH,-6
190,HHPHHHPHPHHHPH,-6
191,HHPHHHPHPHHHPH,-6
192,HHPHHHPHPHHHPH,-6
193,HHPHHHPHPHHHPH,-6
