Sequence,Score
HHPHHHPHPHHHPH,-4
HHPHHHPHPHHHPH,-3
HHPHHHPHPHHHPH,-5
HHPHHHPHPHHHPH,-6
HHPHHHPHPHHHPH,-3
HHPHHHPHPHHHPH,-4
HHPHHHPHPHHHPH,-4
HHPHHHPHPHHHPH,-6
HHPHHHPHPHHHPH,-5
HHPHHHPHPHHHPH,-5
HHPHHHPHPHHHPH,-3
HHPHHHPHPHHHPH,-4
HHPHHHPHPHHHPH,-5
HHPHHHPHPHHHPH,-5
HHPHHHPHPHHHPH,-5
HHPHHHPHPHHHPH,-5
HHPHHHPHPHHHPH,-6
HHPHHHPHPHHHPH,-3
HHPHHHPHPHHHPH,-6
HHPHHHPHPHHHPH,-4
HHPHHHPHPHHHPH,-4
HHPHHHPHPHHHPH,-5
HHPHHHPHPHHHPH,-6
HHPHHHPHPHHHPH,-4
HHPHHHPHPHHHPH,-5
HHPHHHPHPHHHPH,-4
HHPHHHPHPHHHPH,-3
HHPHHHPHPHHHPH,-4
HHPHHHPHPHHHPH,-5
HHPHHHPHPHHHPH,-4
HHPHHHPHPHHHPH,-6
HHPHHHPHPHHHPH,-6
HHPHHHPHPHHHPH,-4
HHPHHHPHPHHHPH,-6
HHPHHHPHPHHHPH,-5
HHPHHHPHPHHHPH,-5
HHPHHHPHPHHHPH,-4
HHPHHHPHPHHHPH,-5
HHPHHHPHPHHHPH,-6
HHPHHHPHPHHHPH,-4
HHPHHHPHPHHHPH,-4
HHPHHHPHPHHHPH,-4
HHPHHHPHPHHHPH,-3
HHPHHHPHPHHHPH,-4
HHPHHHPHPHHHPH,-5
HHPHHHPHPHHHPH,-6
HHPHHHPHPHHHPH,-4
HHPHHHPHPHHHPH,-5
HHPHHHPHPHHHPH,-5
HHPHHHPHPHHHPH,-6
HHPHHHPHPHHHPH,-3
HHPHHHPHPHHHPH,-5
HHPHHHPHPHHHPH,-5
HHPHHHPHPHHHPH,-4
HHPHHHPHPHHHPH,-3
HHPHHHPHPHHHPH,-4
HHPHHHPHPHHHPH,-5
HHPHHHPHPHHHPH,-5
HHPHHHPHPHHHPH,-4
HHPHHHPHPHHHPH,-4
HHPHHHPHPHHHPH,-3
HHPHHHPHPHHHPH,-5
HHPHHHPHPHHHPH,-5
HHPHHHPHPHHHPH,-3
HHPHHHPHPHHHPH,-4
HHPHHHPHPHHHPH,-4
HHPHHHPHPHHHPH,-3
HHPHHHPHPHHHPH,-6
HHPHHHPHPHHHPH,-6
HHPHHHPHPHHHPH,-5
HHPHHHPHPHHHPH,-3
HHPHHHPHPHHHPH,-4
HHPHHHPHPHHHPH,-4
HHPHHHPHPHHHPH,-5
HHPHHHPHPHHHPH,-3
HHPHHHPHPHHHPH,-3
HHPHHHPHPHHHPH,-4
HHPHHHPHPHHHPH,-5
HHPHHHPHPHHHPH,-5
HHPHHHPHPHHHPH,-5
HHPHHHPHPHHHPH,-3
HHPHHHPHPHHHPH,-5
HHPHHHPHPHHHPH,-5
HHPHHHPHPHHHPH,-5
HHPHHHPHPHHHPH,-5
HHPHHHPHPHHHPH,-5
HHPHHHPHPHHHPH,-6
HHPHHHPHPHHHPH,-6
HHPHHHPHPHHHPH,-6
HHPHHHPHPHHHPH,-3
HHPHHHPHPHHHPH,-5
HHPHHHPHPHHHPH,-5
HHPHHHPHPHHHPH,-5
HHPHHHPHPHHHPH,-6
HHPHHHPHPHHHPH,-4
HHPHHHPHPHHHPH,-4
HHPHHHPHPHHHPH,-4
HHPHHHPHPHHHPH,-5
HHPHHHPHPHHHPH,-4
HHPHHHPHPHHHPH,-5
HHPHHHPHPHHHPH,-6
HHPHHHPHPHHHPH,-5
HHPHHHPHPHHHPH,-5
HHPHHHPHPHHHPH,-4
HHPHHHPHPHHHPH,-4
HHPHHHPHPHHHPH,-6
HHPHHHPHPHHHPH,-4
HHPHHHPHPHHHPH,-5
HHPHHHPHPHHHPH,-5
HHPHHHPHPHHHPH,-4
HHPHHHPHPHHHPH,-5
HHPHHHPHPHHHPH,-6
HHPHHHPHPHHHPH,-4
HHPHHHPHPHHHPH,-5
HHPHHHPHPHHHPH,-5
HHPHHHPHPHHHPH,-4
HHPHHHPHPHHHPH,-5
HHPHHHPHPHHHPH,-4
HHPHHHPHPHHHPH,-5
HHPHHHPHPHHHPH,-5
HHPHHHPHPHHHPH,-3
HHPHHHPHPHHHPH,-4
HHPHHHPHPHHHPH,-4
HHPHHHPHPHHHPH,-4
HHPHHHPHPHHHPH,-5
HHPHHHPHPHHHPH,-4
HHPHHHPHPHHHPH,-5
HHPHHHPHPHHHPH,-4
HHPHHHPHPHHHPH,-6
HHPHHHPHPHHHPH,-5
HHPHHHPHPHHHPH,-6
HHPHHHPHPHHHPH,-6
HHPHHHPHPHHHPH,-5
HHPHHHPHPHHHPH,-5
HHPHHHPHPHHHPH,-5
HHPHHHPHPHHHPH,-4
HHPHHHPHPHHHPH,-4
HHPHHHPHPHHHPH,-4
HHPHHHPHPHHHPH,-4
HHPHHHPHPHHHPH,-4
HHPHHHPHPHHHPH,-5
HHPHHHPHPHHHPH,-5
HHPHHHPHPHHHPH,-6
HHPHHHPHPHHHPH,-5
HHPHHHPHPHHHPH,-4
HHPHHHPHPHHHPH,-3
HHPHHHPHPHHHPH,-3
HHPHHHPHPHHHPH,-4
HHPHHHPHPHHHPH,-5
HHPHHHPHPHHHPH,-4
HHPHHHPHPHHHPH,-3
HHPHHHPHPHHHPH,-5
HHPHHHPHPHHHPH,-4
HHPHHHPHPHHHPH,-5
HHPHHHPHPHHHPH,-3
HHPHHHPHPHHHPH,-4
HHPHHHPHPHHHPH,-5
HHPHHHPHPHHHPH,-4
HHPHHHPHPHHHPH,-5
HHPHHHPHPHHHPH,-4
HHPHHHPHPHHHPH,-3
HHPHHHPHPHHHPH,-4
HHPHHHPHPHHHPH,-4
HHPHHHPHPHHHPH,-6
HHPHHHPHPHHHPH,-6
HHPHHHPHPHHHPH,-4
HHPHHHPHPHHHPH,-5
HHPHHHPHPHHHPH,-3
HHPHHHPHPHHHPH,-3
HHPHHHPHPHHHPH,-6
HHPHHHPHPHHHPH,-5
HHPHHHPHPHHHPH,-4
HHPHHHPHPHHHPH,-5
HHPHHHPHPHHHPH,-4
HHPHHHPHPHHHPH,-5
HHPHHHPHPHHHPH,-4
HHPHHHPHPHHHPH,-6
HHPHHHPHPHHHPH,-5
HHPHHHPHPHHHPH,-3
HHPHHHPHPHHHPH,-3
HHPHHHPHPHHHPH,-4
HHPHHHPHPHHHPH,-5
HHPHHHPHPHHHPH,-4
HHPHHHPHPHHHPH,-6
HHPHHHPHPHHHPH,-6
HHPHHHPHPHHHPH,-4
HHPHHHPHPHHHPH,-6
HHPHHHPHPHHHPH,-4
HHPHHHPHPHHHPH,-6
HHPHHHPHPHHHPH,-4
HHPHHHPHPHHHPH,-5
HHPHHHPHPHHHPH,-3
HHPHHHPHPHHHPH,-4
HHPHHHPHPHHHPH,-5
HHPHHHPHPHHHPH,-6
HHPHHHPHPHHHPH,-3
HHPHHHPHPHHHPH,-4
HHPHHHPHPHHHPH,-5
HHPHHHPHPHHHPH,-6
HHPHHHPHPHHHPH,-4
HHPHHHPHPHHHPH,-6
HHPHHHPHPHHHPH,-5
HHPHHHPHPHHHPH,-4
HHPHHHPHPHHHPH,-4
HHPHHHPHPHHHPH,-5
HHPHHHPHPHHHPH,-5
HHPHHHPHPHHHPH,-5
HHPHHHPHPHHHPH,-4
HHPHHHPHPHHHPH,-3
HHPHHHPHPHHHPH,-6
HHPHHHPHPHHHPH,-6
HHPHHHPHPHHHPH,-4
HHPHHHPHPHHHPH,-4
HHPHHHPHPHHHPH,-5
HHPHHHPHPHHHPH,-6
HHPHHHPHPHHHPH,-4
HHPHHHPHPHHHPH,-5
HHPHHHPHPHHHPH,-5
HHPHHHPHPHHHPH,-5
HHPHHHPHPHHHPH,-5
HHPHHHPHPHHHPH,-4
HHPHHHPHPHHHPH,-4
HHPHHHPHPHHHPH,-3
HHPHHHPHPHHHPH,-4
HHPHHHPHPHHHPH,-6
HHPHHHPHPHHHPH,-3
HHPHHHPHPHHHPH,-4
HHPHHHPHPHHHPH,-5
HHPHHHPHPHHHPH,-4
HHPHHHPHPHHHPH,-4
HHPHHHPHPHHHPH,-5
HHPHHHPHPHHHPH,-3
HHPHHHPHPHHHPH,-3
HHPHHHPHPHHHPH,-5
HHPHHHPHPHHHPH,-6
HHPHHHPHPHHHPH,-3
HHPHHHPHPHHHPH,-4
HHPHHHPHPHHHPH,-5
HHPHHHPHPHHHPH,-5
HHPHHHPHPHHHPH,-6
HHPHHHPHPHHHPH,-4
HHPHHHPHPHHHPH,-3
HHPHHHPHPHHHPH,-4
HHPHHHPHPHHHPH,-6
HHPHHHPHPHHHPH,-4
HHPHHHPHPHHHPH,-6
HHPHHHPHPHHHPH,-4
HHPHHHPHPHHHPH,-4
HHPHHHPHPHHHPH,-6
HHPHHHPHPHHHPH,-5
HHPHHHPHPHHHPH,-3
HHPHHHPHPHHHPH,-4
HHPHHHPHPHHHPH,-5
HHPHHHPHPHHHPH,-5
HHPHHHPHPHHHPH,-4
HHPHHHPHPHHHPH,-5
HHPHHHPHPHHHPH,-6
HHPHHHPHPHHHPH,-3
HHPHHHPHPHHHPH,-6
HHPHHHPHPHHHPH,-5
HHPHHHPHPHHHPH,-5
HHPHHHPHPHHHPH,-6
HHPHHHPHPHHHPH,-4
HHPHHHPHPHHHPH,-6
HHPHHHPHPHHHPH,-4
HHPHHHPHPHHHPH,-5
HHPHHHPHPHHHPH,-5
HHPHHHPHPHHHPH,-4
HHPHHHPHPHHHPH,-5
HHPHHHPHPHHHPH,-4
HHPHHHPHPHHHPH,-5
HHPHHHPHPHHHPH,-4
HHPHHHPHPHHHPH,-5
HHPHHHPHPHHHPH,-5
HHPHHHPHPHHHPH,-4
HHPHHHPHPHHHPH,-5
HHPHHHPHPHHHPH,-5
HHPHHHPHPHHHPH,-6
HHPHHHPHPHHHPH,-5
HHPHHHPHPHHHPH,-5
HHPHHHPHPHHHPH,-3
HHPHHHPHPHHHPH,-5
HHPHHHPHPHHHPH,-4
HHPHHHPHPHHHPH,-5
HHPHHHPHPHHHPH,-5
HHPHHHPHPHHHPH,-5
HHPHHHPHPHHHPH,-5
HHPHHHPHPHHHPH,-4
HHPHHHPHPHHHPH,-5
HHPHHHPHPHHHPH,-4
HHPHHHPHPHHHPH,-6
HHPHHHPHPHHHPH,-6
HHPHHHPHPHHHPH,-5
HHPHHHPHPHHHPH,-5
HHPHHHPHPHHHPH,-4
HHPHHHPHPHHHPH,-5
HHPHHHPHPHHHPH,-4
HHPHHHPHPHHHPH,-5
HHPHHHPHPHHHPH,-6
HHPHHHPHPHHHPH,-3
HHPHHHPHPHHHPH,-5
HHPHHHPHPHHHPH,-4
HHPHHHPHPHHHPH,-5
HHPHHHPHPHHHPH,-4
HHPHHHPHPHHHPH,-4
HHPHHHPHPHHHPH,-6
HHPHHHPHPHHHPH,-5
HHPHHHPHPHHHPH,-5
HHPHHHPHPHHHPH,-6
HHPHHHPHPHHHPH,-3
HHPHHHPHPHHHPH,-4
HHPHHHPHPHHHPH,-4
HHPHHHPHPHHHPH,-3
HHPHHHPHPHHHPH,-3
HHPHHHPHPHHHPH,-5
HHPHHHPHPHHHPH,-5
HHPHHHPHPHHHPH,-5
HHPHHHPHPHHHPH,-4
HHPHHHPHPHHHPH,-6
HHPHHHPHPHHHPH,-5
HHPHHHPHPHHHPH,-3
HHPHHHPHPHHHPH,-3
HHPHHHPHPHHHPH,-6
HHPHHHPHPHHHPH,-4
HHPHHHPHPHHHPH,-6
HHPHHHPHPHHHPH,-4
HHPHHHPHPHHHPH,-5
HHPHHHPHPHHHPH,-6
HHPHHHPHPHHHPH,-4
HHPHHHPHPHHHPH,-4
HHPHHHPHPHHHPH,-4
HHPHHHPHPHHHPH,-3
HHPHHHPHPHHHPH,-3
HHPHHHPHPHHHPH,-5
HHPHHHPHPHHHPH,-5
HHPHHHPHPHHHPH,-5
HHPHHHPHPHHHPH,-3
HHPHHHPHPHHHPH,-3
HHPHHHPHPHHHPH,-5
HHPHHHPHPHHHPH,-6
HHPHHHPHPHHHPH,-5
HHPHHHPHPHHHPH,-4
HHPHHHPHPHHHPH,-4
HHPHHHPHPHHHPH,-6
HHPHHHPHPHHHPH,-5
HHPHHHPHPHHHPH,-3
HHPHHHPHPHHHPH,-5
HHPHHHPHPHHHPH,-5
HHPHHHPHPHHHPH,-6
HHPHHHPHPHHHPH,-5
HHPHHHPHPHHHPH,-4
HHPHHHPHPHHHPH,-5
HHPHHHPHPHHHPH,-5
HHPHHHPHPHHHPH,-3
HHPHHHPHPHHHPH,-6
HHPHHHPHPHHHPH,-3
HHPHHHPHPHHHPH,-4
HHPHHHPHPHHHPH,-5
HHPHHHPHPHHHPH,-4
HHPHHHPHPHHHPH,-5
HHPHHHPHPHHHPH,-6
HHPHHHPHPHHHPH,-4
HHPHHHPHPHHHPH,-4
HHPHHHPHPHHHPH,-5
HHPHHHPHPHHHPH,-3
HHPHHHPHPHHHPH,-5
HHPHHHPHPHHHPH,-6
HHPHHHPHPHHHPH,-3
HHPHHHPHPHHHPH,-3
HHPHHHPHPHHHPH,-5
HHPHHHPHPHHHPH,-6
HHPHHHPHPHHHPH,-4
HHPHHHPHPHHHPH,-4
HHPHHHPHPHHHPH,-4
HHPHHHPHPHHHPH,-6
HHPHHHPHPHHHPH,-4
HHPHHHPHPHHHPH,-4
HHPHHHPHPHHHPH,-4
HHPHHHPHPHHHPH,-5
HHPHHHPHPHHHPH,-3
HHPHHHPHPHHHPH,-6
HHPHHHPHPHHHPH,-4
HHPHHHPHPHHHPH,-3
HHPHHHPHPHHHPH,-5
HHPHHHPHPHHHPH,-4
HHPHHHPHPHHHPH,-3
HHPHHHPHPHHHPH,-4
HHPHHHPHPHHHPH,-5
HHPHHHPHPHHHPH,-4
HHPHHHPHPHHHPH,-5
HHPHHHPHPHHHPH,-6
HHPHHHPHPHHHPH,-5
HHPHHHPHPHHHPH,-5
HHPHHHPHPHHHPH,-5
HHPHHHPHPHHHPH,-4
HHPHHHPHPHHHPH,-4
HHPHHHPHPHHHPH,-4
HHPHHHPHPHHHPH,-3
HHPHHHPHPHHHPH,-3
HHPHHHPHPHHHPH,-3
HHPHHHPHPHHHPH,-4
HHPHHHPHPHHHPH,-5
HHPHHHPHPHHHPH,-4
HHPHHHPHPHHHPH,-5
HHPHHHPHPHHHPH,-5
HHPHHHPHPHHHPH,-4
HHPHHHPHPHHHPH,-5
HHPHHHPHPHHHPH,-5
HHPHHHPHPHHHPH,-4
HHPHHHPHPHHHPH,-4
HHPHHHPHPHHHPH,-4
HHPHHHPHPHHHPH,-5
HHPHHHPHPHHHPH,-6
HHPHHHPHPHHHPH,-6
HHPHHHPHPHHHPH,-4
HHPHHHPHPHHHPH,-4
HHPHHHPHPHHHPH,-5
HHPHHHPHPHHHPH,-6
HHPHHHPHPHHHPH,-5
HHPHHHPHPHHHPH,-6
HHPHHHPHPHHHPH,-6
HHPHHHPHPHHHPH,-4
HHPHHHPHPHHHPH,-4
HHPHHHPHPHHHPH,-6
HHPHHHPHPHHHPH,-4
HHPHHHPHPHHHPH,-5
HHPHHHPHPHHHPH,-6
HHPHHHPHPHHHPH,-5
HHPHHHPHPHHHPH,-5
HHPHHHPHPHHHPH,-5
HHPHHHPHPHHHPH,-6
HHPHHHPHPHHHPH,-6
HHPHHHPHPHHHPH,-5
HHPHHHPHPHHHPH,-4
HHPHHHPHPHHHPH,-6
HHPHHHPHPHHHPH,-4
HHPHHHPHPHHHPH,-5
HHPHHHPHPHHHPH,-4
HHPHHHPHPHHHPH,-5
HHPHHHPHPHHHPH,-4
HHPHHHPHPHHHPH,-3
HHPHHHPHPHHHPH,-4
HHPHHHPHPHHHPH,-5
HHPHHHPHPHHHPH,-3
HHPHHHPHPHHHPH,-5
HHPHHHPHPHHHPH,-6
HHPHHHPHPHHHPH,-4
HHPHHHPHPHHHPH,-5
HHPHHHPHPHHHPH,-4
HHPHHHPHPHHHPH,-5
HHPHHHPHPHHHPH,-6
HHPHHHPHPHHHPH,-4
HHPHHHPHPHHHPH,-4
HHPHHHPHPHHHPH,-5
HHPHHHPHPHHHPH,-4
HHPHHHPHPHHHPH,-6
HHPHHHPHPHHHPH,-4
HHPHHHPHPHHHPH,-3
HHPHHHPHPHHHPH,-6
HHPHHHPHPHHHPH,-4
HHPHHHPHPHHHPH,-5
HHPHHHPHPHHHPH,-4
HHPHHHPHPHHHPH,-5
HHPHHHPHPHHHPH,-6
HHPHHHPHPHHHPH,-4
HHPHHHPHPHHHPH,-5
HHPHHHPHPHHHPH,-6
HHPHHHPHPHHHPH,-4
HHPHHHPHPHHHPH,-4
HHPHHHPHPHHHPH,-4
HHPHHHPHPHHHPH,-4
HHPHHHPHPHHHPH,-5
HHPHHHPHPHHHPH,-4
HHPHHHPHPHHHPH,-5
HHPHHHPHPHHHPH,-5
HHPHHHPHPHHHPH,-6
HHPHHHPHPHHHPH,-5
HHPHHHPHPHHHPH,-5
HHPHHHPHPHHHPH,-5
HHPHHHPHPHHHPH,-5
HHPHHHPHPHHHPH,-5
HHPHHHPHPHHHPH,-4
HHPHHHPHPHHHPH,-6
HHPHHHPHPHHHPH,-4
HHPHHHPHPHHHPH,-4
HHPHHHPHPHHHPH,-5
HHPHHHPHPHHHPH,-6
HHPHHHPHPHHHPH,-4
HHPHHHPHPHHHPH,-4
HHPHHHPHPHHHPH,-3
HHPHHHPHPHHHPH,-5
HHPHHHPHPHHHPH,-4
HHPHHHPHPHHHPH,-4
HHPHHHPHPHHHPH,-6
HHPHHHPHPHHHPH,-4
HHPHHHPHPHHHPH,-4
HHPHHHPHPHHHPH,-4
HHPHHHPHPHHHPH,-4
HHPHHHPHPHHHPH,-4
HHPHHHPHPHHHPH,-5
HHPHHHPHPHHHPH,-4
HHPHHHPHPHHHPH,-5
HHPHHHPHPHHHPH,-6
HHPHHHPHPHHHPH,-5
HHPHHHPHPHHHPH,-6
HHPHHHPHPHHHPH,-6
HHPHHHPHPHHHPH,-3
HHPHHHPHPHHHPH,-6
HHPHHHPHPHHHPH,-4
HHPHHHPHPHHHPH,-5
HHPHHHPHPHHHPH,-3
HHPHHHPHPHHHPH,-4
HHPHHHPHPHHHPH,-3
HHPHHHPHPHHHPH,-4
HHPHHHPHPHHHPH,-5
HHPHHHPHPHHHPH,-4
HHPHHHPHPHHHPH,-5
HHPHHHPHPHHHPH,-4
HHPHHHPHPHHHPH,-4
HHPHHHPHPHHHPH,-4
HHPHHHPHPHHHPH,-4
HHPHHHPHPHHHPH,-6
HHPHHHPHPHHHPH,-3
HHPHHHPHPHHHPH,-5
HHPHHHPHPHHHPH,-4
HHPHHHPHPHHHPH,-4
HHPHHHPHPHHHPH,-5
HHPHHHPHPHHHPH,-4
HHPHHHPHPHHHPH,-6
HHPHHHPHPHHHPH,-4
HHPHHHPHPHHHPH,-6
HHPHHHPHPHHHPH,-3
HHPHHHPHPHHHPH,-5
HHPHHHPHPHHHPH,-5
HHPHHHPHPHHHPH,-3
HHPHHHPHPHHHPH,-5
HHPHHHPHPHHHPH,-5
HHPHHHPHPHHHPH,-4
HHPHHHPHPHHHPH,-6
HHPHHHPHPHHHPH,-5
HHPHHHPHPHHHPH,-5
HHPHHHPHPHHHPH,-4
HHPHHHPHPHHHPH,-6
HHPHHHPHPHHHPH,-4
HHPHHHPHPHHHPH,-6
HHPHHHPHPHHHPH,-6
HHPHHHPHPHHHPH,-6
HHPHHHPHPHHHPH,-4
HHPHHHPHPHHHPH,-3
HHPHHHPHPHHHPH,-6
HHPHHHPHPHHHPH,-6
HHPHHHPHPHHHPH,-3
HHPHHHPHPHHHPH,-5
HHPHHHPHPHHHPH,-6
HHPHHHPHPHHHPH,-4
HHPHHHPHPHHHPH,-5
HHPHHHPHPHHHPH,-6
HHPHHHPHPHHHPH,-5
HHPHHHPHPHHHPH,-6
HHPHHHPHPHHHPH,-6
HHPHHHPHPHHHPH,-4
HHPHHHPHPHHHPH,-4
HHPHHHPHPHHHPH,-5
HHPHHHPHPHHHPH,-4
HHPHHHPHPHHHPH,-4
HHPHHHPHPHHHPH,-5
HHPHHHPHPHHHPH,-4
HHPHHHPHPHHHPH,-6
HHPHHHPHPHHHPH,-6
HHPHHHPHPHHHPH,-4
HHPHHHPHPHHHPH,-3
HHPHHHPHPHHHPH,-3
HHPHHHPHPHHHPH,-3
HHPHHHPHPHHHPH,-5
HHPHHHPHPHHHPH,-4
HHPHHHPHPHHHPH,-4
HHPHHHPHPHHHPH,-4
HHPHHHPHPHHHPH,-4
HHPHHHPHPHHHPH,-5
HHPHHHPHPHHHPH,-5
HHPHHHPHPHHHPH,-4
HHPHHHPHPHHHPH,-5
HHPHHHPHPHHHPH,-6
HHPHHHPHPHHHPH,-5
HHPHHHPHPHHHPH,-5
HHPHHHPHPHHHPH,-3
HHPHHHPHPHHHPH,-6
HHPHHHPHPHHHPH,-5
HHPHHHPHPHHHPH,-6
HHPHHHPHPHHHPH,-4
HHPHHHPHPHHHPH,-4
HHPHHHPHPHHHPH,-6
HHPHHHPHPHHHPH,-3
HHPHHHPHPHHHPH,-5
HHPHHHPHPHHHPH,-5
HHPHHHPHPHHHPH,-5
HHPHHHPHPHHHPH,-4
HHPHHHPHPHHHPH,-6
HHPHHHPHPHHHPH,-4
HHPHHHPHPHHHPH,-5
HHPHHHPHPHHHPH,-5
HHPHHHPHPHHHPH,-4
HHPHHHPHPHHHPH,-4
HHPHHHPHPHHHPH,-3
HHPHHHPHPHHHPH,-4
HHPHHHPHPHHHPH,-4
HHPHHHPHPHHHPH,-4
HHPHHHPHPHHHPH,-4
HHPHHHPHPHHHPH,-4
HHPHHHPHPHHHPH,-5
HHPHHHPHPHHHPH,-5
HHPHHHPHPHHHPH,-5
HHPHHHPHPHHHPH,-3
HHPHHHPHPHHHPH,-4
HHPHHHPHPHHHPH,-5
HHPHHHPHPHHHPH,-4
HHPHHHPHPHHHPH,-5
HHPHHHPHPHHHPH,-5
HHPHHHPHPHHHPH,-4
HHPHHHPHPHHHPH,-3
HHPHHHPHPHHHPH,-6
HHPHHHPHPHHHPH,-6
HHPHHHPHPHHHPH,-4
HHPHHHPHPHHHPH,-3
HHPHHHPHPHHHPH,-4
HHPHHHPHPHHHPH,-4
HHPHHHPHPHHHPH,-6
HHPHHHPHPHHHPH,-4
HHPHHHPHPHHHPH,-3
HHPHHHPHPHHHPH,-3
HHPHHHPHPHHHPH,-5
HHPHHHPHPHHHPH,-4
HHPHHHPHPHHHPH,-6
HHPHHHPHPHHHPH,-5
HHPHHHPHPHHHPH,-4
HHPHHHPHPHHHPH,-5
HHPHHHPHPHHHPH,-6
HHPHHHPHPHHHPH,-4
HHPHHHPHPHHHPH,-4
HHPHHHPHPHHHPH,-6
HHPHHHPHPHHHPH,-6
HHPHHHPHPHHHPH,-4
HHPHHHPHPHHHPH,-5
HHPHHHPHPHHHPH,-5
HHPHHHPHPHHHPH,-4
HHPHHHPHPHHHPH,-3
HHPHHHPHPHHHPH,-5
HHPHHHPHPHHHPH,-4
HHPHHHPHPHHHPH,-5
HHPHHHPHPHHHPH,-5
HHPHHHPHPHHHPH,-5
HHPHHHPHPHHHPH,-5
HHPHHHPHPHHHPH,-4
HHPHHHPHPHHHPH,-4
HHPHHHPHPHHHPH,-5
HHPHHHPHPHHHPH,-3
HHPHHHPHPHHHPH,-5
HHPHHHPHPHHHPH,-4
HHPHHHPHPHHHPH,-4
HHPHHHPHPHHHPH,-5
HHPHHHPHPHHHPH,-4
HHPHHHPHPHHHPH,-4
HHPHHHPHPHHHPH,-3
HHPHHHPHPHHHPH,-4
HHPHHHPHPHHHPH,-6
HHPHHHPHPHHHPH,-4
HHPHHHPHPHHHPH,-4
HHPHHHPHPHHHPH,-5
HHPHHHPHPHHHPH,-6
HHPHHHPHPHHHPH,-4
HHPHHHPHPHHHPH,-5
HHPHHHPHPHHHPH,-3
HHPHHHPHPHHHPH,-4
HHPHHHPHPHHHPH,-4
HHPHHHPHPHHHPH,-6
HHPHHHPHPHHHPH,-4
HHPHHHPHPHHHPH,-4
HHPHHHPHPHHHPH,-4
HHPHHHPHPHHHPH,-5
HHPHHHPHPHHHPH,-4
HHPHHHPHPHHHPH,-5
HHPHHHPHPHHHPH,-4
HHPHHHPHPHHHPH,-5
HHPHHHPHPHHHPH,-4
HHPHHHPHPHHHPH,-4
HHPHHHPHPHHHPH,-5
HHPHHHPHPHHHPH,-4
HHPHHHPHPHHHPH,-3
HHPHHHPHPHHHPH,-4
HHPHHHPHPHHHPH,-3
HHPHHHPHPHHHPH,-5
HHPHHHPHPHHHPH,-5
HHPHHHPHPHHHPH,-3
HHPHHHPHPHHHPH,-5
HHPHHHPHPHHHPH,-6
HHPHHHPHPHHHPH,-5
HHPHHHPHPHHHPH,-3
HHPHHHPHPHHHPH,-4
HHPHHHPHPHHHPH,-5
HHPHHHPHPHHHPH,-5
HHPHHHPHPHHHPH,-5
HHPHHHPHPHHHPH,-5
HHPHHHPHPHHHPH,-3
HHPHHHPHPHHHPH,-4
HHPHHHPHPHHHPH,-5
HHPHHHPHPHHHPH,-4
HHPHHHPHPHHHPH,-4
HHPHHHPHPHHHPH,-5
HHPHHHPHPHHHPH,-6
HHPHHHPHPHHHPH,-4
HHPHHHPHPHHHPH,-4
HHPHHHPHPHHHPH,-4
HHPHHHPHPHHHPH,-4
HHPHHHPHPHHHPH,-5
HHPHHHPHPHHHPH,-5
HHPHHHPHPHHHPH,-4
HHPHHHPHPHHHPH,-3
HHPHHHPHPHHHPH,-4
HHPHHHPHPHHHPH,-4
HHPHHHPHPHHHPH,-6
HHPHHHPHPHHHPH,-5
HHPHHHPHPHHHPH,-4
HHPHHHPHPHHHPH,-5
HHPHHHPHPHHHPH,-5
HHPHHHPHPHHHPH,-4
HHPHHHPHPHHHPH,-4
HHPHHHPHPHHHPH,-6
HHPHHHPHPHHHPH,-4
HHPHHHPHPHHHPH,-4
HHPHHHPHPHHHPH,-5
HHPHHHPHPHHHPH,-4
HHPHHHPHPHHHPH,-6
HHPHHHPHPHHHPH,-4
HHPHHHPHPHHHPH,-3
HHPHHHPHPHHHPH,-5
HHPHHHPHPHHHPH,-6
HHPHHHPHPHHHPH,-4
HHPHHHPHPHHHPH,-6
HHPHHHPHPHHHPH,-3
HHPHHHPHPHHHPH,-5
HHPHHHPHPHHHPH,-5
HHPHHHPHPHHHPH,-6
HHPHHHPHPHHHPH,-6
HHPHHHPHPHHHPH,-5
HHPHHHPHPHHHPH,-5
HHPHHHPHPHHHPH,-6
HHPHHHPHPHHHPH,-4
HHPHHHPHPHHHPH,-4
HHPHHHPHPHHHPH,-6
HHPHHHPHPHHHPH,-5
HHPHHHPHPHHHPH,-5
HHPHHHPHPHHHPH,-4
HHPHHHPHPHHHPH,-5
HHPHHHPHPHHHPH,-6
HHPHHHPHPHHHPH,-4
HHPHHHPHPHHHPH,-5
HHPHHHPHPHHHPH,-4
HHPHHHPHPHHHPH,-5
HHPHHHPHPHHHPH,-5
HHPHHHPHPHHHPH,-3
HHPHHHPHPHHHPH,-6
HHPHHHPHPHHHPH,-4
HHPHHHPHPHHHPH,-4
HHPHHHPHPHHHPH,-4
HHPHHHPHPHHHPH,-5
HHPHHHPHPHHHPH,-5
HHPHHHPHPHHHPH,-4
HHPHHHPHPHHHPH,-4
HHPHHHPHPHHHPH,-3
HHPHHHPHPHHHPH,-5
HHPHHHPHPHHHPH,-4
HHPHHHPHPHHHPH,-6
HHPHHHPHPHHHPH,-4
HHPHHHPHPHHHPH,-5
HHPHHHPHPHHHPH,-4
HHPHHHPHPHHHPH,-6
HHPHHHPHPHHHPH,-3
HHPHHHPHPHHHPH,-5
HHPHHHPHPHHHPH,-6
HHPHHHPHPHHHPH,-3
HHPHHHPHPHHHPH,-3
HHPHHHPHPHHHPH,-4
HHPHHHPHPHHHPH,-5
HHPHHHPHPHHHPH,-4
HHPHHHPHPHHHPH,-3
HHPHHHPHPHHHPH,-5
HHPHHHPHPHHHPH,-4
HHPHHHPHPHHHPH,-5
HHPHHHPHPHHHPH,-4
HHPHHHPHPHHHPH,-5
HHPHHHPHPHHHPH,-4
HHPHHHPHPHHHPH,-4
HHPHHHPHPHHHPH,-6
HHPHHHPHPHHHPH,-6
HHPHHHPHPHHHPH,-6
HHPHHHPHPHHHPH,-4
HHPHHHPHPHHHPH,-4
HHPHHHPHPHHHPH,-5
HHPHHHPHPHHHPH,-5
HHPHHHPHPHHHPH,-3
HHPHHHPHPHHHPH,-3
HHPHHHPHPHHHPH,-3
HHPHHHPHPHHHPH,-5
HHPHHHPHPHHHPH,-6
HHPHHHPHPHHHPH,-4
HHPHHHPHPHHHPH,-5
HHPHHHPHPHHHPH,-5
HHPHHHPHPHHHPH,-5
HHPHHHPHPHHHPH,-4
HHPHHHPHPHHHPH,-4
HHPHHHPHPHHHPH,-6
HHPHHHPHPHHHPH,-5
HHPHHHPHPHHHPH,-5
HHPHHHPHPHHHPH,-6
HHPHHHPHPHHHPH,-5
HHPHHHPHPHHHPH,-6
HHPHHHPHPHHHPH,-3
HHPHHHPHPHHHPH,-3
HHPHHHPHPHHHPH,-5
HHPHHHPHPHHHPH,-4
HHPHHHPHPHHHPH,-4
HHPHHHPHPHHHPH,-5
HHPHHHPHPHHHPH,-4
HHPHHHPHPHHHPH,-5
HHPHHHPHPHHHPH,-4
HHPHHHPHPHHHPH,-5
HHPHHHPHPHHHPH,-4
HHPHHHPHPHHHPH,-6
HHPHHHPHPHHHPH,-3
HHPHHHPHPHHHPH,-6
HHPHHHPHPHHHPH,-4
HHPHHHPHPHHHPH,-4
HHPHHHPHPHHHPH,-3
HHPHHHPHPHHHPH,-3
HHPHHHPHPHHHPH,-4
HHPHHHPHPHHHPH,-5
HHPHHHPHPHHHPH,-4
HHPHHHPHPHHHPH,-6
HHPHHHPHPHHHPH,-4
HHPHHHPHPHHHPH,-4
HHPHHHPHPHHHPH,-3
HHPHHHPHPHHHPH,-5
HHPHHHPHPHHHPH,-4
HHPHHHPHPHHHPH,-6
HHPHHHPHPHHHPH,-4
HHPHHHPHPHHHPH,-4
HHPHHHPHPHHHPH,-4
HHPHHHPHPHHHPH,-5
HHPHHHPHPHHHPH,-5
HHPHHHPHPHHHPH,-6
HHPHHHPHPHHHPH,-5
HHPHHHPHPHHHPH,-5
HHPHHHPHPHHHPH,-5
HHPHHHPHPHHHPH,-5
HHPHHHPHPHHHPH,-5
HHPHHHPHPHHHPH,-6
HHPHHHPHPHHHPH,-6
HHPHHHPHPHHHPH,-4
HHPHHHPHPHHHPH,-5
HHPHHHPHPHHHPH,-3
HHPHHHPHPHHHPH,-4
HHPHHHPHPHHHPH,-4
HHPHHHPHPHHHPH,-4
HHPHHHPHPHHHPH,-5
HHPHHHPHPHHHPH,-6
HHPHHHPHPHHHPH,-5
HHPHHHPHPHHHPH,-5
HHPHHHPHPHHHPH,-3
HHPHHHPHPHHHPH,-6
HHPHHHPHPHHHPH,-6
HHPHHHPHPHHHPH,-4
HHPHHHPHPHHHPH,-4
HHPHHHPHPHHHPH,-5
HHPHHHPHPHHHPH,-4
HHPHHHPHPHHHPH,-4
HHPHHHPHPHHHPH,-6
HHPHHHPHPHHHPH,-4
HHPHHHPHPHHHPH,-5
HHPHHHPHPHHHPH,-4
HHPHHHPHPHHHPH,-5
HHPHHHPHPHHHPH,-4
HHPHHHPHPHHHPH,-3
HHPHHHPHPHHHPH,-4
HHPHHHPHPHHHPH,-4
HHPHHHPHPHHHPH,-5
HHPHHHPHPHHHPH,-4
HHPHHHPHPHHHPH,-5
HHPHHHPHPHHHPH,-4
HHPHHHPHPHHHPH,-5
HHPHHHPHPHHHPH,-5
HHPHHHPHPHHHPH,-4
HHPHHHPHPHHHPH,-5
HHPHHHPHPHHHPH,-6
HHPHHHPHPHHHPH,-3
HHPHHHPHPHHHPH,-4
HHPHHHPHPHHHPH,-4
HHPHHHPHPHHHPH,-5
HHPHHHPHPHHHPH,-6
HHPHHHPHPHHHPH,-5
HHPHHHPHPHHHPH,-5
HHPHHHPHPHHHPH,-6
HHPHHHPHPHHHPH,-6
HHPHHHPHPHHHPH,-6
HHPHHHPHPHHHPH,-6
HHPHHHPHPHHHPH,-4
HHPHHHPHPHHHPH,-5
HHPHHHPHPHHHPH,-3
HHPHHHPHPHHHPH,-4
HHPHHHPHPHHHPH,-4
HHPHHHPHPHHHPH,-5
HHPHHHPHPHHHPH,-5
HHPHHHPHPHHHPH,-6
HHPHHHPHPHHHPH,-3
HHPHHHPHPHHHPH,-6
HHPHHHPHPHHHPH,-4
HHPHHHPHPHHHPH,-6
HHPHHHPHPHHHPH,-5
HHPHHHPHPHHHPH,-5
HHPHHHPHPHHHPH,-5
HHPHHHPHPHHHPH,-3
HHPHHHPHPHHHPH,-3
HHPHHHPHPHHHPH,-5
HHPHHHPHPHHHPH,-4
HHPHHHPHPHHHPH,-6
HHPHHHPHPHHHPH,-6
HHPHHHPHPHHHPH,-3
HHPHHHPHPHHHPH,-6
HHPHHHPHPHHHPH,-5
HHPHHHPHPHHHPH,-5
HHPHHHPHPHHHPH,-6
HHPHHHPHPHHHPH,-5
HHPHHHPHPHHHPH,-4
HHPHHHPHPHHHPH,-5
HHPHHHPHPHHHPH,-4
HHPHHHPHPHHHPH,-4
HHPHHHPHPHHHPH,-6
HHPHHHPHPHHHPH,-4
HHPHHHPHPHHHPH,-4
HHPHHHPHPHHHPH,-5
HHPHHHPHPHHHPH,-5
HHPHHHPHPHHHPH,-4
HHPHHHPHPHHHPH,-4
HHPHHHPHPHHHPH,-5
HHPHHHPHPHHHPH,-6
HHPHHHPHPHHHPH,-5
HHPHHHPHPHHHPH,-6
HHPHHHPHPHHHPH,-3
HHPHHHPHPHHHPH,-6
HHPHHHPHPHHHPH,-3
HHPHHHPHPHHHPH,-6
HHPHHHPHPHHHPH,-5
HHPHHHPHPHHHPH,-6
HHPHHHPHPHHHPH,-6
HHPHHHPHPHHHPH,-5
HHPHHHPHPHHHPH,-3
HHPHHHPHPHHHPH,-3
HHPHHHPHPHHHPH,-4
HHPHHHPHPHHHPH,-4
HHPHHHPHPHHHPH,-6
HHPHHHPHPHHHPH,-4
HHPHHHPHPHHHPH,-4
HHPHHHPHPHHHPH,-6
HHPHHHPHPHHHPH,-5
HHPHHHPHPHHHPH,-5
HHPHHHPHPHHHPH,-4
HHPHHHPHPHHHPH,-3
HHPHHHPHPHHHPH,-3
HHPHHHPHPHHHPH,-4
HHPHHHPHPHHHPH,-5
HHPHHHPHPHHHPH,-5
HHPHHHPHPHHHPH,-6
HHPHHHPHPHHHPH,-3
HHPHHHPHPHHHPH,-5
HHPHHHPHPHHHPH,-5
HHPHHHPHPHHHPH,-5
HHPHHHPHPHHHPH,-5
HHPHHHPHPHHHPH,-4
HHPHHHPHPHHHPH,-4
HHPHHHPHPHHHPH,-4
HHPHHHPHPHHHPH,-5
HHPHHHPHPHHHPH,-6
HHPHHHPHPHHHPH,-5
HHPHHHPHPHHHPH,-3
HHPHHHPHPHHHPH,-6
HHPHHHPHPHHHPH,-4
HHPHHHPHPHHHPH,-4
HHPHHHPHPHHHPH,-5
HHPHHHPHPHHHPH,-6
HHPHHHPHPHHHPH,-4
HHPHHHPHPHHHPH,-5
HHPHHHPHPHHHPH,-3
HHPHHHPHPHHHPH,-5
HHPHHHPHPHHHPH,-3
HHPHHHPHPHHHPH,-5
HHPHHHPHPHHHPH,-4
HHPHHHPHPHHHPH,-5
HHPHHHPHPHHHPH,-5
HHPHHHPHPHHHPH,-5
HHPHHHPHPHHHPH,-5
HHPHHHPHPHHHPH,-5

Average:,-4.577
