0,HHPHHHPH,-1
1,HHPHHHPH,0
2,HHPHHHPH,0
3,HHPHHHPH,-2
4,HHPHHHPH,0
5,HHPHHHPH,-2
6,HHPHHHPH,0
7,HHPHHHPH,-1
8,HHPHHHPH,-2
9,HHPHHHPH,-2
10,HHPHHHPH,0
11,HHPHHHPH,0
12,HHPHHHPH,-2
13,HHPHHHPH,0
14,HHPHHHPH,-1
15,HHPHHHPH,-2
16,HHPHHHPH,-1
17,HHPHHHPH,0
18,HHPHHHPH,0
19,HHPHHHPH,0
20,HHPHHHPH,-1
21,HHPHHHPH,0
22,HHPHHHPH,0
23,HHPHHHPH,0
24,HHPHHHPH,0
25,HHPHHHPH,0
26,HHPHHHPH,0
27,HHPHHHPH,0
28,HHPHHHPH,0
29,HHPHHHPH,-2
30,HHPHHHPH,-1
31,HHPHHHPH,0
32,HHPHHHPH,0
33,HHPHHHPH,0
34,HHPHHHPH,-2
35,HHPHHHPH,-2
36,HHPHHHPH,-1
37,HHPHHHPH,-2
38,HHPHHHPH,-1
39,HHPHHHPH,0
40,HHPHHHPH,-1
41,HHPHHHPH,-1
42,HHPHHHPH,0
43,HHPHHHPH,-1
44,HHPHHHPH,0
45,HHPHHHPH,-1
46,HHPHHHPH,-1
47,HHPHHHPH,-1
48,HHPHHHPH,0
49,HHPHHHPH,0
50,HHPHHHPH,-1
51,HHPHHHPH,-1
52,HHPHHHPH,0
53,HHPHHHPH,0
54,HHPHHHPH,0
55,HHPHHHPH,-1
56,HHPHHHPH,-1
57,HHPHHHPH,-1
58,HHPHHHPH,0
59,HHPHHHPH,-2
60,HHPHHHPH,0
61,HHPHHHPH,-1
62,HHPHHHPH,0
63,HHPHHHPH,-2
64,HHPHHHPH,0
65,HHPHHHPH,0
66,HHPHHHPH,0
67,HHPHHHPH,0
68,HHPHHHPH,-1
69,HHPHHHPH,-1
70,HHPHHHPH,-1
71,HHPHHHPH,0
72,HHPHHHPH,-1
73,HHPHHHPH,0
74,HHPHHHPH,-1
75,HHPHHHPH,0
76,HHPHHHPH,0
77,HHPHHHPH,0
78,HHPHHHPH,-2
79,HHPHHHPH,-1
80,HHPHHHPH,0
81,HHPHHHPH,-1
82,HHPHHHPH,0
83,HHPHHHPH,-1
84,HHPHHHPH,-1
85,HHPHHHPH,-1
86,HHPHHHPH,0
87,HHPHHHPH,-1
88,HHPHHHPH,-3
89,HHPHHHPH,-2
90,HHPHHHPH,-1
91,HHPHHHPH,0
92,HHPHHHPH,0
93,HHPHHHPH,-1
94,HHPHHHPH,0
95,HHPHHHPH,-1
96,HHPHHHPH,-1
97,HHPHHHPH,0
98,HHPHHHPH,-1
99,HHPHHHPH,0
100,HHPHHHPH,-1
101,HHPHHHPH,-1
102,HHPHHHPH,0
103,HHPHHHPH,0
104,HHPHHHPH,-1
105,HHPHHHPH,-1
106,HHPHHHPH,0
107,HHPHHHPH,-1
108,HHPHHHPH,0
109,HHPHHHPH,-1
110,HHPHHHPH,0
111,HHPHHHPH,0
112,HHPHHHPH,0
113,HHPHHHPH,0
114,HHPHHHPH,0
115,HHPHHHPH,0
116,HHPHHHPH,-2
117,HHPHHHPH,0
118,HHPHHHPH,-3
119,HHPHHHPH,-1
120,HHPHHHPH,0
121,HHPHHHPH,-1
122,HHPHHHPH,0
123,HHPHHHPH,-1
124,HHPHHHPH,0
125,HHPHHHPH,0
126,HHPHHHPH,0
127,HHPHHHPH,-1
128,HHPHHHPH,-1
129,HHPHHHPH,-2
130,HHPHHHPH,0
131,HHPHHHPH,-2
132,HHPHHHPH,-1
133,HHPHHHPH,-1
134,HHPHHHPH,-1
135,HHPHHHPH,0
136,HHPHHHPH,0
137,HHPHHHPH,-1
138,HHPHHHPH,0
139,HHPHHHPH,-2
140,HHPHHHPH,0
141,HHPHHHPH,0
142,HHPHHHPH,0
143,HHPHHHPH,-1
144,HHPHHHPH,-2
145,HHPHHHPH,0
146,HHPHHHPH,-2
147,HHPHHHPH,0
148,HHPHHHPH,-3
149,HHPHHHPH,-1
150,HHPHHHPH,-1
151,HHPHHHPH,0
152,HHPHHHPH,0
153,HHPHHHPH,-1
154,HHPHHHPH,-1
155,HHPHHHPH,-2
156,HHPHHHPH,0
157,HHPHHHPH,-1
158,HHPHHHPH,-1
159,HHPHHHPH,0
160,HHPHHHPH,-2
161,HHPHHHPH,0
162,HHPHHHPH,0
163,HHPHHHPH,-1
164,HHPHHHPH,-1
165,HHPHHHPH,0
166,HHPHHHPH,0
167,HHPHHHPH,-1
168,HHPHHHPH,0
169,HHPHHHPH,0
170,HHPHHHPH,-1
171,HHPHHHPH,-1
172,HHPHHHPH,0
173,HHPHHHPH,-1
174,HHPHHHPH,-2
175,HHPHHHPH,-1
176,HHPHHHPH,0
177,HHPHHHPH,-1
178,HHPHHHPH,0
179,HHPHHHPH,0
180,HHPHHHPH,-1
181,HHPHHHPH,0
182,HHPHHHPH,0
183,HHPHHHPH,-3
184,HHPHHHPH,-1
185,HHPHHHPH,-3
186,HHPHHHPH,-2
187,HHPHHHPH,-1
188,HHPHHHPH,-1
189,HHPHHHPH,-2
190,HHPHHHPH,0
191,HHPHHHPH,-2
192,HHPHHHPH,0
193,HHPHHHPH,0
194,HHPHHHPH,-1
195,HHPHHHPH,0
196,HHPHHHPH,0
197,HHPHHHPH,-1
198,HHPHHHPH,-2
199,HHPHHHPH,-2
200,HHPHHHPH,0
201,HHPHHHPH,0
202,HHPHHHPH,0
203,HHPHHHPH,0
204,HHPHHHPH,0
205,HHPHHHPH,0
206,HHPHHHPH,-1
207,HHPHHHPH,-1
208,HHPHHHPH,-1
209,HHPHHHPH,-2
210,HHPHHHPH,-1
211,HHPHHHPH,-1
212,HHPHHHPH,0
213,HHPHHHPH,0
214,HHPHHHPH,0
215,HHPHHHPH,0
216,HHPHHHPH,0
217,HHPHHHPH,0
218,HHPHHHPH,0
219,HHPHHHPH,-1
220,HHPHHHPH,0
221,HHPHHHPH,-1
222,HHPHHHPH,-2
223,HHPHHHPH,0
224,HHPHHHPH,-1
225,HHPHHHPH,-1
226,HHPHHHPH,-2
227,HHPHHHPH,0
228,HHPHHHPH,0
229,HHPHHHPH,-3
230,HHPHHHPH,-1
231,HHPHHHPH,0
232,HHPHHHPH,0
233,HHPHHHPH,-1
234,HHPHHHPH,-1
235,HHPHHHPH,-1
236,HHPHHHPH,0
237,HHPHHHPH,-1
238,HHPHHHPH,-1
239,HHPHHHPH,-1
240,HHPHHHPH,-2
241,HHPHHHPH,-1
242,HHPHHHPH,0
243,HHPHHHPH,0
244,HHPHHHPH,0
245,HHPHHHPH,-2
246,HHPHHHPH,0
247,HHPHHHPH,-1
248,HHPHHHPH,0
249,HHPHHHPH,-2
250,HHPHHHPH,-2
251,HHPHHHPH,0
252,HHPHHHPH,-1
253,HHPHHHPH,-1
254,HHPHHHPH,-1
255,HHPHHHPH,-1
256,HHPHHHPH,-1
257,HHPHHHPH,0
258,HHPHHHPH,0
259,HHPHHHPH,-2
260,HHPHHHPH,-1
261,HHPHHHPH,0
262,HHPHHHPH,-2
263,HHPHHHPH,0
264,HHPHHHPH,-1
265,HHPHHHPH,-1
266,HHPHHHPH,0
267,HHPHHHPH,0
268,HHPHHHPH,-3
269,HHPHHHPH,0
270,HHPHHHPH,-1
271,HHPHHHPH,-3
272,HHPHHHPH,-1
273,HHPHHHPH,0
274,HHPHHHPH,-1
275,HHPHHHPH,0
276,HHPHHHPH,0
277,HHPHHHPH,-1
278,HHPHHHPH,-1
279,HHPHHHPH,-1
280,HHPHHHPH,0
281,HHPHHHPH,0
282,HHPHHHPH,-1
283,HHPHHHPH,0
284,HHPHHHPH,-2
285,HHPHHHPH,-2
286,HHPHHHPH,-1
287,HHPHHHPH,-2
288,HHPHHHPH,0
289,HHPHHHPH,0
290,HHPHHHPH,-1
291,HHPHHHPH,-1
292,HHPHHHPH,0
293,HHPHHHPH,0
294,HHPHHHPH,0
295,HHPHHHPH,0
296,HHPHHHPH,-1
297,HHPHHHPH,-1
298,HHPHHHPH,0
299,HHPHHHPH,-1
300,HHPHHHPH,0
301,HHPHHHPH,0
302,HHPHHHPH,0
303,HHPHHHPH,0
304,HHPHHHPH,-1
305,HHPHHHPH,0
306,HHPHHHPH,-1
307,HHPHHHPH,0
308,HHPHHHPH,0
309,HHPHHHPH,-1
310,HHPHHHPH,-2
311,HHPHHHPH,0
312,HHPHHHPH,0
313,HHPHHHPH,0
314,HHPHHHPH,-1
315,HHPHHHPH,0
316,HHPHHHPH,0
317,HHPHHHPH,-1
318,HHPHHHPH,0
319,HHPHHHPH,0
320,HHPHHHPH,0
321,HHPHHHPH,0
322,HHPHHHPH,-1
323,HHPHHHPH,-3
324,HHPHHHPH,-1
325,HHPHHHPH,-1
326,HHPHHHPH,-1
327,HHPHHHPH,0
328,HHPHHHPH,0
329,HHPHHHPH,0
330,HHPHHHPH,-1
331,HHPHHHPH,-2
332,HHPHHHPH,-1
333,HHPHHHPH,-1
334,HHPHHHPH,-2
335,HHPHHHPH,-1
336,HHPHHHPH,-1
337,HHPHHHPH,0
338,HHPHHHPH,0
339,HHPHHHPH,-2
340,HHPHHHPH,-1
341,HHPHHHPH,-1
342,HHPHHHPH,0
343,HHPHHHPH,-2
344,HHPHHHPH,0
345,HHPHHHPH,0
346,HHPHHHPH,-2
347,HHPHHHPH,-1
348,HHPHHHPH,0
349,HHPHHHPH,0
350,HHPHHHPH,-1
351,HHPHHHPH,-1
352,HHPHHHPH,-1
353,HHPHHHPH,-1
354,HHPHHHPH,-2
355,HHPHHHPH,-2
356,HHPHHHPH,-2
357,HHPHHHPH,-1
358,HHPHHHPH,0
359,HHPHHHPH,-2
360,HHPHHHPH,-1
361,HHPHHHPH,-2
362,HHPHHHPH,0
363,HHPHHHPH,-2
364,HHPHHHPH,0
365,HHPHHHPH,0
366,HHPHHHPH,0
367,HHPHHHPH,-1
368,HHPHHHPH,0
369,HHPHHHPH,-1
370,HHPHHHPH,0
371,HHPHHHPH,-1
372,HHPHHHPH,0
373,HHPHHHPH,-1
374,HHPHHHPH,0
375,HHPHHHPH,-2
376,HHPHHHPH,-2
377,HHPHHHPH,-2
378,HHPHHHPH,-2
379,HHPHHHPH,0
380,HHPHHHPH,0
381,HHPHHHPH,-1
382,HHPHHHPH,0
383,HHPHHHPH,-1
384,HHPHHHPH,-1
385,HHPHHHPH,0
386,HHPHHHPH,-1
387,HHPHHHPH,-1
388,HHPHHHPH,-1
389,HHPHHHPH,-1
390,HHPHHHPH,-2
391,HHPHHHPH,0
392,HHPHHHPH,0
393,HHPHHHPH,-1
394,HHPHHHPH,-1
395,HHPHHHPH,0
396,HHPHHHPH,-1
397,HHPHHHPH,0
398,HHPHHHPH,0
399,HHPHHHPH,-1
400,HHPHHHPH,0
401,HHPHHHPH,-2
402,HHPHHHPH,0
403,HHPHHHPH,0
404,HHPHHHPH,0
405,HHPHHHPH,0
406,HHPHHHPH,-1
407,HHPHHHPH,0
408,HHPHHHPH,0
409,HHPHHHPH,0
410,HHPHHHPH,-2
411,HHPHHHPH,0
412,HHPHHHPH,0
413,HHPHHHPH,-1
414,HHPHHHPH,0
415,HHPHHHPH,-1
416,HHPHHHPH,-1
417,HHPHHHPH,0
418,HHPHHHPH,0
419,HHPHHHPH,-2
420,HHPHHHPH,0
421,HHPHHHPH,0
422,HHPHHHPH,-2
423,HHPHHHPH,-1
424,HHPHHHPH,0
425,HHPHHHPH,-1
426,HHPHHHPH,0
427,HHPHHHPH,0
428,HHPHHHPH,-1
429,HHPHHHPH,0
430,HHPHHHPH,-2
431,HHPHHHPH,-1
432,HHPHHHPH,0
433,HHPHHHPH,-2
434,HHPHHHPH,0
435,HHPHHHPH,0
436,HHPHHHPH,-2
437,HHPHHHPH,0
438,HHPHHHPH,-1
439,HHPHHHPH,0
440,HHPHHHPH,0
441,HHPHHHPH,0
442,HHPHHHPH,-1
443,HHPHHHPH,-1
444,HHPHHHPH,-1
445,HHPHHHPH,-1
446,HHPHHHPH,0
447,HHPHHHPH,0
448,HHPHHHPH,-1
449,HHPHHHPH,0
450,HHPHHHPH,-1
451,HHPHHHPH,-1
452,HHPHHHPH,0
453,HHPHHHPH,-1
454,HHPHHHPH,0
455,HHPHHHPH,-1
456,HHPHHHPH,-1
457,HHPHHHPH,0
458,HHPHHHPH,-1
459,HHPHHHPH,0
460,HHPHHHPH,-3
461,HHPHHHPH,-1
462,HHPHHHPH,-1
463,HHPHHHPH,-1
464,HHPHHHPH,-1
465,HHPHHHPH,0
466,HHPHHHPH,0
467,HHPHHHPH,-1
468,HHPHHHPH,0
469,HHPHHHPH,0
470,HHPHHHPH,0
471,HHPHHHPH,0
472,HHPHHHPH,-1
473,HHPHHHPH,-2
474,HHPHHHPH,0
475,HHPHHHPH,0
476,HHPHHHPH,-1
477,HHPHHHPH,-1
478,HHPHHHPH,-1
479,HHPHHHPH,0
480,HHPHHHPH,0
481,HHPHHHPH,-1
482,HHPHHHPH,-1
483,HHPHHHPH,-1
484,HHPHHHPH,-2
485,HHPHHHPH,-1
486,HHPHHHPH,0
487,HHPHHHPH,0
488,HHPHHHPH,-2
489,HHPHHHPH,0
490,HHPHHHPH,0
491,HHPHHHPH,-1
492,HHPHHHPH,-1
493,HHPHHHPH,-3
494,HHPHHHPH,-1
495,HHPHHHPH,-1
496,HHPHHHPH,0
497,HHPHHHPH,0
498,HHPHHHPH,0
499,HHPHHHPH,0
500,HHPHHHPH,0
501,HHPHHHPH,0
502,HHPHHHPH,0
503,HHPHHHPH,0
504,HHPHHHPH,0
505,HHPHHHPH,-1
506,HHPHHHPH,-2
507,HHPHHHPH,0
508,HHPHHHPH,0
509,HHPHHHPH,0
510,HHPHHHPH,0
511,HHPHHHPH,-2
512,HHPHHHPH,0
513,HHPHHHPH,0
514,HHPHHHPH,0
515,HHPHHHPH,-1
516,HHPHHHPH,-1
517,HHPHHHPH,-1
518,HHPHHHPH,-1
519,HHPHHHPH,-2
520,HHPHHHPH,0
521,HHPHHHPH,-1
522,HHPHHHPH,-2
523,HHPHHHPH,-1
524,HHPHHHPH,-1
525,HHPHHHPH,0
526,HHPHHHPH,0
527,HHPHHHPH,-1
528,HHPHHHPH,0
529,HHPHHHPH,0
530,HHPHHHPH,-1
531,HHPHHHPH,-1
532,HHPHHHPH,-1
533,HHPHHHPH,-1
534,HHPHHHPH,0
535,HHPHHHPH,0
536,HHPHHHPH,0
537,HHPHHHPH,0
538,HHPHHHPH,0
539,HHPHHHPH,-1
540,HHPHHHPH,0
541,HHPHHHPH,0
542,HHPHHHPH,0
543,HHPHHHPH,0
544,HHPHHHPH,0
545,HHPHHHPH,0
546,HHPHHHPH,-2
547,HHPHHHPH,0
548,HHPHHHPH,-1
549,HHPHHHPH,0
550,HHPHHHPH,0
551,HHPHHHPH,-1
552,HHPHHHPH,-1
553,HHPHHHPH,0
554,HHPHHHPH,0
555,HHPHHHPH,-1
556,HHPHHHPH,0
557,HHPHHHPH,-2
558,HHPHHHPH,0
559,HHPHHHPH,0
560,HHPHHHPH,-1
561,HHPHHHPH,0
562,HHPHHHPH,-1
563,HHPHHHPH,0
564,HHPHHHPH,0
565,HHPHHHPH,-1
566,HHPHHHPH,0
567,HHPHHHPH,-1
568,HHPHHHPH,0
569,HHPHHHPH,0
570,HHPHHHPH,0
571,HHPHHHPH,0
572,HHPHHHPH,0
573,HHPHHHPH,-1
574,HHPHHHPH,-1
575,HHPHHHPH,-1
576,HHPHHHPH,-2
577,HHPHHHPH,0
578,HHPHHHPH,0
579,HHPHHHPH,0
580,HHPHHHPH,-1
581,HHPHHHPH,0
582,HHPHHHPH,-2
583,HHPHHHPH,-1
584,HHPHHHPH,0
585,HHPHHHPH,0
586,HHPHHHPH,0
587,HHPHHHPH,-1
588,HHPHHHPH,0
589,HHPHHHPH,0
590,HHPHHHPH,-1
591,HHPHHHPH,0
592,HHPHHHPH,-1
593,HHPHHHPH,0
594,HHPHHHPH,0
595,HHPHHHPH,-1
596,HHPHHHPH,-1
597,HHPHHHPH,0
598,HHPHHHPH,-2
599,HHPHHHPH,0
600,HHPHHHPH,-3
601,HHPHHHPH,0
602,HHPHHHPH,-2
603,HHPHHHPH,-1
604,HHPHHHPH,0
605,HHPHHHPH,-2
606,HHPHHHPH,0
607,HHPHHHPH,-1
608,HHPHHHPH,-1
609,HHPHHHPH,0
610,HHPHHHPH,-1
611,HHPHHHPH,0
612,HHPHHHPH,-1
613,HHPHHHPH,-1
614,HHPHHHPH,-1
615,HHPHHHPH,-1
616,HHPHHHPH,0
617,HHPHHHPH,0
618,HHPHHHPH,-1
619,HHPHHHPH,0
620,HHPHHHPH,-1
621,HHPHHHPH,0
622,HHPHHHPH,0
623,HHPHHHPH,0
624,HHPHHHPH,-3
625,HHPHHHPH,-1
626,HHPHHHPH,0
627,HHPHHHPH,-1
628,HHPHHHPH,0
629,HHPHHHPH,0
630,HHPHHHPH,-1
631,HHPHHHPH,0
632,HHPHHHPH,-1
633,HHPHHHPH,-2
634,HHPHHHPH,-1
635,HHPHHHPH,-1
636,HHPHHHPH,-1
637,HHPHHHPH,0
638,HHPHHHPH,0
639,HHPHHHPH,-1
640,HHPHHHPH,-2
641,HHPHHHPH,0
642,HHPHHHPH,0
643,HHPHHHPH,0
644,HHPHHHPH,-2
645,HHPHHHPH,0
646,HHPHHHPH,0
647,HHPHHHPH,0
648,HHPHHHPH,-1
649,HHPHHHPH,0
650,HHPHHHPH,0
651,HHPHHHPH,-2
652,HHPHHHPH,-2
653,HHPHHHPH,-1
654,HHPHHHPH,-1
655,HHPHHHPH,0
656,HHPHHHPH,-2
657,HHPHHHPH,-1
658,HHPHHHPH,-1
659,HHPHHHPH,-1
660,HHPHHHPH,0
661,HHPHHHPH,0
662,HHPHHHPH,-1
663,HHPHHHPH,0
664,HHPHHHPH,0
665,HHPHHHPH,-2
666,HHPHHHPH,0
667,HHPHHHPH,-1
668,HHPHHHPH,0
669,HHPHHHPH,-1
670,HHPHHHPH,0
671,HHPHHHPH,-1
672,HHPHHHPH,-1
673,HHPHHHPH,-3
674,HHPHHHPH,-1
675,HHPHHHPH,-1
676,HHPHHHPH,-1
677,HHPHHHPH,0
678,HHPHHHPH,0
679,HHPHHHPH,0
680,HHPHHHPH,-1
681,HHPHHHPH,-2
682,HHPHHHPH,-2
683,HHPHHHPH,-1
684,HHPHHHPH,-1
685,HHPHHHPH,0
686,HHPHHHPH,-2
687,HHPHHHPH,-1
688,HHPHHHPH,0
689,HHPHHHPH,0
690,HHPHHHPH,0
691,HHPHHHPH,-1
692,HHPHHHPH,0
693,HHPHHHPH,0
694,HHPHHHPH,0
695,HHPHHHPH,-1
696,HHPHHHPH,0
697,HHPHHHPH,0
698,HHPHHHPH,-1
699,HHPHHHPH,0
700,HHPHHHPH,0
701,HHPHHHPH,-1
702,HHPHHHPH,-2
703,HHPHHHPH,-1
704,HHPHHHPH,0
705,HHPHHHPH,-1
706,HHPHHHPH,-1
707,HHPHHHPH,-1
708,HHPHHHPH,-2
709,HHPHHHPH,-2
710,HHPHHHPH,0
711,HHPHHHPH,0
712,HHPHHHPH,0
713,HHPHHHPH,-1
714,HHPHHHPH,-1
715,HHPHHHPH,-1
716,HHPHHHPH,0
717,HHPHHHPH,-1
718,HHPHHHPH,0
719,HHPHHHPH,0
720,HHPHHHPH,0
721,HHPHHHPH,-2
722,HHPHHHPH,-2
723,HHPHHHPH,0
724,HHPHHHPH,0
725,HHPHHHPH,-1
726,HHPHHHPH,0
727,HHPHHHPH,-3
728,HHPHHHPH,0
729,HHPHHHPH,-2
730,HHPHHHPH,-1
731,HHPHHHPH,-1
732,HHPHHHPH,-2
733,HHPHHHPH,-1
734,HHPHHHPH,0
735,HHPHHHPH,-2
736,HHPHHHPH,-1
737,HHPHHHPH,0
738,HHPHHHPH,-1
739,HHPHHHPH,0
740,HHPHHHPH,-1
741,HHPHHHPH,0
742,HHPHHHPH,0
743,HHPHHHPH,0
744,HHPHHHPH,-1
745,HHPHHHPH,-1
746,HHPHHHPH,-2
747,HHPHHHPH,-1
748,HHPHHHPH,-1
749,HHPHHHPH,0
750,HHPHHHPH,-3
751,HHPHHHPH,-1
752,HHPHHHPH,-1
753,HHPHHHPH,0
754,HHPHHHPH,-1
755,HHPHHHPH,-1
756,HHPHHHPH,0
757,HHPHHHPH,-2
758,HHPHHHPH,0
759,HHPHHHPH,-1
760,HHPHHHPH,-1
761,HHPHHHPH,0
762,HHPHHHPH,0
763,HHPHHHPH,0
764,HHPHHHPH,0
765,HHPHHHPH,-1
766,HHPHHHPH,0
767,HHPHHHPH,0
768,HHPHHHPH,-2
769,HHPHHHPH,0
770,HHPHHHPH,-2
771,HHPHHHPH,-1
772,HHPHHHPH,0
773,HHPHHHPH,-2
774,HHPHHHPH,-1
775,HHPHHHPH,0
776,HHPHHHPH,0
777,HHPHHHPH,-1
778,HHPHHHPH,-3
779,HHPHHHPH,0
780,HHPHHHPH,0
781,HHPHHHPH,-3
782,HHPHHHPH,-1
783,HHPHHHPH,-1
784,HHPHHHPH,0
785,HHPHHHPH,-1
786,HHPHHHPH,-1
787,HHPHHHPH,-1
788,HHPHHHPH,0
789,HHPHHHPH,-1
790,HHPHHHPH,0
791,HHPHHHPH,0
792,HHPHHHPH,-1
793,HHPHHHPH,0
794,HHPHHHPH,0
795,HHPHHHPH,-1
796,HHPHHHPH,-1
797,HHPHHHPH,-1
798,HHPHHHPH,0
799,HHPHHHPH,0
800,HHPHHHPH,-1
801,HHPHHHPH,-1
802,HHPHHHPH,-3
803,HHPHHHPH,-1
804,HHPHHHPH,-1
805,HHPHHHPH,-3
806,HHPHHHPH,0
807,HHPHHHPH,0
808,HHPHHHPH,0
809,HHPHHHPH,-1
810,HHPHHHPH,-2
811,HHPHHHPH,-1
812,HHPHHHPH,-2
813,HHPHHHPH,0
814,HHPHHHPH,0
815,HHPHHHPH,-2
816,HHPHHHPH,-1
817,HHPHHHPH,-1
818,HHPHHHPH,0
819,HHPHHHPH,0
820,HHPHHHPH,0
821,HHPHHHPH,0
822,HHPHHHPH,-1
823,HHPHHHPH,-1
824,HHPHHHPH,0
825,HHPHHHPH,0
826,HHPHHHPH,0
827,HHPHHHPH,0
828,HHPHHHPH,0
829,HHPHHHPH,0
830,HHPHHHPH,0
831,HHPHHHPH,0
832,HHPHHHPH,-1
833,HHPHHHPH,-1
834,HHPHHHPH,-1
835,HHPHHHPH,-1
836,HHPHHHPH,-2
837,HHPHHHPH,0
838,HHPHHHPH,-1
839,HHPHHHPH,-1
840,HHPHHHPH,-1
841,HHPHHHPH,0
842,HHPHHHPH,-1
843,HHPHHHPH,0
844,HHPHHHPH,0
845,HHPHHHPH,-1
846,HHPHHHPH,0
847,HHPHHHPH,-2
848,HHPHHHPH,0
849,HHPHHHPH,-1
850,HHPHHHPH,-1
851,HHPHHHPH,-2
852,HHPHHHPH,0
853,HHPHHHPH,-2
854,HHPHHHPH,0
855,HHPHHHPH,-1
856,HHPHHHPH,0
857,HHPHHHPH,0
858,HHPHHHPH,-1
859,HHPHHHPH,-2
860,HHPHHHPH,-2
861,HHPHHHPH,0
862,HHPHHHPH,-1
863,HHPHHHPH,0
864,HHPHHHPH,-1
865,HHPHHHPH,0
866,HHPHHHPH,0
867,HHPHHHPH,-2
868,HHPHHHPH,-2
869,HHPHHHPH,-1
870,HHPHHHPH,-1
871,HHPHHHPH,0
872,HHPHHHPH,-3
873,HHPHHHPH,0
874,HHPHHHPH,0
875,HHPHHHPH,0
876,HHPHHHPH,-2
877,HHPHHHPH,0
878,HHPHHHPH,-1
879,HHPHHHPH,0
880,HHPHHHPH,-1
881,HHPHHHPH,-1
882,HHPHHHPH,-1
883,HHPHHHPH,-1
884,HHPHHHPH,-1
885,HHPHHHPH,0
886,HHPHHHPH,-1
887,HHPHHHPH,0
888,HHPHHHPH,0
889,HHPHHHPH,-1
890,HHPHHHPH,0
891,HHPHHHPH,-2
892,HHPHHHPH,0
893,HHPHHHPH,-1
894,HHPHHHPH,0
895,HHPHHHPH,0
896,HHPHHHPH,0
897,HHPHHHPH,0
898,HHPHHHPH,-1
899,HHPHHHPH,0
900,HHPHHHPH,-2
901,HHPHHHPH,0
902,HHPHHHPH,-1
903,HHPHHHPH,0
904,HHPHHHPH,-2
905,HHPHHHPH,0
906,HHPHHHPH,0
907,HHPHHHPH,0
908,HHPHHHPH,0
909,HHPHHHPH,0
910,HHPHHHPH,-1
911,HHPHHHPH,0
912,HHPHHHPH,0
913,HHPHHHPH,-1
914,HHPHHHPH,0
915,HHPHHHPH,0
916,HHPHHHPH,-1
917,HHPHHHPH,0
918,HHPHHHPH,-1
919,HHPHHHPH,0
920,HHPHHHPH,0
921,HHPHHHPH,0
922,HHPHHHPH,-1
923,HHPHHHPH,-1
924,HHPHHHPH,-1
925,HHPHHHPH,-1
926,HHPHHHPH,-1
927,HHPHHHPH,0
928,HHPHHHPH,-2
929,HHPHHHPH,0
930,HHPHHHPH,0
931,HHPHHHPH,0
932,HHPHHHPH,0
933,HHPHHHPH,-1
934,HHPHHHPH,-1
935,HHPHHHPH,0
936,HHPHHHPH,0
937,HHPHHHPH,-1
938,HHPHHHPH,0
939,HHPHHHPH,0
940,HHPHHHPH,-2
941,HHPHHHPH,-1
942,HHPHHHPH,0
943,HHPHHHPH,-2
944,HHPHHHPH,-1
945,HHPHHHPH,0
946,HHPHHHPH,0
947,HHPHHHPH,-1
948,HHPHHHPH,0
949,HHPHHHPH,0
950,HHPHHHPH,0
951,HHPHHHPH,0
952,HHPHHHPH,-1
953,HHPHHHPH,0
954,HHPHHHPH,0
955,HHPHHHPH,0
956,HHPHHHPH,-1
957,HHPHHHPH,0
958,HHPHHHPH,-1
959,HHPHHHPH,0
960,HHPHHHPH,-1
961,HHPHHHPH,0
962,HHPHHHPH,-1
963,HHPHHHPH,-1
964,HHPHHHPH,-1
965,HHPHHHPH,0
966,HHPHHHPH,-1
967,HHPHHHPH,-1
968,HHPHHHPH,-2
969,HHPHHHPH,0
970,HHPHHHPH,-1
971,HHPHHHPH,0
972,HHPHHHPH,-1
973,HHPHHHPH,0
974,HHPHHHPH,-1
975,HHPHHHPH,0
976,HHPHHHPH,0
977,HHPHHHPH,-1
978,HHPHHHPH,-1
979,HHPHHHPH,-1
980,HHPHHHPH,-1
981,HHPHHHPH,0
982,HHPHHHPH,0
983,HHPHHHPH,-1
984,HHPHHHPH,0
985,HHPHHHPH,-1
986,HHPHHHPH,0
987,HHPHHHPH,0
988,HHPHHHPH,-1
989,HHPHHHPH,-1
990,HHPHHHPH,0
991,HHPHHHPH,-1
992,HHPHHHPH,0
993,HHPHHHPH,-2
994,HHPHHHPH,0
995,HHPHHHPH,-2
996,HHPHHHPH,0
997,HHPHHHPH,0
998,HHPHHHPH,-2
999,HHPHHHPH,0

Average:,-0.68


0,HHPHHHPHPHHHPH,-1
1,HHPHHHPHPHHHPH,-2
2,HHPHHHPHPHHHPH,-4
3,HHPHHHPHPHHHPH,0
4,HHPHHHPHPHHHPH,-1
5,HHPHHHPHPHHHPH,0
6,HHPHHHPHPHHHPH,-2
7,HHPHHHPHPHHHPH,0
8,HHPHHHPHPHHHPH,-2
9,HHPHHHPHPHHHPH,0
10,HHPHHHPHPHHHPH,-1
11,HHPHHHPHPHHHPH,-1
12,HHPHHHPHPHHHPH,-2
13,HHPHHHPHPHHHPH,-3
14,HHPHHHPHPHHHPH,-1
15,HHPHHHPHPHHHPH,-3
16,HHPHHHPHPHHHPH,-4
17,HHPHHHPHPHHHPH,-1
18,HHPHHHPHPHHHPH,0
19,HHPHHHPHPHHHPH,-1
20,HHPHHHPHPHHHPH,-1
21,HHPHHHPHPHHHPH,-1
22,HHPHHHPHPHHHPH,-2
23,HHPHHHPHPHHHPH,-1
24,HHPHHHPHPHHHPH,0
25,HHPHHHPHPHHHPH,-3
26,HHPHHHPHPHHHPH,-1
27,HHPHHHPHPHHHPH,-1
28,HHPHHHPHPHHHPH,-2
29,HHPHHHPHPHHHPH,0
30,HHPHHHPHPHHHPH,0
31,HHPHHHPHPHHHPH,0
32,HHPHHHPHPHHHPH,-1
33,HHPHHHPHPHHHPH,-2
34,HHPHHHPHPHHHPH,-1
35,HHPHHHPHPHHHPH,0
36,HHPHHHPHPHHHPH,0
37,HHPHHHPHPHHHPH,0
38,HHPHHHPHPHHHPH,-1
39,HHPHHHPHPHHHPH,-3
40,HHPHHHPHPHHHPH,-1
41,HHPHHHPHPHHHPH,-6
42,HHPHHHPHPHHHPH,0
43,HHPHHHPHPHHHPH,-3
44,HHPHHHPHPHHHPH,-2
45,HHPHHHPHPHHHPH,-1
46,HHPHHHPHPHHHPH,0
47,HHPHHHPHPHHHPH,-2
48,HHPHHHPHPHHHPH,-1
49,HHPHHHPHPHHHPH,0
50,HHPHHHPHPHHHPH,-1
51,HHPHHHPHPHHHPH,-2
52,HHPHHHPHPHHHPH,-1
53,HHPHHHPHPHHHPH,0
54,HHPHHHPHPHHHPH,-1
55,HHPHHHPHPHHHPH,0
56,HHPHHHPHPHHHPH,-2
57,HHPHHHPHPHHHPH,-3
58,HHPHHHPHPHHHPH,-3
59,HHPHHHPHPHHHPH,-1
60,HHPHHHPHPHHHPH,-2
61,HHPHHHPHPHHHPH,-2
62,HHPHHHPHPHHHPH,-2
63,HHPHHHPHPHHHPH,-1
64,HHPHHHPHPHHHPH,-1
65,HHPHHHPHPHHHPH,-1
66,HHPHHHPHPHHHPH,-2
67,HHPHHHPHPHHHPH,-3
68,HHPHHHPHPHHHPH,-4
69,HHPHHHPHPHHHPH,0
70,HHPHHHPHPHHHPH,-2
71,HHPHHHPHPHHHPH,-1
72,HHPHHHPHPHHHPH,0
73,HHPHHHPHPHHHPH,-3
74,HHPHHHPHPHHHPH,-3
75,HHPHHHPHPHHHPH,-3
76,HHPHHHPHPHHHPH,0
77,HHPHHHPHPHHHPH,-2
78,HHPHHHPHPHHHPH,-5
79,HHPHHHPHPHHHPH,0
80,HHPHHHPHPHHHPH,-2
81,HHPHHHPHPHHHPH,-3
82,HHPHHHPHPHHHPH,-1
83,HHPHHHPHPHHHPH,-4
84,HHPHHHPHPHHHPH,-2
85,HHPHHHPHPHHHPH,-3
86,HHPHHHPHPHHHPH,-1
87,HHPHHHPHPHHHPH,-2
88,HHPHHHPHPHHHPH,-2
89,HHPHHHPHPHHHPH,-3
90,HHPHHHPHPHHHPH,-1
91,HHPHHHPHPHHHPH,-2
92,HHPHHHPHPHHHPH,-1
93,HHPHHHPHPHHHPH,-3
94,HHPHHHPHPHHHPH,-1
95,HHPHHHPHPHHHPH,-2
96,HHPHHHPHPHHHPH,-1
97,HHPHHHPHPHHHPH,-2
98,HHPHHHPHPHHHPH,-3
99,HHPHHHPHPHHHPH,-2
100,HHPHHHPHPHHHPH,-3
101,HHPHHHPHPHHHPH,-4
102,HHPHHHPHPHHHPH,-3
103,HHPHHHPHPHHHPH,-2
104,HHPHHHPHPHHHPH,-1
105,HHPHHHPHPHHHPH,-2
106,HHPHHHPHPHHHPH,-1
107,HHPHHHPHPHHHPH,-1
108,HHPHHHPHPHHHPH,-2
109,HHPHHHPHPHHHPH,-2
110,HHPHHHPHPHHHPH,-2
111,HHPHHHPHPHHHPH,-2
112,HHPHHHPHPHHHPH,-1
113,HHPHHHPHPHHHPH,-2
114,HHPHHHPHPHHHPH,-1
115,HHPHHHPHPHHHPH,-1
116,HHPHHHPHPHHHPH,-1
117,HHPHHHPHPHHHPH,-1
118,HHPHHHPHPHHHPH,-2
119,HHPHHHPHPHHHPH,-2
120,HHPHHHPHPHHHPH,-1
121,HHPHHHPHPHHHPH,-3
122,HHPHHHPHPHHHPH,-3
123,HHPHHHPHPHHHPH,-2
124,HHPHHHPHPHHHPH,-3
125,HHPHHHPHPHHHPH,-1
126,HHPHHHPHPHHHPH,-4
127,HHPHHHPHPHHHPH,-1
128,HHPHHHPHPHHHPH,-3
129,HHPHHHPHPHHHPH,-2
130,HHPHHHPHPHHHPH,-4
131,HHPHHHPHPHHHPH,-2
132,HHPHHHPHPHHHPH,-1
133,HHPHHHPHPHHHPH,-3
134,HHPHHHPHPHHHPH,-5
135,HHPHHHPHPHHHPH,-1
136,HHPHHHPHPHHHPH,-1
137,HHPHHHPHPHHHPH,-2
138,HHPHHHPHPHHHPH,-3
139,HHPHHHPHPHHHPH,-2
140,HHPHHHPHPHHHPH,-3
141,HHPHHHPHPHHHPH,-2
142,HHPHHHPHPHHHPH,-2
143,HHPHHHPHPHHHPH,-2
144,HHPHHHPHPHHHPH,-2
145,HHPHHHPHPHHHPH,-2
146,HHPHHHPHPHHHPH,-3
147,HHPHHHPHPHHHPH,-2
148,HHPHHHPHPHHHPH,-2
149,HHPHHHPHPHHHPH,-2
150,HHPHHHPHPHHHPH,-3
151,HHPHHHPHPHHHPH,-2
152,HHPHHHPHPHHHPH,-3
153,HHPHHHPHPHHHPH,-2
154,HHPHHHPHPHHHPH,-3
155,HHPHHHPHPHHHPH,-2
156,HHPHHHPHPHHHPH,-1
157,HHPHHHPHPHHHPH,-1
158,HHPHHHPHPHHHPH,-1
159,HHPHHHPHPHHHPH,-3
160,HHPHHHPHPHHHPH,-2
161,HHPHHHPHPHHHPH,-2
162,HHPHHHPHPHHHPH,-1
163,HHPHHHPHPHHHPH,-2
164,HHPHHHPHPHHHPH,-2
165,HHPHHHPHPHHHPH,-1
166,HHPHHHPHPHHHPH,-2
167,HHPHHHPHPHHHPH,-2
168,HHPHHHPHPHHHPH,-4
169,HHPHHHPHPHHHPH,-2
170,HHPHHHPHPHHHPH,-2
171,HHPHHHPHPHHHPH,-2
172,HHPHHHPHPHHHPH,-3
173,HHPHHHPHPHHHPH,-2
174,HHPHHHPHPHHHPH,-2
175,HHPHHHPHPHHHPH,-1
176,HHPHHHPHPHHHPH,-3
177,HHPHHHPHPHHHPH,-5
178,HHPHHHPHPHHHPH,-2
179,HHPHHHPHPHHHPH,-4
180,HHPHHHPHPHHHPH,-1
181,HHPHHHPHPHHHPH,-3
182,HHPHHHPHPHHHPH,-2
183,HHPHHHPHPHHHPH,-1
184,HHPHHHPHPHHHPH,-2
185,HHPHHHPHPHHHPH,-1
186,HHPHHHPHPHHHPH,-1
187,HHPHHHPHPHHHPH,-2
188,HHPHHHPHPHHHPH,-1
189,HHPHHHPHPHHHPH,-4
190,HHPHHHPHPHHHPH,-3
191,HHPHHHPHPHHHPH,-2
192,HHPHHHPHPHHHPH,-4
193,HHPHHHPHPHHHPH,-1
194,HHPHHHPHPHHHPH,-1
195,HHPHHHPHPHHHPH,-2
196,HHPHHHPHPHHHPH,-1
197,HHPHHHPHPHHHPH,-1
198,HHPHHHPHPHHHPH,-2
199,HHPHHHPHPHHHPH,-3
200,HHPHHHPHPHHHPH,-4
201,HHPHHHPHPHHHPH,-2
202,HHPHHHPHPHHHPH,-2
203,HHPHHHPHPHHHPH,-2
204,HHPHHHPHPHHHPH,-2
205,HHPHHHPHPHHHPH,-4
206,HHPHHHPHPHHHPH,-4
207,HHPHHHPHPHHHPH,-1
208,HHPHHHPHPHHHPH,-3
209,HHPHHHPHPHHHPH,-1
210,HHPHHHPHPHHHPH,-1
211,HHPHHHPHPHHHPH,-2
212,HHPHHHPHPHHHPH,-1
213,HHPHHHPHPHHHPH,-1
214,HHPHHHPHPHHHPH,-2
215,HHPHHHPHPHHHPH,-1
216,HHPHHHPHPHHHPH,-2
217,HHPHHHPHPHHHPH,-3
218,HHPHHHPHPHHHPH,-5
219,HHPHHHPHPHHHPH,-2
220,HHPHHHPHPHHHPH,-2
221,HHPHHHPHPHHHPH,-1
222,HHPHHHPHPHHHPH,-1
223,HHPHHHPHPHHHPH,-4
224,HHPHHHPHPHHHPH,-4
225,HHPHHHPHPHHHPH,-1
226,HHPHHHPHPHHHPH,-3
227,HHPHHHPHPHHHPH,-1
228,HHPHHHPHPHHHPH,-3
229,HHPHHHPHPHHHPH,-4
230,HHPHHHPHPHHHPH,-2
231,HHPHHHPHPHHHPH,-4
232,HHPHHHPHPHHHPH,-3
233,HHPHHHPHPHHHPH,-2
234,HHPHHHPHPHHHPH,-1
235,HHPHHHPHPHHHPH,-2
236,HHPHHHPHPHHHPH,-3
237,HHPHHHPHPHHHPH,-1
238,HHPHHHPHPHHHPH,-4
239,HHPHHHPHPHHHPH,-1
240,HHPHHHPHPHHHPH,-3
241,HHPHHHPHPHHHPH,-1
242,HHPHHHPHPHHHPH,-1
243,HHPHHHPHPHHHPH,-1
244,HHPHHHPHPHHHPH,-5
245,HHPHHHPHPHHHPH,-3
246,HHPHHHPHPHHHPH,-4
247,HHPHHHPHPHHHPH,-2
248,HHPHHHPHPHHHPH,-2
249,HHPHHHPHPHHHPH,-1
250,HHPHHHPHPHHHPH,-3
251,HHPHHHPHPHHHPH,-1
252,HHPHHHPHPHHHPH,-4
253,HHPHHHPHPHHHPH,-2
254,HHPHHHPHPHHHPH,-1
255,HHPHHHPHPHHHPH,-1
256,HHPHHHPHPHHHPH,-1
257,HHPHHHPHPHHHPH,-2
258,HHPHHHPHPHHHPH,-1
259,HHPHHHPHPHHHPH,-3
260,HHPHHHPHPHHHPH,-3
261,HHPHHHPHPHHHPH,-3
262,HHPHHHPHPHHHPH,-2
263,HHPHHHPHPHHHPH,-1
264,HHPHHHPHPHHHPH,-1
265,HHPHHHPHPHHHPH,-1
266,HHPHHHPHPHHHPH,-1
267,HHPHHHPHPHHHPH,-1
268,HHPHHHPHPHHHPH,-2
269,HHPHHHPHPHHHPH,-1
270,HHPHHHPHPHHHPH,-1
271,HHPHHHPHPHHHPH,-2
272,HHPHHHPHPHHHPH,-1
273,HHPHHHPHPHHHPH,-2
274,HHPHHHPHPHHHPH,-4
275,HHPHHHPHPHHHPH,-2
276,HHPHHHPHPHHHPH,-1
277,HHPHHHPHPHHHPH,-2
278,HHPHHHPHPHHHPH,-2
279,HHPHHHPHPHHHPH,-1
280,HHPHHHPHPHHHPH,-2
281,HHPHHHPHPHHHPH,-3
282,HHPHHHPHPHHHPH,-2
283,HHPHHHPHPHHHPH,-2
284,HHPHHHPHPHHHPH,-4
285,HHPHHHPHPHHHPH,-2
286,HHPHHHPHPHHHPH,-1
287,HHPHHHPHPHHHPH,-2
288,HHPHHHPHPHHHPH,-2
289,HHPHHHPHPHHHPH,-2
290,HHPHHHPHPHHHPH,-2
291,HHPHHHPHPHHHPH,-3
292,HHPHHHPHPHHHPH,-2
293,HHPHHHPHPHHHPH,-1
294,HHPHHHPHPHHHPH,-3
295,HHPHHHPHPHHHPH,-1
296,HHPHHHPHPHHHPH,-4
297,HHPHHHPHPHHHPH,-1
298,HHPHHHPHPHHHPH,-3
299,HHPHHHPHPHHHPH,-1
300,HHPHHHPHPHHHPH,-1
301,HHPHHHPHPHHHPH,-1
302,HHPHHHPHPHHHPH,-3
303,HHPHHHPHPHHHPH,-2
304,HHPHHHPHPHHHPH,-1
305,HHPHHHPHPHHHPH,-2
306,HHPHHHPHPHHHPH,-3
307,HHPHHHPHPHHHPH,-3
308,HHPHHHPHPHHHPH,-3
309,HHPHHHPHPHHHPH,-2
310,HHPHHHPHPHHHPH,-2
311,HHPHHHPHPHHHPH,-3
312,HHPHHHPHPHHHPH,-3
313,HHPHHHPHPHHHPH,-4
314,HHPHHHPHPHHHPH,-2
315,HHPHHHPHPHHHPH,-2
316,HHPHHHPHPHHHPH,-1
317,HHPHHHPHPHHHPH,-3
318,HHPHHHPHPHHHPH,-1
319,HHPHHHPHPHHHPH,-2
320,HHPHHHPHPHHHPH,-1
321,HHPHHHPHPHHHPH,-2
322,HHPHHHPHPHHHPH,-4
323,HHPHHHPHPHHHPH,-1
324,HHPHHHPHPHHHPH,-1
325,HHPHHHPHPHHHPH,-3
326,HHPHHHPHPHHHPH,-4
327,HHPHHHPHPHHHPH,-4
328,HHPHHHPHPHHHPH,-1
329,HHPHHHPHPHHHPH,-2
330,HHPHHHPHPHHHPH,-4
331,HHPHHHPHPHHHPH,-1
332,HHPHHHPHPHHHPH,-4
333,HHPHHHPHPHHHPH,-1
334,HHPHHHPHPHHHPH,-1
335,HHPHHHPHPHHHPH,-4
336,HHPHHHPHPHHHPH,-1
337,HHPHHHPHPHHHPH,-2
338,HHPHHHPHPHHHPH,-3
339,HHPHHHPHPHHHPH,-1
340,HHPHHHPHPHHHPH,-2
341,HHPHHHPHPHHHPH,-4
342,HHPHHHPHPHHHPH,-4
343,HHPHHHPHPHHHPH,-1
344,HHPHHHPHPHHHPH,-2
345,HHPHHHPHPHHHPH,-1
346,HHPHHHPHPHHHPH,-2
347,HHPHHHPHPHHHPH,-2
348,HHPHHHPHPHHHPH,-2
349,HHPHHHPHPHHHPH,-1
350,HHPHHHPHPHHHPH,-1
351,HHPHHHPHPHHHPH,-1
352,HHPHHHPHPHHHPH,-2
353,HHPHHHPHPHHHPH,-4
354,HHPHHHPHPHHHPH,-2
355,HHPHHHPHPHHHPH,-2
356,HHPHHHPHPHHHPH,-1
357,HHPHHHPHPHHHPH,-3
358,HHPHHHPHPHHHPH,-2
359,HHPHHHPHPHHHPH,-1
360,HHPHHHPHPHHHPH,-4
361,HHPHHHPHPHHHPH,-2
362,HHPHHHPHPHHHPH,-2
363,HHPHHHPHPHHHPH,-3
364,HHPHHHPHPHHHPH,-3
365,HHPHHHPHPHHHPH,-2
366,HHPHHHPHPHHHPH,-1
367,HHPHHHPHPHHHPH,-1
368,HHPHHHPHPHHHPH,-3
369,HHPHHHPHPHHHPH,-2
370,HHPHHHPHPHHHPH,-3
371,HHPHHHPHPHHHPH,-3
372,HHPHHHPHPHHHPH,-5
373,HHPHHHPHPHHHPH,-3
374,HHPHHHPHPHHHPH,-2
375,HHPHHHPHPHHHPH,-2
376,HHPHHHPHPHHHPH,-1
377,HHPHHHPHPHHHPH,-2
378,HHPHHHPHPHHHPH,-2
379,HHPHHHPHPHHHPH,-1
380,HHPHHHPHPHHHPH,-1
381,HHPHHHPHPHHHPH,-2
382,HHPHHHPHPHHHPH,-2
383,HHPHHHPHPHHHPH,-3
384,HHPHHHPHPHHHPH,-2
385,HHPHHHPHPHHHPH,-2
386,HHPHHHPHPHHHPH,-1
387,HHPHHHPHPHHHPH,-4
388,HHPHHHPHPHHHPH,-2
389,HHPHHHPHPHHHPH,-4
390,HHPHHHPHPHHHPH,-1
391,HHPHHHPHPHHHPH,-1
392,HHPHHHPHPHHHPH,-4
393,HHPHHHPHPHHHPH,-3
394,HHPHHHPHPHHHPH,-2
395,HHPHHHPHPHHHPH,-3
396,HHPHHHPHPHHHPH,-3
397,HHPHHHPHPHHHPH,-1
398,HHPHHHPHPHHHPH,-1
399,HHPHHHPHPHHHPH,-3
400,HHPHHHPHPHHHPH,-2
401,HHPHHHPHPHHHPH,-1
402,HHPHHHPHPHHHPH,-2
403,HHPHHHPHPHHHPH,-2
404,HHPHHHPHPHHHPH,-1
405,HHPHHHPHPHHHPH,-4
406,HHPHHHPHPHHHPH,-3
407,HHPHHHPHPHHHPH,-1
408,HHPHHHPHPHHHPH,-4
409,HHPHHHPHPHHHPH,-4
410,HHPHHHPHPHHHPH,-1
411,HHPHHHPHPHHHPH,-1
412,HHPHHHPHPHHHPH,-5
413,HHPHHHPHPHHHPH,-1
414,HHPHHHPHPHHHPH,-2
415,HHPHHHPHPHHHPH,-2
416,HHPHHHPHPHHHPH,-3
417,HHPHHHPHPHHHPH,-3
418,HHPHHHPHPHHHPH,-1
419,HHPHHHPHPHHHPH,-2
420,HHPHHHPHPHHHPH,-2
421,HHPHHHPHPHHHPH,-2
422,HHPHHHPHPHHHPH,-2
423,HHPHHHPHPHHHPH,-2
424,HHPHHHPHPHHHPH,-4
425,HHPHHHPHPHHHPH,-2
426,HHPHHHPHPHHHPH,-2
427,HHPHHHPHPHHHPH,-3
428,HHPHHHPHPHHHPH,-3
429,HHPHHHPHPHHHPH,-2
430,HHPHHHPHPHHHPH,-4
431,HHPHHHPHPHHHPH,-2
432,HHPHHHPHPHHHPH,-3
433,HHPHHHPHPHHHPH,-1
434,HHPHHHPHPHHHPH,-2
435,HHPHHHPHPHHHPH,-1
436,HHPHHHPHPHHHPH,-3
437,HHPHHHPHPHHHPH,-2
438,HHPHHHPHPHHHPH,-2
439,HHPHHHPHPHHHPH,-1
440,HHPHHHPHPHHHPH,-2
441,HHPHHHPHPHHHPH,-1
442,HHPHHHPHPHHHPH,-3
443,HHPHHHPHPHHHPH,-2
444,HHPHHHPHPHHHPH,-1
445,HHPHHHPHPHHHPH,-3
446,HHPHHHPHPHHHPH,-1
447,HHPHHHPHPHHHPH,-3
448,HHPHHHPHPHHHPH,-1
449,HHPHHHPHPHHHPH,-2
450,HHPHHHPHPHHHPH,-1
451,HHPHHHPHPHHHPH,-1
452,HHPHHHPHPHHHPH,-4
453,HHPHHHPHPHHHPH,-2
454,HHPHHHPHPHHHPH,-2
455,HHPHHHPHPHHHPH,-1
456,HHPHHHPHPHHHPH,-3
457,HHPHHHPHPHHHPH,-2
458,HHPHHHPHPHHHPH,-1
459,HHPHHHPHPHHHPH,-3
460,HHPHHHPHPHHHPH,-1
461,HHPHHHPHPHHHPH,-3
462,HHPHHHPHPHHHPH,-2
463,HHPHHHPHPHHHPH,-2
464,HHPHHHPHPHHHPH,-2
465,HHPHHHPHPHHHPH,-3
466,HHPHHHPHPHHHPH,-4
467,HHPHHHPHPHHHPH,-2
468,HHPHHHPHPHHHPH,-2
469,HHPHHHPHPHHHPH,-2
470,HHPHHHPHPHHHPH,-2
471,HHPHHHPHPHHHPH,-1
472,HHPHHHPHPHHHPH,-1
473,HHPHHHPHPHHHPH,-2
474,HHPHHHPHPHHHPH,-2
475,HHPHHHPHPHHHPH,-4
476,HHPHHHPHPHHHPH,-2
477,HHPHHHPHPHHHPH,-1
478,HHPHHHPHPHHHPH,-3
479,HHPHHHPHPHHHPH,-3
480,HHPHHHPHPHHHPH,-1
481,HHPHHHPHPHHHPH,-2
482,HHPHHHPHPHHHPH,-2
483,HHPHHHPHPHHHPH,-2
484,HHPHHHPHPHHHPH,-1
485,HHPHHHPHPHHHPH,-1
486,HHPHHHPHPHHHPH,-3
487,HHPHHHPHPHHHPH,-1
488,HHPHHHPHPHHHPH,-1
489,HHPHHHPHPHHHPH,-1
490,HHPHHHPHPHHHPH,-3
491,HHPHHHPHPHHHPH,-3
492,HHPHHHPHPHHHPH,-1
493,HHPHHHPHPHHHPH,-3
494,HHPHHHPHPHHHPH,-2
495,HHPHHHPHPHHHPH,-4
496,HHPHHHPHPHHHPH,-1
497,HHPHHHPHPHHHPH,-2
498,HHPHHHPHPHHHPH,-1
499,HHPHHHPHPHHHPH,-1
500,HHPHHHPHPHHHPH,-1
501,HHPHHHPHPHHHPH,-2
502,HHPHHHPHPHHHPH,-2
503,HHPHHHPHPHHHPH,-1
504,HHPHHHPHPHHHPH,-2
505,HHPHHHPHPHHHPH,-1
506,HHPHHHPHPHHHPH,-2
507,HHPHHHPHPHHHPH,-3
508,HHPHHHPHPHHHPH,-2
509,HHPHHHPHPHHHPH,-2
510,HHPHHHPHPHHHPH,-3
511,HHPHHHPHPHHHPH,-1
512,HHPHHHPHPHHHPH,-2
513,HHPHHHPHPHHHPH,-3
514,HHPHHHPHPHHHPH,-4
515,HHPHHHPHPHHHPH,-2
516,HHPHHHPHPHHHPH,-5
517,HHPHHHPHPHHHPH,-2
518,HHPHHHPHPHHHPH,-2
519,HHPHHHPHPHHHPH,-2
520,HHPHHHPHPHHHPH,-3
521,HHPHHHPHPHHHPH,-4
522,HHPHHHPHPHHHPH,-1
523,HHPHHHPHPHHHPH,-2
524,HHPHHHPHPHHHPH,-1
525,HHPHHHPHPHHHPH,-2
526,HHPHHHPHPHHHPH,-1
527,HHPHHHPHPHHHPH,-2
528,HHPHHHPHPHHHPH,-1
529,HHPHHHPHPHHHPH,-1
530,HHPHHHPHPHHHPH,-2
531,HHPHHHPHPHHHPH,-2
532,HHPHHHPHPHHHPH,-2
533,HHPHHHPHPHHHPH,-2
534,HHPHHHPHPHHHPH,-2
535,HHPHHHPHPHHHPH,-3
536,HHPHHHPHPHHHPH,-2
537,HHPHHHPHPHHHPH,-2
538,HHPHHHPHPHHHPH,-2
539,HHPHHHPHPHHHPH,-2
540,HHPHHHPHPHHHPH,-1
541,HHPHHHPHPHHHPH,-1
542,HHPHHHPHPHHHPH,-3
543,HHPHHHPHPHHHPH,-1
544,HHPHHHPHPHHHPH,-2
545,HHPHHHPHPHHHPH,-1
546,HHPHHHPHPHHHPH,-2
547,HHPHHHPHPHHHPH,-2
548,HHPHHHPHPHHHPH,-1
549,HHPHHHPHPHHHPH,-3
550,HHPHHHPHPHHHPH,-2
551,HHPHHHPHPHHHPH,-1
552,HHPHHHPHPHHHPH,-1
553,HHPHHHPHPHHHPH,-2
554,HHPHHHPHPHHHPH,-2
555,HHPHHHPHPHHHPH,-3
556,HHPHHHPHPHHHPH,-2
557,HHPHHHPHPHHHPH,-1
558,HHPHHHPHPHHHPH,-4
559,HHPHHHPHPHHHPH,-2
560,HHPHHHPHPHHHPH,-3
561,HHPHHHPHPHHHPH,-3
562,HHPHHHPHPHHHPH,-2
563,HHPHHHPHPHHHPH,-4
564,HHPHHHPHPHHHPH,-2
565,HHPHHHPHPHHHPH,-2
566,HHPHHHPHPHHHPH,-1
567,HHPHHHPHPHHHPH,-2
568,HHPHHHPHPHHHPH,-1
569,HHPHHHPHPHHHPH,-2
570,HHPHHHPHPHHHPH,-3
571,HHPHHHPHPHHHPH,-1
572,HHPHHHPHPHHHPH,-2
573,HHPHHHPHPHHHPH,-4
574,HHPHHHPHPHHHPH,-2
575,HHPHHHPHPHHHPH,-1
576,HHPHHHPHPHHHPH,-1
577,HHPHHHPHPHHHPH,-2
578,HHPHHHPHPHHHPH,-1
579,HHPHHHPHPHHHPH,-2
580,HHPHHHPHPHHHPH,-3
581,HHPHHHPHPHHHPH,-2
582,HHPHHHPHPHHHPH,-3
583,HHPHHHPHPHHHPH,-3
584,HHPHHHPHPHHHPH,-1
585,HHPHHHPHPHHHPH,-4
586,HHPHHHPHPHHHPH,-2
587,HHPHHHPHPHHHPH,-1
588,HHPHHHPHPHHHPH,-1
589,HHPHHHPHPHHHPH,-2
590,HHPHHHPHPHHHPH,-2
591,HHPHHHPHPHHHPH,-1
592,HHPHHHPHPHHHPH,-1
593,HHPHHHPHPHHHPH,-3
594,HHPHHHPHPHHHPH,-1
595,HHPHHHPHPHHHPH,-1
596,HHPHHHPHPHHHPH,-2
597,HHPHHHPHPHHHPH,-1
598,HHPHHHPHPHHHPH,-1
599,HHPHHHPHPHHHPH,-2
600,HHPHHHPHPHHHPH,-3
601,HHPHHHPHPHHHPH,-3
602,HHPHHHPHPHHHPH,-1
603,HHPHHHPHPHHHPH,-1
604,HHPHHHPHPHHHPH,-1
605,HHPHHHPHPHHHPH,-1
606,HHPHHHPHPHHHPH,-2
607,HHPHHHPHPHHHPH,-2
608,HHPHHHPHPHHHPH,-1
609,HHPHHHPHPHHHPH,-3
610,HHPHHHPHPHHHPH,-2
611,HHPHHHPHPHHHPH,-1
612,HHPHHHPHPHHHPH,-2
613,HHPHHHPHPHHHPH,-2
614,HHPHHHPHPHHHPH,-1
615,HHPHHHPHPHHHPH,-1
616,HHPHHHPHPHHHPH,-3
617,HHPHHHPHPHHHPH,-2
618,HHPHHHPHPHHHPH,-2
619,HHPHHHPHPHHHPH,-2
620,HHPHHHPHPHHHPH,-2
621,HHPHHHPHPHHHPH,-3
622,HHPHHHPHPHHHPH,-2
623,HHPHHHPHPHHHPH,-1
624,HHPHHHPHPHHHPH,-3
625,HHPHHHPHPHHHPH,-4
626,HHPHHHPHPHHHPH,-4
627,HHPHHHPHPHHHPH,-8
628,HHPHHHPHPHHHPH,-6
629,HHPHHHPHPHHHPH,-4
630,HHPHHHPHPHHHPH,-5
631,HHPHHHPHPHHHPH,-4
632,HHPHHHPHPHHHPH,-6
633,HHPHHHPHPHHHPH,-6
634,HHPHHHPHPHHHPH,-4
635,HHPHHHPHPHHHPH,-3
636,HHPHHHPHPHHHPH,-4
637,HHPHHHPHPHHHPH,-6
638,HHPHHHPHPHHHPH,-4
639,HHPHHHPHPHHHPH,-5
640,HHPHHHPHPHHHPH,-4
641,HHPHHHPHPHHHPH,-5
642,HHPHHHPHPHHHPH,-4
643,HHPHHHPHPHHHPH,-5
644,HHPHHHPHPHHHPH,-5
645,HHPHHHPHPHHHPH,-4
646,HHPHHHPHPHHHPH,-5
647,HHPHHHPHPHHHPH,-6
648,HHPHHHPHPHHHPH,-4
649,HHPHHHPHPHHHPH,-4
650,HHPHHHPHPHHHPH,-4
651,HHPHHHPHPHHHPH,-4
652,HHPHHHPHPHHHPH,-4
653,HHPHHHPHPHHHPH,-3
654,HHPHHHPHPHHHPH,-5
655,HHPHHHPHPHHHPH,-7
656,HHPHHHPHPHHHPH,-4
657,HHPHHHPHPHHHPH,-5
658,HHPHHHPHPHHHPH,-4
659,HHPHHHPHPHHHPH,-6
660,HHPHHHPHPHHHPH,-8
661,HHPHHHPHPHHHPH,-7
662,HHPHHHPHPHHHPH,-6
663,HHPHHHPHPHHHPH,-5
664,HHPHHHPHPHHHPH,-6
665,HHPHHHPHPHHHPH,-5
666,HHPHHHPHPHHHPH,-6
667,HHPHHHPHPHHHPH,-8
668,HHPHHHPHPHHHPH,-7
669,HHPHHHPHPHHHPH,-6
670,HHPHHHPHPHHHPH,-5
671,HHPHHHPHPHHHPH,-6
672,HHPHHHPHPHHHPH,-8
673,HHPHHHPHPHHHPH,-6
674,HHPHHHPHPHHHPH,-7
675,HHPHHHPHPHHHPH,-6
676,HHPHHHPHPHHHPH,-9
677,HHPHHHPHPHHHPH,-5
678,HHPHHHPHPHHHPH,-7
679,HHPHHHPHPHHHPH,-6
680,HHPHHHPHPHHHPH,-6
681,HHPHHHPHPHHHPH,-6
682,HHPHHHPHPHHHPH,-6
683,HHPHHHPHPHHHPH,-6
684,HHPHHHPHPHHHPH,-5
685,HHPHHHPHPHHHPH,-7
686,HHPHHHPHPHHHPH,-8
687,HHPHHHPHPHHHPH,-6
688,HHPHHHPHPHHHPH,-6
689,HHPHHHPHPHHHPH,-6
690,HHPHHHPHPHHHPH,-6
691,HHPHHHPHPHHHPH,-6
692,HHPHHHPHPHHHPH,-6
693,HHPHHHPHPHHHPH,-8
694,HHPHHHPHPHHHPH,-6
695,HHPHHHPHPHHHPH,-6
696,HHPHHHPHPHHHPH,-7
697,HHPHHHPHPHHHPH,-5
698,HHPHHHPHPHHHPH,-6
699,HHPHHHPHPHHHPH,-8
700,HHPHHHPHPHHHPH,-6
701,HHPHHHPHPHHHPH,-5
702,HHPHHHPHPHHHPH,-7
703,HHPHHHPHPHHHPH,-5
704,HHPHHHPHPHHHPH,-5
705,HHPHHHPHPHHHPH,-8
706,HHPHHHPHPHHHPH,-9
707,HHPHHHPHPHHHPH,-6
708,HHPHHHPHPHHHPH,-5
709,HHPHHHPHPHHHPH,-5
710,HHPHHHPHPHHHPH,-7
711,HHPHHHPHPHHHPH,-5
712,HHPHHHPHPHHHPH,-6
713,HHPHHHPHPHHHPH,-6
714,HHPHHHPHPHHHPH,-8
715,HHPHHHPHPHHHPH,-5
716,HHPHHHPHPHHHPH,-5
717,HHPHHHPHPHHHPH,-6
718,HHPHHHPHPHHHPH,-6
719,HHPHHHPHPHHHPH,-5
720,HHPHHHPHPHHHPH,-6
721,HHPHHHPHPHHHPH,-6
722,HHPHHHPHPHHHPH,-7
723,HHPHHHPHPHHHPH,-8
724,HHPHHHPHPHHHPH,-7
725,HHPHHHPHPHHHPH,-6
726,HHPHHHPHPHHHPH,-6
727,HHPHHHPHPHHHPH,-8
728,HHPHHHPHPHHHPH,-6
729,HHPHHHPHPHHHPH,-8
730,HHPHHHPHPHHHPH,-5
731,HHPHHHPHPHHHPH,-5
732,HHPHHHPHPHHHPH,-6
733,HHPHHHPHPHHHPH,-6
734,HHPHHHPHPHHHPH,-5
735,HHPHHHPHPHHHPH,-5
736,HHPHHHPHPHHHPH,-5
737,HHPHHHPHPHHHPH,-7
738,HHPHHHPHPHHHPH,-8
739,HHPHHHPHPHHHPH,-6
740,HHPHHHPHPHHHPH,-6
741,HHPHHHPHPHHHPH,-6
742,HHPHHHPHPHHHPH,-5
743,HHPHHHPHPHHHPH,-7
744,HHPHHHPHPHHHPH,-5
745,HHPHHHPHPHHHPH,-5
746,HHPHHHPHPHHHPH,-8
747,HHPHHHPHPHHHPH,-6
748,HHPHHHPHPHHHPH,-8
749,HHPHHHPHPHHHPH,-5
750,HHPHHHPHPHHHPH,-7
751,HHPHHHPHPHHHPH,-7
752,HHPHHHPHPHHHPH,-6
753,HHPHHHPHPHHHPH,-5
754,HHPHHHPHPHHHPH,-6
755,HHPHHHPHPHHHPH,-6
756,HHPHHHPHPHHHPH,-7
757,HHPHHHPHPHHHPH,-5
758,HHPHHHPHPHHHPH,-8
759,HHPHHHPHPHHHPH,-6
760,HHPHHHPHPHHHPH,-7
761,HHPHHHPHPHHHPH,-7
762,HHPHHHPHPHHHPH,-6
763,HHPHHHPHPHHHPH,-6
764,HHPHHHPHPHHHPH,-6
765,HHPHHHPHPHHHPH,-5
766,HHPHHHPHPHHHPH,-6
767,HHPHHHPHPHHHPH,-6
768,HHPHHHPHPHHHPH,-6
769,HHPHHHPHPHHHPH,-6
770,HHPHHHPHPHHHPH,-7
771,HHPHHHPHPHHHPH,-6
772,HHPHHHPHPHHHPH,-6
773,HHPHHHPHPHHHPH,-5
774,HHPHHHPHPHHHPH,-8
775,HHPHHHPHPHHHPH,-6
776,HHPHHHPHPHHHPH,-9
777,HHPHHHPHPHHHPH,-6
778,HHPHHHPHPHHHPH,-5
779,HHPHHHPHPHHHPH,-6
780,HHPHHHPHPHHHPH,-5
781,HHPHHHPHPHHHPH,-5
782,HHPHHHPHPHHHPH,-6
783,HHPHHHPHPHHHPH,-6
784,HHPHHHPHPHHHPH,-8
785,HHPHHHPHPHHHPH,-5
786,HHPHHHPHPHHHPH,-5
787,HHPHHHPHPHHHPH,-5
788,HHPHHHPHPHHHPH,-5
789,HHPHHHPHPHHHPH,-6
790,HHPHHHPHPHHHPH,-5
791,HHPHHHPHPHHHPH,-6
792,HHPHHHPHPHHHPH,-6
793,HHPHHHPHPHHHPH,-7
794,HHPHHHPHPHHHPH,-6
795,HHPHHHPHPHHHPH,-5
796,HHPHHHPHPHHHPH,-6
797,HHPHHHPHPHHHPH,-5
798,HHPHHHPHPHHHPH,-7
799,HHPHHHPHPHHHPH,-6
800,HHPHHHPHPHHHPH,-6
801,HHPHHHPHPHHHPH,-6
802,HHPHHHPHPHHHPH,-5
803,HHPHHHPHPHHHPH,-6
804,HHPHHHPHPHHHPH,-7
805,HHPHHHPHPHHHPH,-6
806,HHPHHHPHPHHHPH,-6
807,HHPHHHPHPHHHPH,-7
808,HHPHHHPHPHHHPH,-7
809,HHPHHHPHPHHHPH,-8
810,HHPHHHPHPHHHPH,-5
811,HHPHHHPHPHHHPH,-5
812,HHPHHHPHPHHHPH,-6
813,HHPHHHPHPHHHPH,-6
814,HHPHHHPHPHHHPH,-6
815,HHPHHHPHPHHHPH,-6
816,HHPHHHPHPHHHPH,-5
817,HHPHHHPHPHHHPH,-6
818,HHPHHHPHPHHHPH,-5
819,HHPHHHPHPHHHPH,-7
820,HHPHHHPHPHHHPH,-6
821,HHPHHHPHPHHHPH,-5
822,HHPHHHPHPHHHPH,-6
823,HHPHHHPHPHHHPH,-6
824,HHPHHHPHPHHHPH,-7
825,HHPHHHPHPHHHPH,-5
826,HHPHHHPHPHHHPH,-5
827,HHPHHHPHPHHHPH,-6
828,HHPHHHPHPHHHPH,-5
829,HHPHHHPHPHHHPH,-5
830,HHPHHHPHPHHHPH,-6
831,HHPHHHPHPHHHPH,-9
832,HHPHHHPHPHHHPH,-5
833,HHPHHHPHPHHHPH,-6
834,HHPHHHPHPHHHPH,-6
835,HHPHHHPHPHHHPH,-6
836,HHPHHHPHPHHHPH,-7
837,HHPHHHPHPHHHPH,-6
838,HHPHHHPHPHHHPH,-5
839,HHPHHHPHPHHHPH,-5
840,HHPHHHPHPHHHPH,-5
841,HHPHHHPHPHHHPH,-5
842,HHPHHHPHPHHHPH,-6
843,HHPHHHPHPHHHPH,-8
844,HHPHHHPHPHHHPH,-5
845,HHPHHHPHPHHHPH,-7
846,HHPHHHPHPHHHPH,-6
847,HHPHHHPHPHHHPH,-5
848,HHPHHHPHPHHHPH,-7
849,HHPHHHPHPHHHPH,-6
850,HHPHHHPHPHHHPH,-6
851,HHPHHHPHPHHHPH,-5
852,HHPHHHPHPHHHPH,-7
853,HHPHHHPHPHHHPH,-7
854,HHPHHHPHPHHHPH,-8
855,HHPHHHPHPHHHPH,-5
856,HHPHHHPHPHHHPH,-6
857,HHPHHHPHPHHHPH,-7
858,HHPHHHPHPHHHPH,-5
859,HHPHHHPHPHHHPH,-7
860,HHPHHHPHPHHHPH,-7
861,HHPHHHPHPHHHPH,-8
862,HHPHHHPHPHHHPH,-6
863,HHPHHHPHPHHHPH,-6
864,HHPHHHPHPHHHPH,-5
865,HHPHHHPHPHHHPH,-7
866,HHPHHHPHPHHHPH,-5
867,HHPHHHPHPHHHPH,-8
868,HHPHHHPHPHHHPH,-7
869,HHPHHHPHPHHHPH,-5
870,HHPHHHPHPHHHPH,-6
871,HHPHHHPHPHHHPH,-5
872,HHPHHHPHPHHHPH,-5
873,HHPHHHPHPHHHPH,-5
874,HHPHHHPHPHHHPH,-6
875,HHPHHHPHPHHHPH,-5
876,HHPHHHPHPHHHPH,-7
877,HHPHHHPHPHHHPH,-5
878,HHPHHHPHPHHHPH,-5
879,HHPHHHPHPHHHPH,-8
880,HHPHHHPHPHHHPH,-8
881,HHPHHHPHPHHHPH,-8
882,HHPHHHPHPHHHPH,-6
883,HHPHHHPHPHHHPH,-6
884,HHPHHHPHPHHHPH,-5
885,HHPHHHPHPHHHPH,-5
886,HHPHHHPHPHHHPH,-8
887,HHPHHHPHPHHHPH,-7
888,HHPHHHPHPHHHPH,-6
889,HHPHHHPHPHHHPH,-5
890,HHPHHHPHPHHHPH,-6
891,HHPHHHPHPHHHPH,-6
892,HHPHHHPHPHHHPH,-6
893,HHPHHHPHPHHHPH,-6
894,HHPHHHPHPHHHPH,-7
895,HHPHHHPHPHHHPH,-6
896,HHPHHHPHPHHHPH,-7
897,HHPHHHPHPHHHPH,-5
898,HHPHHHPHPHHHPH,-5
899,HHPHHHPHPHHHPH,-8
900,HHPHHHPHPHHHPH,-6
901,HHPHHHPHPHHHPH,-6
902,HHPHHHPHPHHHPH,-6
903,HHPHHHPHPHHHPH,-5
904,HHPHHHPHPHHHPH,-9
905,HHPHHHPHPHHHPH,-7
906,HHPHHHPHPHHHPH,-7
907,HHPHHHPHPHHHPH,-6
908,HHPHHHPHPHHHPH,-7
909,HHPHHHPHPHHHPH,-5
910,HHPHHHPHPHHHPH,-5
911,HHPHHHPHPHHHPH,-6
912,HHPHHHPHPHHHPH,-6
913,HHPHHHPHPHHHPH,-6
914,HHPHHHPHPHHHPH,-5
915,HHPHHHPHPHHHPH,-7
916,HHPHHHPHPHHHPH,-6
917,HHPHHHPHPHHHPH,-6
918,HHPHHHPHPHHHPH,-6
919,HHPHHHPHPHHHPH,-6
920,HHPHHHPHPHHHPH,-7
921,HHPHHHPHPHHHPH,-6
922,HHPHHHPHPHHHPH,-5
923,HHPHHHPHPHHHPH,-6
924,HHPHHHPHPHHHPH,-8
925,HHPHHHPHPHHHPH,-5
926,HHPHHHPHPHHHPH,-5
927,HHPHHHPHPHHHPH,-5
928,HHPHHHPHPHHHPH,-5
929,HHPHHHPHPHHHPH,-7
930,HHPHHHPHPHHHPH,-6
931,HHPHHHPHPHHHPH,-7
932,HHPHHHPHPHHHPH,-6
933,HHPHHHPHPHHHPH,-7
934,HHPHHHPHPHHHPH,-7
935,HHPHHHPHPHHHPH,-6
936,HHPHHHPHPHHHPH,-5
937,HHPHHHPHPHHHPH,-8
938,HHPHHHPHPHHHPH,-8
939,HHPHHHPHPHHHPH,-6
940,HHPHHHPHPHHHPH,-7
941,HHPHHHPHPHHHPH,-7
942,HHPHHHPHPHHHPH,-8
943,HHPHHHPHPHHHPH,-7
944,HHPHHHPHPHHHPH,-6
945,HHPHHHPHPHHHPH,-6
946,HHPHHHPHPHHHPH,-6
947,HHPHHHPHPHHHPH,-7
948,HHPHHHPHPHHHPH,-6
949,HHPHHHPHPHHHPH,-8
950,HHPHHHPHPHHHPH,-8
951,HHPHHHPHPHHHPH,-7
952,HHPHHHPHPHHHPH,-6
953,HHPHHHPHPHHHPH,-6
954,HHPHHHPHPHHHPH,-6
955,HHPHHHPHPHHHPH,-6
956,HHPHHHPHPHHHPH,-6
957,HHPHHHPHPHHHPH,-6
958,HHPHHHPHPHHHPH,-7
959,HHPHHHPHPHHHPH,-6
960,HHPHHHPHPHHHPH,-6
961,HHPHHHPHPHHHPH,-7
962,HHPHHHPHPHHHPH,-7
963,HHPHHHPHPHHHPH,-6
964,HHPHHHPHPHHHPH,-8
965,HHPHHHPHPHHHPH,-7
966,HHPHHHPHPHHHPH,-6
967,HHPHHHPHPHHHPH,-7
968,HHPHHHPHPHHHPH,-8
969,HHPHHHPHPHHHPH,-6
970,HHPHHHPHPHHHPH,-7
971,HHPHHHPHPHHHPH,-7
972,HHPHHHPHPHHHPH,-6
973,HHPHHHPHPHHHPH,-7
974,HHPHHHPHPHHHPH,-6
975,HHPHHHPHPHHHPH,-7
976,HHPHHHPHPHHHPH,-6
977,HHPHHHPHPHHHPH,-7
978,HHPHHHPHPHHHPH,-7
979,HHPHHHPHPHHHPH,-6
980,HHPHHHPHPHHHPH,-6
981,HHPHHHPHPHHHPH,-7
982,HHPHHHPHPHHHPH,-7
983,HHPHHHPHPHHHPH,-7
984,HHPHHHPHPHHHPH,-7
985,HHPHHHPHPHHHPH,-7
986,HHPHHHPHPHHHPH,-6
987,HHPHHHPHPHHHPH,-6
988,HHPHHHPHPHHHPH,-7
989,HHPHHHPHPHHHPH,-8
990,HHPHHHPHPHHHPH,-7
991,HHPHHHPHPHHHPH,-8
992,HHPHHHPHPHHHPH,-6
993,HHPHHHPHPHHHPH,-7
994,HHPHHHPHPHHHPH,-7
995,HHPHHHPHPHHHPH,-7
996,HHPHHHPHPHHHPH,-7
997,HHPHHHPHPHHHPH,-7
998,HHPHHHPHPHHHPH,-6
999,HHPHHHPHPHHHPH,-6

Average:,-3.541


0,HPHPPHHPHPPHPHHPPHPH,0
1,HPHPPHHPHPPHPHHPPHPH,-1
2,HPHPPHHPHPPHPHHPPHPH,-2
3,HPHPPHHPHPPHPHHPPHPH,-1
4,HPHPPHHPHPPHPHHPPHPH,-1
5,HPHPPHHPHPPHPHHPPHPH,-2
6,HPHPPHHPHPPHPHHPPHPH,-2
7,HPHPPHHPHPPHPHHPPHPH,-2
8,HPHPPHHPHPPHPHHPPHPH,-1
9,HPHPPHHPHPPHPHHPPHPH,-1
10,HPHPPHHPHPPHPHHPPHPH,-1
11,HPHPPHHPHPPHPHHPPHPH,0
12,HPHPPHHPHPPHPHHPPHPH,0
13,HPHPPHHPHPPHPHHPPHPH,-1
14,HPHPPHHPHPPHPHHPPHPH,-2
15,HPHPPHHPHPPHPHHPPHPH,-3
16,HPHPPHHPHPPHPHHPPHPH,0
17,HPHPPHHPHPPHPHHPPHPH,-4
18,HPHPPHHPHPPHPHHPPHPH,0
19,HPHPPHHPHPPHPHHPPHPH,-1
20,HPHPPHHPHPPHPHHPPHPH,-2
21,HPHPPHHPHPPHPHHPPHPH,-2
22,HPHPPHHPHPPHPHHPPHPH,0
23,HPHPPHHPHPPHPHHPPHPH,-1
24,HPHPPHHPHPPHPHHPPHPH,0
25,HPHPPHHPHPPHPHHPPHPH,-1
26,HPHPPHHPHPPHPHHPPHPH,0
27,HPHPPHHPHPPHPHHPPHPH,-1
28,HPHPPHHPHPPHPHHPPHPH,0
29,HPHPPHHPHPPHPHHPPHPH,0
30,HPHPPHHPHPPHPHHPPHPH,-1
31,HPHPPHHPHPPHPHHPPHPH,-1
32,HPHPPHHPHPPHPHHPPHPH,0
33,HPHPPHHPHPPHPHHPPHPH,-1
34,HPHPPHHPHPPHPHHPPHPH,-3
35,HPHPPHHPHPPHPHHPPHPH,-1
36,HPHPPHHPHPPHPHHPPHPH,-1
37,HPHPPHHPHPPHPHHPPHPH,-1
38,HPHPPHHPHPPHPHHPPHPH,-1
39,HPHPPHHPHPPHPHHPPHPH,-2
40,HPHPPHHPHPPHPHHPPHPH,-2
41,HPHPPHHPHPPHPHHPPHPH,0
42,HPHPPHHPHPPHPHHPPHPH,-1
43,HPHPPHHPHPPHPHHPPHPH,0
44,HPHPPHHPHPPHPHHPPHPH,0
45,HPHPPHHPHPPHPHHPPHPH,0
46,HPHPPHHPHPPHPHHPPHPH,-4
47,HPHPPHHPHPPHPHHPPHPH,-2
48,HPHPPHHPHPPHPHHPPHPH,0
49,HPHPPHHPHPPHPHHPPHPH,0
50,HPHPPHHPHPPHPHHPPHPH,0
51,HPHPPHHPHPPHPHHPPHPH,-2
52,HPHPPHHPHPPHPHHPPHPH,-3
53,HPHPPHHPHPPHPHHPPHPH,-2
54,HPHPPHHPHPPHPHHPPHPH,-2
55,HPHPPHHPHPPHPHHPPHPH,-3
56,HPHPPHHPHPPHPHHPPHPH,0
57,HPHPPHHPHPPHPHHPPHPH,-1
58,HPHPPHHPHPPHPHHPPHPH,0
59,HPHPPHHPHPPHPHHPPHPH,-3
60,HPHPPHHPHPPHPHHPPHPH,0
61,HPHPPHHPHPPHPHHPPHPH,-1
62,HPHPPHHPHPPHPHHPPHPH,0
63,HPHPPHHPHPPHPHHPPHPH,-1
64,HPHPPHHPHPPHPHHPPHPH,-1
65,HPHPPHHPHPPHPHHPPHPH,-1
66,HPHPPHHPHPPHPHHPPHPH,-2
67,HPHPPHHPHPPHPHHPPHPH,-2
68,HPHPPHHPHPPHPHHPPHPH,-3
69,HPHPPHHPHPPHPHHPPHPH,-2
70,HPHPPHHPHPPHPHHPPHPH,-2
71,HPHPPHHPHPPHPHHPPHPH,-2
72,HPHPPHHPHPPHPHHPPHPH,-2
73,HPHPPHHPHPPHPHHPPHPH,-2
74,HPHPPHHPHPPHPHHPPHPH,-2
75,HPHPPHHPHPPHPHHPPHPH,-2
76,HPHPPHHPHPPHPHHPPHPH,-1
77,HPHPPHHPHPPHPHHPPHPH,-3
78,HPHPPHHPHPPHPHHPPHPH,-1
79,HPHPPHHPHPPHPHHPPHPH,-2
80,HPHPPHHPHPPHPHHPPHPH,-2
81,HPHPPHHPHPPHPHHPPHPH,-1
82,HPHPPHHPHPPHPHHPPHPH,-2
83,HPHPPHHPHPPHPHHPPHPH,-2
84,HPHPPHHPHPPHPHHPPHPH,-1
85,HPHPPHHPHPPHPHHPPHPH,-4
86,HPHPPHHPHPPHPHHPPHPH,-2
87,HPHPPHHPHPPHPHHPPHPH,-1
88,HPHPPHHPHPPHPHHPPHPH,-2
89,HPHPPHHPHPPHPHHPPHPH,-1
90,HPHPPHHPHPPHPHHPPHPH,-1
91,HPHPPHHPHPPHPHHPPHPH,-3
92,HPHPPHHPHPPHPHHPPHPH,-3
93,HPHPPHHPHPPHPHHPPHPH,-2
94,HPHPPHHPHPPHPHHPPHPH,-3
95,HPHPPHHPHPPHPHHPPHPH,-3
96,HPHPPHHPHPPHPHHPPHPH,-2
97,HPHPPHHPHPPHPHHPPHPH,-1
98,HPHPPHHPHPPHPHHPPHPH,-3
99,HPHPPHHPHPPHPHHPPHPH,-1
100,HPHPPHHPHPPHPHHPPHPH,-2
101,HPHPPHHPHPPHPHHPPHPH,-2
102,HPHPPHHPHPPHPHHPPHPH,-1
103,HPHPPHHPHPPHPHHPPHPH,-2
104,HPHPPHHPHPPHPHHPPHPH,-1
105,HPHPPHHPHPPHPHHPPHPH,-2
106,HPHPPHHPHPPHPHHPPHPH,-2
107,HPHPPHHPHPPHPHHPPHPH,-1
108,HPHPPHHPHPPHPHHPPHPH,-3
109,HPHPPHHPHPPHPHHPPHPH,-2
110,HPHPPHHPHPPHPHHPPHPH,-2
111,HPHPPHHPHPPHPHHPPHPH,-4
112,HPHPPHHPHPPHPHHPPHPH,-1
113,HPHPPHHPHPPHPHHPPHPH,-1
114,HPHPPHHPHPPHPHHPPHPH,-1
115,HPHPPHHPHPPHPHHPPHPH,-3
116,HPHPPHHPHPPHPHHPPHPH,-1
117,HPHPPHHPHPPHPHHPPHPH,-2
118,HPHPPHHPHPPHPHHPPHPH,-1
119,HPHPPHHPHPPHPHHPPHPH,-2
120,HPHPPHHPHPPHPHHPPHPH,-1
121,HPHPPHHPHPPHPHHPPHPH,-1
122,HPHPPHHPHPPHPHHPPHPH,-2
123,HPHPPHHPHPPHPHHPPHPH,-2
124,HPHPPHHPHPPHPHHPPHPH,-2
125,HPHPPHHPHPPHPHHPPHPH,-2
126,HPHPPHHPHPPHPHHPPHPH,-2
127,HPHPPHHPHPPHPHHPPHPH,-2
128,HPHPPHHPHPPHPHHPPHPH,-2
129,HPHPPHHPHPPHPHHPPHPH,-2
130,HPHPPHHPHPPHPHHPPHPH,-2
131,HPHPPHHPHPPHPHHPPHPH,-2
132,HPHPPHHPHPPHPHHPPHPH,-2
133,HPHPPHHPHPPHPHHPPHPH,-4
134,HPHPPHHPHPPHPHHPPHPH,-2
135,HPHPPHHPHPPHPHHPPHPH,-2
136,HPHPPHHPHPPHPHHPPHPH,-1
137,HPHPPHHPHPPHPHHPPHPH,-5
138,HPHPPHHPHPPHPHHPPHPH,-4
139,HPHPPHHPHPPHPHHPPHPH,-3
140,HPHPPHHPHPPHPHHPPHPH,-2
141,HPHPPHHPHPPHPHHPPHPH,-4
142,HPHPPHHPHPPHPHHPPHPH,-1
143,HPHPPHHPHPPHPHHPPHPH,-3
144,HPHPPHHPHPPHPHHPPHPH,-1
145,HPHPPHHPHPPHPHHPPHPH,-5
146,HPHPPHHPHPPHPHHPPHPH,-1
147,HPHPPHHPHPPHPHHPPHPH,-3
148,HPHPPHHPHPPHPHHPPHPH,-1
149,HPHPPHHPHPPHPHHPPHPH,-2
150,HPHPPHHPHPPHPHHPPHPH,-2
151,HPHPPHHPHPPHPHHPPHPH,-4
152,HPHPPHHPHPPHPHHPPHPH,-4
153,HPHPPHHPHPPHPHHPPHPH,-4
154,HPHPPHHPHPPHPHHPPHPH,-2
155,HPHPPHHPHPPHPHHPPHPH,-1
156,HPHPPHHPHPPHPHHPPHPH,-1
157,HPHPPHHPHPPHPHHPPHPH,-2
158,HPHPPHHPHPPHPHHPPHPH,-1
159,HPHPPHHPHPPHPHHPPHPH,-2
160,HPHPPHHPHPPHPHHPPHPH,-1
161,HPHPPHHPHPPHPHHPPHPH,-1
162,HPHPPHHPHPPHPHHPPHPH,-2
163,HPHPPHHPHPPHPHHPPHPH,-2
164,HPHPPHHPHPPHPHHPPHPH,-2
165,HPHPPHHPHPPHPHHPPHPH,-2
166,HPHPPHHPHPPHPHHPPHPH,-1
167,HPHPPHHPHPPHPHHPPHPH,-2
168,HPHPPHHPHPPHPHHPPHPH,-3
169,HPHPPHHPHPPHPHHPPHPH,-1
170,HPHPPHHPHPPHPHHPPHPH,-1
171,HPHPPHHPHPPHPHHPPHPH,-1
172,HPHPPHHPHPPHPHHPPHPH,-2
173,HPHPPHHPHPPHPHHPPHPH,-1
174,HPHPPHHPHPPHPHHPPHPH,-2
175,HPHPPHHPHPPHPHHPPHPH,-2
176,HPHPPHHPHPPHPHHPPHPH,-1
177,HPHPPHHPHPPHPHHPPHPH,-1
178,HPHPPHHPHPPHPHHPPHPH,-1
179,HPHPPHHPHPPHPHHPPHPH,-2
180,HPHPPHHPHPPHPHHPPHPH,-2
181,HPHPPHHPHPPHPHHPPHPH,-2
182,HPHPPHHPHPPHPHHPPHPH,-2
183,HPHPPHHPHPPHPHHPPHPH,-1
184,HPHPPHHPHPPHPHHPPHPH,-1
185,HPHPPHHPHPPHPHHPPHPH,-1
186,HPHPPHHPHPPHPHHPPHPH,-2
187,HPHPPHHPHPPHPHHPPHPH,-2
188,HPHPPHHPHPPHPHHPPHPH,-3
189,HPHPPHHPHPPHPHHPPHPH,-2
190,HPHPPHHPHPPHPHHPPHPH,-2
191,HPHPPHHPHPPHPHHPPHPH,-3
192,HPHPPHHPHPPHPHHPPHPH,-1
193,HPHPPHHPHPPHPHHPPHPH,-2
194,HPHPPHHPHPPHPHHPPHPH,-3
195,HPHPPHHPHPPHPHHPPHPH,-2
196,HPHPPHHPHPPHPHHPPHPH,-2
197,HPHPPHHPHPPHPHHPPHPH,-2
198,HPHPPHHPHPPHPHHPPHPH,-1
199,HPHPPHHPHPPHPHHPPHPH,-1
200,HPHPPHHPHPPHPHHPPHPH,-1
201,HPHPPHHPHPPHPHHPPHPH,-2
202,HPHPPHHPHPPHPHHPPHPH,-3
203,HPHPPHHPHPPHPHHPPHPH,-2
204,HPHPPHHPHPPHPHHPPHPH,-1
205,HPHPPHHPHPPHPHHPPHPH,-4
206,HPHPPHHPHPPHPHHPPHPH,-2
207,HPHPPHHPHPPHPHHPPHPH,-1
208,HPHPPHHPHPPHPHHPPHPH,-2
209,HPHPPHHPHPPHPHHPPHPH,-1
210,HPHPPHHPHPPHPHHPPHPH,-1
211,HPHPPHHPHPPHPHHPPHPH,-2
212,HPHPPHHPHPPHPHHPPHPH,-1
213,HPHPPHHPHPPHPHHPPHPH,-1
214,HPHPPHHPHPPHPHHPPHPH,-2
215,HPHPPHHPHPPHPHHPPHPH,-4
216,HPHPPHHPHPPHPHHPPHPH,-4
217,HPHPPHHPHPPHPHHPPHPH,-2
218,HPHPPHHPHPPHPHHPPHPH,-1
219,HPHPPHHPHPPHPHHPPHPH,-3
220,HPHPPHHPHPPHPHHPPHPH,-1
221,HPHPPHHPHPPHPHHPPHPH,-1
222,HPHPPHHPHPPHPHHPPHPH,-2
223,HPHPPHHPHPPHPHHPPHPH,-1
224,HPHPPHHPHPPHPHHPPHPH,-2
225,HPHPPHHPHPPHPHHPPHPH,-3
226,HPHPPHHPHPPHPHHPPHPH,-2
227,HPHPPHHPHPPHPHHPPHPH,-2
228,HPHPPHHPHPPHPHHPPHPH,-1
229,HPHPPHHPHPPHPHHPPHPH,-3
230,HPHPPHHPHPPHPHHPPHPH,-1
231,HPHPPHHPHPPHPHHPPHPH,-2
232,HPHPPHHPHPPHPHHPPHPH,-2
233,HPHPPHHPHPPHPHHPPHPH,-1
234,HPHPPHHPHPPHPHHPPHPH,-2
235,HPHPPHHPHPPHPHHPPHPH,-3
236,HPHPPHHPHPPHPHHPPHPH,-1
237,HPHPPHHPHPPHPHHPPHPH,-2
238,HPHPPHHPHPPHPHHPPHPH,-1
239,HPHPPHHPHPPHPHHPPHPH,-1
240,HPHPPHHPHPPHPHHPPHPH,-2
241,HPHPPHHPHPPHPHHPPHPH,-4
242,HPHPPHHPHPPHPHHPPHPH,-1
243,HPHPPHHPHPPHPHHPPHPH,-1
244,HPHPPHHPHPPHPHHPPHPH,-2
245,HPHPPHHPHPPHPHHPPHPH,-2
246,HPHPPHHPHPPHPHHPPHPH,-2
247,HPHPPHHPHPPHPHHPPHPH,-1
248,HPHPPHHPHPPHPHHPPHPH,-2
249,HPHPPHHPHPPHPHHPPHPH,-2
250,HPHPPHHPHPPHPHHPPHPH,-2
251,HPHPPHHPHPPHPHHPPHPH,-3
252,HPHPPHHPHPPHPHHPPHPH,-2
253,HPHPPHHPHPPHPHHPPHPH,-1
254,HPHPPHHPHPPHPHHPPHPH,-1
255,HPHPPHHPHPPHPHHPPHPH,-2
256,HPHPPHHPHPPHPHHPPHPH,-3
257,HPHPPHHPHPPHPHHPPHPH,-2
258,HPHPPHHPHPPHPHHPPHPH,-2
259,HPHPPHHPHPPHPHHPPHPH,-2
260,HPHPPHHPHPPHPHHPPHPH,-2
261,HPHPPHHPHPPHPHHPPHPH,-2
262,HPHPPHHPHPPHPHHPPHPH,-1
263,HPHPPHHPHPPHPHHPPHPH,-1
264,HPHPPHHPHPPHPHHPPHPH,-3
265,HPHPPHHPHPPHPHHPPHPH,-1
266,HPHPPHHPHPPHPHHPPHPH,-1
267,HPHPPHHPHPPHPHHPPHPH,-1
268,HPHPPHHPHPPHPHHPPHPH,-2
269,HPHPPHHPHPPHPHHPPHPH,-2
270,HPHPPHHPHPPHPHHPPHPH,-2
271,HPHPPHHPHPPHPHHPPHPH,-1
272,HPHPPHHPHPPHPHHPPHPH,-1
273,HPHPPHHPHPPHPHHPPHPH,-5
274,HPHPPHHPHPPHPHHPPHPH,-1
275,HPHPPHHPHPPHPHHPPHPH,-3
276,HPHPPHHPHPPHPHHPPHPH,-1
277,HPHPPHHPHPPHPHHPPHPH,-3
278,HPHPPHHPHPPHPHHPPHPH,-3
279,HPHPPHHPHPPHPHHPPHPH,-4
280,HPHPPHHPHPPHPHHPPHPH,-2
281,HPHPPHHPHPPHPHHPPHPH,-1
282,HPHPPHHPHPPHPHHPPHPH,-3
283,HPHPPHHPHPPHPHHPPHPH,-3
284,HPHPPHHPHPPHPHHPPHPH,-2
285,HPHPPHHPHPPHPHHPPHPH,-2
286,HPHPPHHPHPPHPHHPPHPH,-3
287,HPHPPHHPHPPHPHHPPHPH,-2
288,HPHPPHHPHPPHPHHPPHPH,-1
289,HPHPPHHPHPPHPHHPPHPH,-2
290,HPHPPHHPHPPHPHHPPHPH,-2
291,HPHPPHHPHPPHPHHPPHPH,-1
292,HPHPPHHPHPPHPHHPPHPH,-3
293,HPHPPHHPHPPHPHHPPHPH,-1
294,HPHPPHHPHPPHPHHPPHPH,-3
295,HPHPPHHPHPPHPHHPPHPH,-2
296,HPHPPHHPHPPHPHHPPHPH,-2
297,HPHPPHHPHPPHPHHPPHPH,-2
298,HPHPPHHPHPPHPHHPPHPH,-3
299,HPHPPHHPHPPHPHHPPHPH,-2
300,HPHPPHHPHPPHPHHPPHPH,-2
301,HPHPPHHPHPPHPHHPPHPH,-1
302,HPHPPHHPHPPHPHHPPHPH,-1
303,HPHPPHHPHPPHPHHPPHPH,-1
304,HPHPPHHPHPPHPHHPPHPH,-4
305,HPHPPHHPHPPHPHHPPHPH,-1
306,HPHPPHHPHPPHPHHPPHPH,-1
307,HPHPPHHPHPPHPHHPPHPH,-2
308,HPHPPHHPHPPHPHHPPHPH,-4
309,HPHPPHHPHPPHPHHPPHPH,-1
310,HPHPPHHPHPPHPHHPPHPH,-1
311,HPHPPHHPHPPHPHHPPHPH,-2
312,HPHPPHHPHPPHPHHPPHPH,-3
313,HPHPPHHPHPPHPHHPPHPH,-4
314,HPHPPHHPHPPHPHHPPHPH,-2
315,HPHPPHHPHPPHPHHPPHPH,-4
316,HPHPPHHPHPPHPHHPPHPH,-1
317,HPHPPHHPHPPHPHHPPHPH,-3
318,HPHPPHHPHPPHPHHPPHPH,-1
319,HPHPPHHPHPPHPHHPPHPH,-5
320,HPHPPHHPHPPHPHHPPHPH,-3
321,HPHPPHHPHPPHPHHPPHPH,-2
322,HPHPPHHPHPPHPHHPPHPH,-2
323,HPHPPHHPHPPHPHHPPHPH,-2
324,HPHPPHHPHPPHPHHPPHPH,-1
325,HPHPPHHPHPPHPHHPPHPH,-2
326,HPHPPHHPHPPHPHHPPHPH,-1
327,HPHPPHHPHPPHPHHPPHPH,-2
328,HPHPPHHPHPPHPHHPPHPH,-1
329,HPHPPHHPHPPHPHHPPHPH,-1
330,HPHPPHHPHPPHPHHPPHPH,-2
331,HPHPPHHPHPPHPHHPPHPH,-1
332,HPHPPHHPHPPHPHHPPHPH,-2
333,HPHPPHHPHPPHPHHPPHPH,-1
334,HPHPPHHPHPPHPHHPPHPH,-2
335,HPHPPHHPHPPHPHHPPHPH,-1
336,HPHPPHHPHPPHPHHPPHPH,-2
337,HPHPPHHPHPPHPHHPPHPH,-2
338,HPHPPHHPHPPHPHHPPHPH,-2
339,HPHPPHHPHPPHPHHPPHPH,-1
340,HPHPPHHPHPPHPHHPPHPH,-2
341,HPHPPHHPHPPHPHHPPHPH,-3
342,HPHPPHHPHPPHPHHPPHPH,-1
343,HPHPPHHPHPPHPHHPPHPH,-4
344,HPHPPHHPHPPHPHHPPHPH,-2
345,HPHPPHHPHPPHPHHPPHPH,-3
346,HPHPPHHPHPPHPHHPPHPH,-2
347,HPHPPHHPHPPHPHHPPHPH,-5
348,HPHPPHHPHPPHPHHPPHPH,-4
349,HPHPPHHPHPPHPHHPPHPH,-3
350,HPHPPHHPHPPHPHHPPHPH,-2
351,HPHPPHHPHPPHPHHPPHPH,-1
352,HPHPPHHPHPPHPHHPPHPH,-3
353,HPHPPHHPHPPHPHHPPHPH,-2
354,HPHPPHHPHPPHPHHPPHPH,-2
355,HPHPPHHPHPPHPHHPPHPH,-1
356,HPHPPHHPHPPHPHHPPHPH,-1
357,HPHPPHHPHPPHPHHPPHPH,-1
358,HPHPPHHPHPPHPHHPPHPH,-3
359,HPHPPHHPHPPHPHHPPHPH,-1
360,HPHPPHHPHPPHPHHPPHPH,-1
361,HPHPPHHPHPPHPHHPPHPH,-4
362,HPHPPHHPHPPHPHHPPHPH,-2
363,HPHPPHHPHPPHPHHPPHPH,-1
364,HPHPPHHPHPPHPHHPPHPH,-3
365,HPHPPHHPHPPHPHHPPHPH,-1
366,HPHPPHHPHPPHPHHPPHPH,-2
367,HPHPPHHPHPPHPHHPPHPH,-1
368,HPHPPHHPHPPHPHHPPHPH,-2
369,HPHPPHHPHPPHPHHPPHPH,-3
370,HPHPPHHPHPPHPHHPPHPH,-2
371,HPHPPHHPHPPHPHHPPHPH,-2
372,HPHPPHHPHPPHPHHPPHPH,-1
373,HPHPPHHPHPPHPHHPPHPH,-2
374,HPHPPHHPHPPHPHHPPHPH,-1
375,HPHPPHHPHPPHPHHPPHPH,-1
376,HPHPPHHPHPPHPHHPPHPH,-3
377,HPHPPHHPHPPHPHHPPHPH,-4
378,HPHPPHHPHPPHPHHPPHPH,-3
379,HPHPPHHPHPPHPHHPPHPH,-4
380,HPHPPHHPHPPHPHHPPHPH,-3
381,HPHPPHHPHPPHPHHPPHPH,-3
382,HPHPPHHPHPPHPHHPPHPH,-4
383,HPHPPHHPHPPHPHHPPHPH,-3
384,HPHPPHHPHPPHPHHPPHPH,-3
385,HPHPPHHPHPPHPHHPPHPH,-3
386,HPHPPHHPHPPHPHHPPHPH,-3
387,HPHPPHHPHPPHPHHPPHPH,-3
388,HPHPPHHPHPPHPHHPPHPH,-3
389,HPHPPHHPHPPHPHHPPHPH,-3
390,HPHPPHHPHPPHPHHPPHPH,-4
391,HPHPPHHPHPPHPHHPPHPH,-4
392,HPHPPHHPHPPHPHHPPHPH,-3
393,HPHPPHHPHPPHPHHPPHPH,-3
394,HPHPPHHPHPPHPHHPPHPH,-4
395,HPHPPHHPHPPHPHHPPHPH,-3
396,HPHPPHHPHPPHPHHPPHPH,-4
397,HPHPPHHPHPPHPHHPPHPH,-5
398,HPHPPHHPHPPHPHHPPHPH,-3
399,HPHPPHHPHPPHPHHPPHPH,-5
400,HPHPPHHPHPPHPHHPPHPH,-3
401,HPHPPHHPHPPHPHHPPHPH,-3
402,HPHPPHHPHPPHPHHPPHPH,-3
403,HPHPPHHPHPPHPHHPPHPH,-4
404,HPHPPHHPHPPHPHHPPHPH,-3
405,HPHPPHHPHPPHPHHPPHPH,-4
406,HPHPPHHPHPPHPHHPPHPH,-3
407,HPHPPHHPHPPHPHHPPHPH,-3
408,HPHPPHHPHPPHPHHPPHPH,-4
409,HPHPPHHPHPPHPHHPPHPH,-3
410,HPHPPHHPHPPHPHHPPHPH,-3
411,HPHPPHHPHPPHPHHPPHPH,-3
412,HPHPPHHPHPPHPHHPPHPH,-3
413,HPHPPHHPHPPHPHHPPHPH,-3
414,HPHPPHHPHPPHPHHPPHPH,-3
415,HPHPPHHPHPPHPHHPPHPH,-4
416,HPHPPHHPHPPHPHHPPHPH,-4
417,HPHPPHHPHPPHPHHPPHPH,-3
418,HPHPPHHPHPPHPHHPPHPH,-4
419,HPHPPHHPHPPHPHHPPHPH,-4
420,HPHPPHHPHPPHPHHPPHPH,-3
421,HPHPPHHPHPPHPHHPPHPH,-3
422,HPHPPHHPHPPHPHHPPHPH,-3
423,HPHPPHHPHPPHPHHPPHPH,-4
424,HPHPPHHPHPPHPHHPPHPH,-5
425,HPHPPHHPHPPHPHHPPHPH,-4
426,HPHPPHHPHPPHPHHPPHPH,-4
427,HPHPPHHPHPPHPHHPPHPH,-3
428,HPHPPHHPHPPHPHHPPHPH,-3
429,HPHPPHHPHPPHPHHPPHPH,-3
430,HPHPPHHPHPPHPHHPPHPH,-4
431,HPHPPHHPHPPHPHHPPHPH,-3
432,HPHPPHHPHPPHPHHPPHPH,-4
433,HPHPPHHPHPPHPHHPPHPH,-3
434,HPHPPHHPHPPHPHHPPHPH,-3
435,HPHPPHHPHPPHPHHPPHPH,-3
436,HPHPPHHPHPPHPHHPPHPH,-4
437,HPHPPHHPHPPHPHHPPHPH,-4
438,HPHPPHHPHPPHPHHPPHPH,-4
439,HPHPPHHPHPPHPHHPPHPH,-3
440,HPHPPHHPHPPHPHHPPHPH,-4
441,HPHPPHHPHPPHPHHPPHPH,-3
442,HPHPPHHPHPPHPHHPPHPH,-3
443,HPHPPHHPHPPHPHHPPHPH,-3
444,HPHPPHHPHPPHPHHPPHPH,-3
445,HPHPPHHPHPPHPHHPPHPH,-3
446,HPHPPHHPHPPHPHHPPHPH,-5
447,HPHPPHHPHPPHPHHPPHPH,-3
448,HPHPPHHPHPPHPHHPPHPH,-3
449,HPHPPHHPHPPHPHHPPHPH,-5
450,HPHPPHHPHPPHPHHPPHPH,-3
451,HPHPPHHPHPPHPHHPPHPH,-5
452,HPHPPHHPHPPHPHHPPHPH,-3
453,HPHPPHHPHPPHPHHPPHPH,-3
454,HPHPPHHPHPPHPHHPPHPH,-3
455,HPHPPHHPHPPHPHHPPHPH,-4
456,HPHPPHHPHPPHPHHPPHPH,-3
457,HPHPPHHPHPPHPHHPPHPH,-4
458,HPHPPHHPHPPHPHHPPHPH,-3
459,HPHPPHHPHPPHPHHPPHPH,-4
460,HPHPPHHPHPPHPHHPPHPH,-3
461,HPHPPHHPHPPHPHHPPHPH,-5
462,HPHPPHHPHPPHPHHPPHPH,-5
463,HPHPPHHPHPPHPHHPPHPH,-4
464,HPHPPHHPHPPHPHHPPHPH,-4
465,HPHPPHHPHPPHPHHPPHPH,-3
466,HPHPPHHPHPPHPHHPPHPH,-3
467,HPHPPHHPHPPHPHHPPHPH,-3
468,HPHPPHHPHPPHPHHPPHPH,-3
469,HPHPPHHPHPPHPHHPPHPH,-4
470,HPHPPHHPHPPHPHHPPHPH,-3
471,HPHPPHHPHPPHPHHPPHPH,-4
472,HPHPPHHPHPPHPHHPPHPH,-3
473,HPHPPHHPHPPHPHHPPHPH,-5
474,HPHPPHHPHPPHPHHPPHPH,-3
475,HPHPPHHPHPPHPHHPPHPH,-4
476,HPHPPHHPHPPHPHHPPHPH,-3
477,HPHPPHHPHPPHPHHPPHPH,-3
478,HPHPPHHPHPPHPHHPPHPH,-3
479,HPHPPHHPHPPHPHHPPHPH,-3
480,HPHPPHHPHPPHPHHPPHPH,-3
481,HPHPPHHPHPPHPHHPPHPH,-3
482,HPHPPHHPHPPHPHHPPHPH,-3
483,HPHPPHHPHPPHPHHPPHPH,-4
484,HPHPPHHPHPPHPHHPPHPH,-3
485,HPHPPHHPHPPHPHHPPHPH,-4
486,HPHPPHHPHPPHPHHPPHPH,-4
487,HPHPPHHPHPPHPHHPPHPH,-4
488,HPHPPHHPHPPHPHHPPHPH,-4
489,HPHPPHHPHPPHPHHPPHPH,-3
490,HPHPPHHPHPPHPHHPPHPH,-3
491,HPHPPHHPHPPHPHHPPHPH,-5
492,HPHPPHHPHPPHPHHPPHPH,-4
493,HPHPPHHPHPPHPHHPPHPH,-5
494,HPHPPHHPHPPHPHHPPHPH,-4
495,HPHPPHHPHPPHPHHPPHPH,-3
496,HPHPPHHPHPPHPHHPPHPH,-3
497,HPHPPHHPHPPHPHHPPHPH,-4
498,HPHPPHHPHPPHPHHPPHPH,-4
499,HPHPPHHPHPPHPHHPPHPH,-3
500,HPHPPHHPHPPHPHHPPHPH,-4
501,HPHPPHHPHPPHPHHPPHPH,-5
502,HPHPPHHPHPPHPHHPPHPH,-3
503,HPHPPHHPHPPHPHHPPHPH,-3
504,HPHPPHHPHPPHPHHPPHPH,-3
505,HPHPPHHPHPPHPHHPPHPH,-3
506,HPHPPHHPHPPHPHHPPHPH,-4
507,HPHPPHHPHPPHPHHPPHPH,-4
508,HPHPPHHPHPPHPHHPPHPH,-4
509,HPHPPHHPHPPHPHHPPHPH,-3
510,HPHPPHHPHPPHPHHPPHPH,-4
511,HPHPPHHPHPPHPHHPPHPH,-3
512,HPHPPHHPHPPHPHHPPHPH,-3
513,HPHPPHHPHPPHPHHPPHPH,-3
514,HPHPPHHPHPPHPHHPPHPH,-4
515,HPHPPHHPHPPHPHHPPHPH,-3
516,HPHPPHHPHPPHPHHPPHPH,-3
517,HPHPPHHPHPPHPHHPPHPH,-3
518,HPHPPHHPHPPHPHHPPHPH,-4
519,HPHPPHHPHPPHPHHPPHPH,-4
520,HPHPPHHPHPPHPHHPPHPH,-4
521,HPHPPHHPHPPHPHHPPHPH,-4
522,HPHPPHHPHPPHPHHPPHPH,-3
523,HPHPPHHPHPPHPHHPPHPH,-3
524,HPHPPHHPHPPHPHHPPHPH,-3
525,HPHPPHHPHPPHPHHPPHPH,-3
526,HPHPPHHPHPPHPHHPPHPH,-4
527,HPHPPHHPHPPHPHHPPHPH,-4
528,HPHPPHHPHPPHPHHPPHPH,-4
529,HPHPPHHPHPPHPHHPPHPH,-3
530,HPHPPHHPHPPHPHHPPHPH,-3
531,HPHPPHHPHPPHPHHPPHPH,-3
532,HPHPPHHPHPPHPHHPPHPH,-3
533,HPHPPHHPHPPHPHHPPHPH,-3
534,HPHPPHHPHPPHPHHPPHPH,-3
535,HPHPPHHPHPPHPHHPPHPH,-3
536,HPHPPHHPHPPHPHHPPHPH,-4
537,HPHPPHHPHPPHPHHPPHPH,-3
538,HPHPPHHPHPPHPHHPPHPH,-4
539,HPHPPHHPHPPHPHHPPHPH,-3
540,HPHPPHHPHPPHPHHPPHPH,-3
541,HPHPPHHPHPPHPHHPPHPH,-3
542,HPHPPHHPHPPHPHHPPHPH,-4
543,HPHPPHHPHPPHPHHPPHPH,-3
544,HPHPPHHPHPPHPHHPPHPH,-3
545,HPHPPHHPHPPHPHHPPHPH,-3
546,HPHPPHHPHPPHPHHPPHPH,-4
547,HPHPPHHPHPPHPHHPPHPH,-4
548,HPHPPHHPHPPHPHHPPHPH,-3
549,HPHPPHHPHPPHPHHPPHPH,-3
550,HPHPPHHPHPPHPHHPPHPH,-3
551,HPHPPHHPHPPHPHHPPHPH,-4
552,HPHPPHHPHPPHPHHPPHPH,-4
553,HPHPPHHPHPPHPHHPPHPH,-4
554,HPHPPHHPHPPHPHHPPHPH,-4
555,HPHPPHHPHPPHPHHPPHPH,-4
556,HPHPPHHPHPPHPHHPPHPH,-4
557,HPHPPHHPHPPHPHHPPHPH,-5
558,HPHPPHHPHPPHPHHPPHPH,-4
559,HPHPPHHPHPPHPHHPPHPH,-3
560,HPHPPHHPHPPHPHHPPHPH,-4
561,HPHPPHHPHPPHPHHPPHPH,-4
562,HPHPPHHPHPPHPHHPPHPH,-4
563,HPHPPHHPHPPHPHHPPHPH,-4
564,HPHPPHHPHPPHPHHPPHPH,-3
565,HPHPPHHPHPPHPHHPPHPH,-4
566,HPHPPHHPHPPHPHHPPHPH,-4
567,HPHPPHHPHPPHPHHPPHPH,-3
568,HPHPPHHPHPPHPHHPPHPH,-6
569,HPHPPHHPHPPHPHHPPHPH,-4
570,HPHPPHHPHPPHPHHPPHPH,-4
571,HPHPPHHPHPPHPHHPPHPH,-4
572,HPHPPHHPHPPHPHHPPHPH,-4
573,HPHPPHHPHPPHPHHPPHPH,-4
574,HPHPPHHPHPPHPHHPPHPH,-3
575,HPHPPHHPHPPHPHHPPHPH,-4
576,HPHPPHHPHPPHPHHPPHPH,-3
577,HPHPPHHPHPPHPHHPPHPH,-4
578,HPHPPHHPHPPHPHHPPHPH,-3
579,HPHPPHHPHPPHPHHPPHPH,-4
580,HPHPPHHPHPPHPHHPPHPH,-4
581,HPHPPHHPHPPHPHHPPHPH,-6
582,HPHPPHHPHPPHPHHPPHPH,-4
583,HPHPPHHPHPPHPHHPPHPH,-4
584,HPHPPHHPHPPHPHHPPHPH,-4
585,HPHPPHHPHPPHPHHPPHPH,-3
586,HPHPPHHPHPPHPHHPPHPH,-4
587,HPHPPHHPHPPHPHHPPHPH,-3
588,HPHPPHHPHPPHPHHPPHPH,-4
589,HPHPPHHPHPPHPHHPPHPH,-5
590,HPHPPHHPHPPHPHHPPHPH,-4
591,HPHPPHHPHPPHPHHPPHPH,-4
592,HPHPPHHPHPPHPHHPPHPH,-4
593,HPHPPHHPHPPHPHHPPHPH,-3
594,HPHPPHHPHPPHPHHPPHPH,-4
595,HPHPPHHPHPPHPHHPPHPH,-4
596,HPHPPHHPHPPHPHHPPHPH,-4
597,HPHPPHHPHPPHPHHPPHPH,-5
598,HPHPPHHPHPPHPHHPPHPH,-3
599,HPHPPHHPHPPHPHHPPHPH,-5
600,HPHPPHHPHPPHPHHPPHPH,-4
601,HPHPPHHPHPPHPHHPPHPH,-4
602,HPHPPHHPHPPHPHHPPHPH,-4
603,HPHPPHHPHPPHPHHPPHPH,-4
604,HPHPPHHPHPPHPHHPPHPH,-3
605,HPHPPHHPHPPHPHHPPHPH,-4
606,HPHPPHHPHPPHPHHPPHPH,-4
607,HPHPPHHPHPPHPHHPPHPH,-4
608,HPHPPHHPHPPHPHHPPHPH,-4
609,HPHPPHHPHPPHPHHPPHPH,-4
610,HPHPPHHPHPPHPHHPPHPH,-5
611,HPHPPHHPHPPHPHHPPHPH,-4
612,HPHPPHHPHPPHPHHPPHPH,-4
613,HPHPPHHPHPPHPHHPPHPH,-4
614,HPHPPHHPHPPHPHHPPHPH,-3
615,HPHPPHHPHPPHPHHPPHPH,-5
616,HPHPPHHPHPPHPHHPPHPH,-4
617,HPHPPHHPHPPHPHHPPHPH,-5
618,HPHPPHHPHPPHPHHPPHPH,-4
619,HPHPPHHPHPPHPHHPPHPH,-4
620,HPHPPHHPHPPHPHHPPHPH,-4
621,HPHPPHHPHPPHPHHPPHPH,-3
622,HPHPPHHPHPPHPHHPPHPH,-5
623,HPHPPHHPHPPHPHHPPHPH,-4
624,HPHPPHHPHPPHPHHPPHPH,-3
625,HPHPPHHPHPPHPHHPPHPH,-5
626,HPHPPHHPHPPHPHHPPHPH,-4
627,HPHPPHHPHPPHPHHPPHPH,-4
628,HPHPPHHPHPPHPHHPPHPH,-3
629,HPHPPHHPHPPHPHHPPHPH,-4
630,HPHPPHHPHPPHPHHPPHPH,-4
631,HPHPPHHPHPPHPHHPPHPH,-3
632,HPHPPHHPHPPHPHHPPHPH,-4
633,HPHPPHHPHPPHPHHPPHPH,-3
634,HPHPPHHPHPPHPHHPPHPH,-5
635,HPHPPHHPHPPHPHHPPHPH,-4
636,HPHPPHHPHPPHPHHPPHPH,-4
637,HPHPPHHPHPPHPHHPPHPH,-4
638,HPHPPHHPHPPHPHHPPHPH,-4
639,HPHPPHHPHPPHPHHPPHPH,-4
640,HPHPPHHPHPPHPHHPPHPH,-4
641,HPHPPHHPHPPHPHHPPHPH,-4
642,HPHPPHHPHPPHPHHPPHPH,-5
643,HPHPPHHPHPPHPHHPPHPH,-4
644,HPHPPHHPHPPHPHHPPHPH,-4
645,HPHPPHHPHPPHPHHPPHPH,-4
646,HPHPPHHPHPPHPHHPPHPH,-4
647,HPHPPHHPHPPHPHHPPHPH,-3
648,HPHPPHHPHPPHPHHPPHPH,-4
649,HPHPPHHPHPPHPHHPPHPH,-4
650,HPHPPHHPHPPHPHHPPHPH,-4
651,HPHPPHHPHPPHPHHPPHPH,-4
652,HPHPPHHPHPPHPHHPPHPH,-6
653,HPHPPHHPHPPHPHHPPHPH,-4
654,HPHPPHHPHPPHPHHPPHPH,-6
655,HPHPPHHPHPPHPHHPPHPH,-4
656,HPHPPHHPHPPHPHHPPHPH,-4
657,HPHPPHHPHPPHPHHPPHPH,-3
658,HPHPPHHPHPPHPHHPPHPH,-5
659,HPHPPHHPHPPHPHHPPHPH,-5
660,HPHPPHHPHPPHPHHPPHPH,-5
661,HPHPPHHPHPPHPHHPPHPH,-3
662,HPHPPHHPHPPHPHHPPHPH,-4
663,HPHPPHHPHPPHPHHPPHPH,-4
664,HPHPPHHPHPPHPHHPPHPH,-5
665,HPHPPHHPHPPHPHHPPHPH,-5
666,HPHPPHHPHPPHPHHPPHPH,-4
667,HPHPPHHPHPPHPHHPPHPH,-4
668,HPHPPHHPHPPHPHHPPHPH,-4
669,HPHPPHHPHPPHPHHPPHPH,-3
670,HPHPPHHPHPPHPHHPPHPH,-4
671,HPHPPHHPHPPHPHHPPHPH,-3
672,HPHPPHHPHPPHPHHPPHPH,-4
673,HPHPPHHPHPPHPHHPPHPH,-3
674,HPHPPHHPHPPHPHHPPHPH,-4
675,HPHPPHHPHPPHPHHPPHPH,-4
676,HPHPPHHPHPPHPHHPPHPH,-3
677,HPHPPHHPHPPHPHHPPHPH,-4
678,HPHPPHHPHPPHPHHPPHPH,-4
679,HPHPPHHPHPPHPHHPPHPH,-4
680,HPHPPHHPHPPHPHHPPHPH,-4
681,HPHPPHHPHPPHPHHPPHPH,-4
682,HPHPPHHPHPPHPHHPPHPH,-3
683,HPHPPHHPHPPHPHHPPHPH,-4
684,HPHPPHHPHPPHPHHPPHPH,-4
685,HPHPPHHPHPPHPHHPPHPH,-4
686,HPHPPHHPHPPHPHHPPHPH,-4
687,HPHPPHHPHPPHPHHPPHPH,-3
688,HPHPPHHPHPPHPHHPPHPH,-4
689,HPHPPHHPHPPHPHHPPHPH,-3
690,HPHPPHHPHPPHPHHPPHPH,-4
691,HPHPPHHPHPPHPHHPPHPH,-5
692,HPHPPHHPHPPHPHHPPHPH,-4
693,HPHPPHHPHPPHPHHPPHPH,-4
694,HPHPPHHPHPPHPHHPPHPH,-5
695,HPHPPHHPHPPHPHHPPHPH,-4
696,HPHPPHHPHPPHPHHPPHPH,-3
697,HPHPPHHPHPPHPHHPPHPH,-4
698,HPHPPHHPHPPHPHHPPHPH,-3
699,HPHPPHHPHPPHPHHPPHPH,-4
700,HPHPPHHPHPPHPHHPPHPH,-4
701,HPHPPHHPHPPHPHHPPHPH,-4
702,HPHPPHHPHPPHPHHPPHPH,-5
703,HPHPPHHPHPPHPHHPPHPH,-4
704,HPHPPHHPHPPHPHHPPHPH,-5
705,HPHPPHHPHPPHPHHPPHPH,-4
706,HPHPPHHPHPPHPHHPPHPH,-4
707,HPHPPHHPHPPHPHHPPHPH,-4
708,HPHPPHHPHPPHPHHPPHPH,-4
709,HPHPPHHPHPPHPHHPPHPH,-4
710,HPHPPHHPHPPHPHHPPHPH,-4
711,HPHPPHHPHPPHPHHPPHPH,-5
712,HPHPPHHPHPPHPHHPPHPH,-4
713,HPHPPHHPHPPHPHHPPHPH,-5
714,HPHPPHHPHPPHPHHPPHPH,-4
715,HPHPPHHPHPPHPHHPPHPH,-4
716,HPHPPHHPHPPHPHHPPHPH,-5
717,HPHPPHHPHPPHPHHPPHPH,-4
718,HPHPPHHPHPPHPHHPPHPH,-4
719,HPHPPHHPHPPHPHHPPHPH,-4
720,HPHPPHHPHPPHPHHPPHPH,-4
721,HPHPPHHPHPPHPHHPPHPH,-3
722,HPHPPHHPHPPHPHHPPHPH,-4
723,HPHPPHHPHPPHPHHPPHPH,-4
724,HPHPPHHPHPPHPHHPPHPH,-4
725,HPHPPHHPHPPHPHHPPHPH,-3
726,HPHPPHHPHPPHPHHPPHPH,-4
727,HPHPPHHPHPPHPHHPPHPH,-4
728,HPHPPHHPHPPHPHHPPHPH,-4
729,HPHPPHHPHPPHPHHPPHPH,-4
730,HPHPPHHPHPPHPHHPPHPH,-4
731,HPHPPHHPHPPHPHHPPHPH,-4
732,HPHPPHHPHPPHPHHPPHPH,-3
733,HPHPPHHPHPPHPHHPPHPH,-4
734,HPHPPHHPHPPHPHHPPHPH,-4
735,HPHPPHHPHPPHPHHPPHPH,-4
736,HPHPPHHPHPPHPHHPPHPH,-4
737,HPHPPHHPHPPHPHHPPHPH,-4
738,HPHPPHHPHPPHPHHPPHPH,-4
739,HPHPPHHPHPPHPHHPPHPH,-3
740,HPHPPHHPHPPHPHHPPHPH,-4
741,HPHPPHHPHPPHPHHPPHPH,-4
742,HPHPPHHPHPPHPHHPPHPH,-4
743,HPHPPHHPHPPHPHHPPHPH,-4
744,HPHPPHHPHPPHPHHPPHPH,-4
745,HPHPPHHPHPPHPHHPPHPH,-4
746,HPHPPHHPHPPHPHHPPHPH,-4
747,HPHPPHHPHPPHPHHPPHPH,-3
748,HPHPPHHPHPPHPHHPPHPH,-4
749,HPHPPHHPHPPHPHHPPHPH,-3
750,HPHPPHHPHPPHPHHPPHPH,-4
751,HPHPPHHPHPPHPHHPPHPH,-4
752,HPHPPHHPHPPHPHHPPHPH,-4
753,HPHPPHHPHPPHPHHPPHPH,-4
754,HPHPPHHPHPPHPHHPPHPH,-4
755,HPHPPHHPHPPHPHHPPHPH,-4
756,HPHPPHHPHPPHPHHPPHPH,-3
757,HPHPPHHPHPPHPHHPPHPH,-4
758,HPHPPHHPHPPHPHHPPHPH,-3
759,HPHPPHHPHPPHPHHPPHPH,-4
760,HPHPPHHPHPPHPHHPPHPH,-4
761,HPHPPHHPHPPHPHHPPHPH,-4
762,HPHPPHHPHPPHPHHPPHPH,-4
763,HPHPPHHPHPPHPHHPPHPH,-4
764,HPHPPHHPHPPHPHHPPHPH,-4
765,HPHPPHHPHPPHPHHPPHPH,-4
766,HPHPPHHPHPPHPHHPPHPH,-3
767,HPHPPHHPHPPHPHHPPHPH,-4
768,HPHPPHHPHPPHPHHPPHPH,-4
769,HPHPPHHPHPPHPHHPPHPH,-3
770,HPHPPHHPHPPHPHHPPHPH,-4
771,HPHPPHHPHPPHPHHPPHPH,-3
772,HPHPPHHPHPPHPHHPPHPH,-4
773,HPHPPHHPHPPHPHHPPHPH,-3
774,HPHPPHHPHPPHPHHPPHPH,-4
775,HPHPPHHPHPPHPHHPPHPH,-4
776,HPHPPHHPHPPHPHHPPHPH,-4
777,HPHPPHHPHPPHPHHPPHPH,-5
778,HPHPPHHPHPPHPHHPPHPH,-3
779,HPHPPHHPHPPHPHHPPHPH,-4
780,HPHPPHHPHPPHPHHPPHPH,-4
781,HPHPPHHPHPPHPHHPPHPH,-5
782,HPHPPHHPHPPHPHHPPHPH,-4
783,HPHPPHHPHPPHPHHPPHPH,-4
784,HPHPPHHPHPPHPHHPPHPH,-4
785,HPHPPHHPHPPHPHHPPHPH,-4
786,HPHPPHHPHPPHPHHPPHPH,-4
787,HPHPPHHPHPPHPHHPPHPH,-4
788,HPHPPHHPHPPHPHHPPHPH,-4
789,HPHPPHHPHPPHPHHPPHPH,-5
790,HPHPPHHPHPPHPHHPPHPH,-5
791,HPHPPHHPHPPHPHHPPHPH,-4
792,HPHPPHHPHPPHPHHPPHPH,-5
793,HPHPPHHPHPPHPHHPPHPH,-5
794,HPHPPHHPHPPHPHHPPHPH,-4
795,HPHPPHHPHPPHPHHPPHPH,-4
796,HPHPPHHPHPPHPHHPPHPH,-5
797,HPHPPHHPHPPHPHHPPHPH,-5
798,HPHPPHHPHPPHPHHPPHPH,-4
799,HPHPPHHPHPPHPHHPPHPH,-3
800,HPHPPHHPHPPHPHHPPHPH,-5
801,HPHPPHHPHPPHPHHPPHPH,-5
802,HPHPPHHPHPPHPHHPPHPH,-4
803,HPHPPHHPHPPHPHHPPHPH,-6
804,HPHPPHHPHPPHPHHPPHPH,-4
805,HPHPPHHPHPPHPHHPPHPH,-3
806,HPHPPHHPHPPHPHHPPHPH,-3
807,HPHPPHHPHPPHPHHPPHPH,-4
808,HPHPPHHPHPPHPHHPPHPH,-4
809,HPHPPHHPHPPHPHHPPHPH,-5
810,HPHPPHHPHPPHPHHPPHPH,-4
811,HPHPPHHPHPPHPHHPPHPH,-4
812,HPHPPHHPHPPHPHHPPHPH,-3
813,HPHPPHHPHPPHPHHPPHPH,-4
814,HPHPPHHPHPPHPHHPPHPH,-4
815,HPHPPHHPHPPHPHHPPHPH,-4
816,HPHPPHHPHPPHPHHPPHPH,-4
817,HPHPPHHPHPPHPHHPPHPH,-5
818,HPHPPHHPHPPHPHHPPHPH,-3
819,HPHPPHHPHPPHPHHPPHPH,-4
820,HPHPPHHPHPPHPHHPPHPH,-4
821,HPHPPHHPHPPHPHHPPHPH,-4
822,HPHPPHHPHPPHPHHPPHPH,-5
823,HPHPPHHPHPPHPHHPPHPH,-4
824,HPHPPHHPHPPHPHHPPHPH,-3
825,HPHPPHHPHPPHPHHPPHPH,-4
826,HPHPPHHPHPPHPHHPPHPH,-4
827,HPHPPHHPHPPHPHHPPHPH,-5
828,HPHPPHHPHPPHPHHPPHPH,-4
829,HPHPPHHPHPPHPHHPPHPH,-4
830,HPHPPHHPHPPHPHHPPHPH,-4
831,HPHPPHHPHPPHPHHPPHPH,-4
832,HPHPPHHPHPPHPHHPPHPH,-3
833,HPHPPHHPHPPHPHHPPHPH,-6
834,HPHPPHHPHPPHPHHPPHPH,-4
835,HPHPPHHPHPPHPHHPPHPH,-4
836,HPHPPHHPHPPHPHHPPHPH,-3
837,HPHPPHHPHPPHPHHPPHPH,-5
838,HPHPPHHPHPPHPHHPPHPH,-5
839,HPHPPHHPHPPHPHHPPHPH,-3
840,HPHPPHHPHPPHPHHPPHPH,-4
841,HPHPPHHPHPPHPHHPPHPH,-4
842,HPHPPHHPHPPHPHHPPHPH,-4
843,HPHPPHHPHPPHPHHPPHPH,-3
844,HPHPPHHPHPPHPHHPPHPH,-4
845,HPHPPHHPHPPHPHHPPHPH,-4
846,HPHPPHHPHPPHPHHPPHPH,-5
847,HPHPPHHPHPPHPHHPPHPH,-4
848,HPHPPHHPHPPHPHHPPHPH,-4
849,HPHPPHHPHPPHPHHPPHPH,-5
850,HPHPPHHPHPPHPHHPPHPH,-4
851,HPHPPHHPHPPHPHHPPHPH,-4
852,HPHPPHHPHPPHPHHPPHPH,-4
853,HPHPPHHPHPPHPHHPPHPH,-3
854,HPHPPHHPHPPHPHHPPHPH,-4
855,HPHPPHHPHPPHPHHPPHPH,-4
856,HPHPPHHPHPPHPHHPPHPH,-5
857,HPHPPHHPHPPHPHHPPHPH,-4
858,HPHPPHHPHPPHPHHPPHPH,-4
859,HPHPPHHPHPPHPHHPPHPH,-5
860,HPHPPHHPHPPHPHHPPHPH,-3
861,HPHPPHHPHPPHPHHPPHPH,-4
862,HPHPPHHPHPPHPHHPPHPH,-3
863,HPHPPHHPHPPHPHHPPHPH,-5
864,HPHPPHHPHPPHPHHPPHPH,-4
865,HPHPPHHPHPPHPHHPPHPH,-4
866,HPHPPHHPHPPHPHHPPHPH,-4
867,HPHPPHHPHPPHPHHPPHPH,-3
868,HPHPPHHPHPPHPHHPPHPH,-5
869,HPHPPHHPHPPHPHHPPHPH,-3
870,HPHPPHHPHPPHPHHPPHPH,-4
871,HPHPPHHPHPPHPHHPPHPH,-4
872,HPHPPHHPHPPHPHHPPHPH,-4
873,HPHPPHHPHPPHPHHPPHPH,-4
874,HPHPPHHPHPPHPHHPPHPH,-3
875,HPHPPHHPHPPHPHHPPHPH,-4
876,HPHPPHHPHPPHPHHPPHPH,-5
877,HPHPPHHPHPPHPHHPPHPH,-3
878,HPHPPHHPHPPHPHHPPHPH,-5
879,HPHPPHHPHPPHPHHPPHPH,-3
880,HPHPPHHPHPPHPHHPPHPH,-5
881,HPHPPHHPHPPHPHHPPHPH,-4
882,HPHPPHHPHPPHPHHPPHPH,-4
883,HPHPPHHPHPPHPHHPPHPH,-4
884,HPHPPHHPHPPHPHHPPHPH,-4
885,HPHPPHHPHPPHPHHPPHPH,-3
886,HPHPPHHPHPPHPHHPPHPH,-5
887,HPHPPHHPHPPHPHHPPHPH,-3
888,HPHPPHHPHPPHPHHPPHPH,-4
889,HPHPPHHPHPPHPHHPPHPH,-3
890,HPHPPHHPHPPHPHHPPHPH,-4
891,HPHPPHHPHPPHPHHPPHPH,-4
892,HPHPPHHPHPPHPHHPPHPH,-5
893,HPHPPHHPHPPHPHHPPHPH,-4
894,HPHPPHHPHPPHPHHPPHPH,-3
895,HPHPPHHPHPPHPHHPPHPH,-4
896,HPHPPHHPHPPHPHHPPHPH,-4
897,HPHPPHHPHPPHPHHPPHPH,-4
898,HPHPPHHPHPPHPHHPPHPH,-4
899,HPHPPHHPHPPHPHHPPHPH,-3
900,HPHPPHHPHPPHPHHPPHPH,-4
901,HPHPPHHPHPPHPHHPPHPH,-3
902,HPHPPHHPHPPHPHHPPHPH,-4
903,HPHPPHHPHPPHPHHPPHPH,-4
904,HPHPPHHPHPPHPHHPPHPH,-4
905,HPHPPHHPHPPHPHHPPHPH,-5
906,HPHPPHHPHPPHPHHPPHPH,-4
907,HPHPPHHPHPPHPHHPPHPH,-3
908,HPHPPHHPHPPHPHHPPHPH,-4
909,HPHPPHHPHPPHPHHPPHPH,-3
910,HPHPPHHPHPPHPHHPPHPH,-4
911,HPHPPHHPHPPHPHHPPHPH,-4
912,HPHPPHHPHPPHPHHPPHPH,-4
913,HPHPPHHPHPPHPHHPPHPH,-3
914,HPHPPHHPHPPHPHHPPHPH,-4
915,HPHPPHHPHPPHPHHPPHPH,-5
916,HPHPPHHPHPPHPHHPPHPH,-4
917,HPHPPHHPHPPHPHHPPHPH,-4
918,HPHPPHHPHPPHPHHPPHPH,-5
919,HPHPPHHPHPPHPHHPPHPH,-4
920,HPHPPHHPHPPHPHHPPHPH,-5
921,HPHPPHHPHPPHPHHPPHPH,-4
922,HPHPPHHPHPPHPHHPPHPH,-4
923,HPHPPHHPHPPHPHHPPHPH,-4
924,HPHPPHHPHPPHPHHPPHPH,-4
925,HPHPPHHPHPPHPHHPPHPH,-3
926,HPHPPHHPHPPHPHHPPHPH,-4
927,HPHPPHHPHPPHPHHPPHPH,-3
928,HPHPPHHPHPPHPHHPPHPH,-4
929,HPHPPHHPHPPHPHHPPHPH,-5
930,HPHPPHHPHPPHPHHPPHPH,-4
931,HPHPPHHPHPPHPHHPPHPH,-5
932,HPHPPHHPHPPHPHHPPHPH,-4
933,HPHPPHHPHPPHPHHPPHPH,-4
934,HPHPPHHPHPPHPHHPPHPH,-4
935,HPHPPHHPHPPHPHHPPHPH,-4
936,HPHPPHHPHPPHPHHPPHPH,-4
937,HPHPPHHPHPPHPHHPPHPH,-3
938,HPHPPHHPHPPHPHHPPHPH,-4
939,HPHPPHHPHPPHPHHPPHPH,-4
940,HPHPPHHPHPPHPHHPPHPH,-4
941,HPHPPHHPHPPHPHHPPHPH,-4
942,HPHPPHHPHPPHPHHPPHPH,-4
943,HPHPPHHPHPPHPHHPPHPH,-4
944,HPHPPHHPHPPHPHHPPHPH,-4
945,HPHPPHHPHPPHPHHPPHPH,-3
946,HPHPPHHPHPPHPHHPPHPH,-4
947,HPHPPHHPHPPHPHHPPHPH,-3
948,HPHPPHHPHPPHPHHPPHPH,-4
949,HPHPPHHPHPPHPHHPPHPH,-3
950,HPHPPHHPHPPHPHHPPHPH,-4
951,HPHPPHHPHPPHPHHPPHPH,-4
952,HPHPPHHPHPPHPHHPPHPH,-3
953,HPHPPHHPHPPHPHHPPHPH,-4
954,HPHPPHHPHPPHPHHPPHPH,-4
955,HPHPPHHPHPPHPHHPPHPH,-4
956,HPHPPHHPHPPHPHHPPHPH,-4
957,HPHPPHHPHPPHPHHPPHPH,-4
958,HPHPPHHPHPPHPHHPPHPH,-4
959,HPHPPHHPHPPHPHHPPHPH,-5
960,HPHPPHHPHPPHPHHPPHPH,-4
961,HPHPPHHPHPPHPHHPPHPH,-4
962,HPHPPHHPHPPHPHHPPHPH,-4
963,HPHPPHHPHPPHPHHPPHPH,-4
964,HPHPPHHPHPPHPHHPPHPH,-4
965,HPHPPHHPHPPHPHHPPHPH,-5
966,HPHPPHHPHPPHPHHPPHPH,-4
967,HPHPPHHPHPPHPHHPPHPH,-4
968,HPHPPHHPHPPHPHHPPHPH,-5
969,HPHPPHHPHPPHPHHPPHPH,-4
970,HPHPPHHPHPPHPHHPPHPH,-4
971,HPHPPHHPHPPHPHHPPHPH,-5
972,HPHPPHHPHPPHPHHPPHPH,-3
973,HPHPPHHPHPPHPHHPPHPH,-4
974,HPHPPHHPHPPHPHHPPHPH,-4
975,HPHPPHHPHPPHPHHPPHPH,-4
976,HPHPPHHPHPPHPHHPPHPH,-4
977,HPHPPHHPHPPHPHHPPHPH,-4
978,HPHPPHHPHPPHPHHPPHPH,-4
979,HPHPPHHPHPPHPHHPPHPH,-4
980,HPHPPHHPHPPHPHHPPHPH,-3
981,HPHPPHHPHPPHPHHPPHPH,-4
982,HPHPPHHPHPPHPHHPPHPH,-3
983,HPHPPHHPHPPHPHHPPHPH,-5
984,HPHPPHHPHPPHPHHPPHPH,-4
985,HPHPPHHPHPPHPHHPPHPH,-3
986,HPHPPHHPHPPHPHHPPHPH,-4
987,HPHPPHHPHPPHPHHPPHPH,-4
988,HPHPPHHPHPPHPHHPPHPH,-4
989,HPHPPHHPHPPHPHHPPHPH,-4
990,HPHPPHHPHPPHPHHPPHPH,-4
991,HPHPPHHPHPPHPHHPPHPH,-5
992,HPHPPHHPHPPHPHHPPHPH,-4
993,HPHPPHHPHPPHPHHPPHPH,-4
994,HPHPPHHPHPPHPHHPPHPH,-3
995,HPHPPHHPHPPHPHHPPHPH,-4
996,HPHPPHHPHPPHPHHPPHPH,-4
997,HPHPPHHPHPPHPHHPPHPH,-3
998,HPHPPHHPHPPHPHHPPHPH,-5
999,HPHPPHHPHPPHPHHPPHPH,-5

Average:,-3.08


0,PPPHHPPHHPPPPPHHHHHHHPPHHPPPPHHPPHPP,-4
1,PPPHHPPHHPPPPPHHHHHHHPPHHPPPPHHPPHPP,-3
2,PPPHHPPHHPPPPPHHHHHHHPPHHPPPPHHPPHPP,-2
3,PPPHHPPHHPPPPPHHHHHHHPPHHPPPPHHPPHPP,-4
4,PPPHHPPHHPPPPPHHHHHHHPPHHPPPPHHPPHPP,-5
5,PPPHHPPHHPPPPPHHHHHHHPPHHPPPPHHPPHPP,-2
6,PPPHHPPHHPPPPPHHHHHHHPPHHPPPPHHPPHPP,-4
7,PPPHHPPHHPPPPPHHHHHHHPPHHPPPPHHPPHPP,-1
8,PPPHHPPHHPPPPPHHHHHHHPPHHPPPPHHPPHPP,-2
9,PPPHHPPHHPPPPPHHHHHHHPPHHPPPPHHPPHPP,0
10,PPPHHPPHHPPPPPHHHHHHHPPHHPPPPHHPPHPP,-1
11,PPPHHPPHHPPPPPHHHHHHHPPHHPPPPHHPPHPP,-3
12,PPPHHPPHHPPPPPHHHHHHHPPHHPPPPHHPPHPP,-1
13,PPPHHPPHHPPPPPHHHHHHHPPHHPPPPHHPPHPP,-5
14,PPPHHPPHHPPPPPHHHHHHHPPHHPPPPHHPPHPP,-3
15,PPPHHPPHHPPPPPHHHHHHHPPHHPPPPHHPPHPP,0
16,PPPHHPPHHPPPPPHHHHHHHPPHHPPPPHHPPHPP,0
17,PPPHHPPHHPPPPPHHHHHHHPPHHPPPPHHPPHPP,-6
18,PPPHHPPHHPPPPPHHHHHHHPPHHPPPPHHPPHPP,0
19,PPPHHPPHHPPPPPHHHHHHHPPHHPPPPHHPPHPP,-2
20,PPPHHPPHHPPPPPHHHHHHHPPHHPPPPHHPPHPP,-4
21,PPPHHPPHHPPPPPHHHHHHHPPHHPPPPHHPPHPP,-3
22,PPPHHPPHHPPPPPHHHHHHHPPHHPPPPHHPPHPP,0
23,PPPHHPPHHPPPPPHHHHHHHPPHHPPPPHHPPHPP,-4
24,PPPHHPPHHPPPPPHHHHHHHPPHHPPPPHHPPHPP,-3
25,PPPHHPPHHPPPPPHHHHHHHPPHHPPPPHHPPHPP,-5
26,PPPHHPPHHPPPPPHHHHHHHPPHHPPPPHHPPHPP,-1
27,PPPHHPPHHPPPPPHHHHHHHPPHHPPPPHHPPHPP,-3
28,PPPHHPPHHPPPPPHHHHHHHPPHHPPPPHHPPHPP,-1
29,PPPHHPPHHPPPPPHHHHHHHPPHHPPPPHHPPHPP,-4
30,PPPHHPPHHPPPPPHHHHHHHPPHHPPPPHHPPHPP,-1
31,PPPHHPPHHPPPPPHHHHHHHPPHHPPPPHHPPHPP,-2
32,PPPHHPPHHPPPPPHHHHHHHPPHHPPPPHHPPHPP,-2
33,PPPHHPPHHPPPPPHHHHHHHPPHHPPPPHHPPHPP,-3
34,PPPHHPPHHPPPPPHHHHHHHPPHHPPPPHHPPHPP,-1
35,PPPHHPPHHPPPPPHHHHHHHPPHHPPPPHHPPHPP,-2
36,PPPHHPPHHPPPPPHHHHHHHPPHHPPPPHHPPHPP,-2
37,PPPHHPPHHPPPPPHHHHHHHPPHHPPPPHHPPHPP,-4
38,PPPHHPPHHPPPPPHHHHHHHPPHHPPPPHHPPHPP,0
39,PPPHHPPHHPPPPPHHHHHHHPPHHPPPPHHPPHPP,-1
40,PPPHHPPHHPPPPPHHHHHHHPPHHPPPPHHPPHPP,-1
41,PPPHHPPHHPPPPPHHHHHHHPPHHPPPPHHPPHPP,0
42,PPPHHPPHHPPPPPHHHHHHHPPHHPPPPHHPPHPP,-6
43,PPPHHPPHHPPPPPHHHHHHHPPHHPPPPHHPPHPP,-4
44,PPPHHPPHHPPPPPHHHHHHHPPHHPPPPHHPPHPP,-1
45,PPPHHPPHHPPPPPHHHHHHHPPHHPPPPHHPPHPP,-2
46,PPPHHPPHHPPPPPHHHHHHHPPHHPPPPHHPPHPP,-2
47,PPPHHPPHHPPPPPHHHHHHHPPHHPPPPHHPPHPP,-2
48,PPPHHPPHHPPPPPHHHHHHHPPHHPPPPHHPPHPP,-2
49,PPPHHPPHHPPPPPHHHHHHHPPHHPPPPHHPPHPP,-2
50,PPPHHPPHHPPPPPHHHHHHHPPHHPPPPHHPPHPP,-2
51,PPPHHPPHHPPPPPHHHHHHHPPHHPPPPHHPPHPP,-2
52,PPPHHPPHHPPPPPHHHHHHHPPHHPPPPHHPPHPP,-3
53,PPPHHPPHHPPPPPHHHHHHHPPHHPPPPHHPPHPP,-1
54,PPPHHPPHHPPPPPHHHHHHHPPHHPPPPHHPPHPP,-4
55,PPPHHPPHHPPPPPHHHHHHHPPHHPPPPHHPPHPP,0
56,PPPHHPPHHPPPPPHHHHHHHPPHHPPPPHHPPHPP,-2
57,PPPHHPPHHPPPPPHHHHHHHPPHHPPPPHHPPHPP,-2
58,PPPHHPPHHPPPPPHHHHHHHPPHHPPPPHHPPHPP,-3
59,PPPHHPPHHPPPPPHHHHHHHPPHHPPPPHHPPHPP,-2
60,PPPHHPPHHPPPPPHHHHHHHPPHHPPPPHHPPHPP,-1
61,PPPHHPPHHPPPPPHHHHHHHPPHHPPPPHHPPHPP,-2
62,PPPHHPPHHPPPPPHHHHHHHPPHHPPPPHHPPHPP,-1
63,PPPHHPPHHPPPPPHHHHHHHPPHHPPPPHHPPHPP,-2
64,PPPHHPPHHPPPPPHHHHHHHPPHHPPPPHHPPHPP,-1
65,PPPHHPPHHPPPPPHHHHHHHPPHHPPPPHHPPHPP,-2
66,PPPHHPPHHPPPPPHHHHHHHPPHHPPPPHHPPHPP,0
67,PPPHHPPHHPPPPPHHHHHHHPPHHPPPPHHPPHPP,-1
68,PPPHHPPHHPPPPPHHHHHHHPPHHPPPPHHPPHPP,-3
69,PPPHHPPHHPPPPPHHHHHHHPPHHPPPPHHPPHPP,-3
70,PPPHHPPHHPPPPPHHHHHHHPPHHPPPPHHPPHPP,-1
71,PPPHHPPHHPPPPPHHHHHHHPPHHPPPPHHPPHPP,-1
72,PPPHHPPHHPPPPPHHHHHHHPPHHPPPPHHPPHPP,-1
73,PPPHHPPHHPPPPPHHHHHHHPPHHPPPPHHPPHPP,-2
74,PPPHHPPHHPPPPPHHHHHHHPPHHPPPPHHPPHPP,0
75,PPPHHPPHHPPPPPHHHHHHHPPHHPPPPHHPPHPP,-1
76,PPPHHPPHHPPPPPHHHHHHHPPHHPPPPHHPPHPP,-3
77,PPPHHPPHHPPPPPHHHHHHHPPHHPPPPHHPPHPP,-2
78,PPPHHPPHHPPPPPHHHHHHHPPHHPPPPHHPPHPP,-3
79,PPPHHPPHHPPPPPHHHHHHHPPHHPPPPHHPPHPP,-4
80,PPPHHPPHHPPPPPHHHHHHHPPHHPPPPHHPPHPP,-2
81,PPPHHPPHHPPPPPHHHHHHHPPHHPPPPHHPPHPP,0
82,PPPHHPPHHPPPPPHHHHHHHPPHHPPPPHHPPHPP,-2
83,PPPHHPPHHPPPPPHHHHHHHPPHHPPPPHHPPHPP,-3
84,PPPHHPPHHPPPPPHHHHHHHPPHHPPPPHHPPHPP,-4
85,PPPHHPPHHPPPPPHHHHHHHPPHHPPPPHHPPHPP,-3
86,PPPHHPPHHPPPPPHHHHHHHPPHHPPPPHHPPHPP,-2
87,PPPHHPPHHPPPPPHHHHHHHPPHHPPPPHHPPHPP,-5
88,PPPHHPPHHPPPPPHHHHHHHPPHHPPPPHHPPHPP,-4
89,PPPHHPPHHPPPPPHHHHHHHPPHHPPPPHHPPHPP,-1
90,PPPHHPPHHPPPPPHHHHHHHPPHHPPPPHHPPHPP,-1
91,PPPHHPPHHPPPPPHHHHHHHPPHHPPPPHHPPHPP,-3
92,PPPHHPPHHPPPPPHHHHHHHPPHHPPPPHHPPHPP,0
93,PPPHHPPHHPPPPPHHHHHHHPPHHPPPPHHPPHPP,-1
94,PPPHHPPHHPPPPPHHHHHHHPPHHPPPPHHPPHPP,-1
95,PPPHHPPHHPPPPPHHHHHHHPPHHPPPPHHPPHPP,-1
96,PPPHHPPHHPPPPPHHHHHHHPPHHPPPPHHPPHPP,-4
97,PPPHHPPHHPPPPPHHHHHHHPPHHPPPPHHPPHPP,-1
98,PPPHHPPHHPPPPPHHHHHHHPPHHPPPPHHPPHPP,-1
99,PPPHHPPHHPPPPPHHHHHHHPPHHPPPPHHPPHPP,0
100,PPPHHPPHHPPPPPHHHHHHHPPHHPPPPHHPPHPP,-1
101,PPPHHPPHHPPPPPHHHHHHHPPHHPPPPHHPPHPP,-2
102,PPPHHPPHHPPPPPHHHHHHHPPHHPPPPHHPPHPP,-1
103,PPPHHPPHHPPPPPHHHHHHHPPHHPPPPHHPPHPP,-4
104,PPPHHPPHHPPPPPHHHHHHHPPHHPPPPHHPPHPP,-4
105,PPPHHPPHHPPPPPHHHHHHHPPHHPPPPHHPPHPP,-2
106,PPPHHPPHHPPPPPHHHHHHHPPHHPPPPHHPPHPP,-2
107,PPPHHPPHHPPPPPHHHHHHHPPHHPPPPHHPPHPP,-1
108,PPPHHPPHHPPPPPHHHHHHHPPHHPPPPHHPPHPP,-3
109,PPPHHPPHHPPPPPHHHHHHHPPHHPPPPHHPPHPP,-2
110,PPPHHPPHHPPPPPHHHHHHHPPHHPPPPHHPPHPP,-2
111,PPPHHPPHHPPPPPHHHHHHHPPHHPPPPHHPPHPP,-2
112,PPPHHPPHHPPPPPHHHHHHHPPHHPPPPHHPPHPP,-1
113,PPPHHPPHHPPPPPHHHHHHHPPHHPPPPHHPPHPP,-4
114,PPPHHPPHHPPPPPHHHHHHHPPHHPPPPHHPPHPP,-1
115,PPPHHPPHHPPPPPHHHHHHHPPHHPPPPHHPPHPP,-3
116,PPPHHPPHHPPPPPHHHHHHHPPHHPPPPHHPPHPP,-1
117,PPPHHPPHHPPPPPHHHHHHHPPHHPPPPHHPPHPP,-3
118,PPPHHPPHHPPPPPHHHHHHHPPHHPPPPHHPPHPP,-2
119,PPPHHPPHHPPPPPHHHHHHHPPHHPPPPHHPPHPP,-4
120,PPPHHPPHHPPPPPHHHHHHHPPHHPPPPHHPPHPP,-2
121,PPPHHPPHHPPPPPHHHHHHHPPHHPPPPHHPPHPP,-3
122,PPPHHPPHHPPPPPHHHHHHHPPHHPPPPHHPPHPP,-1
123,PPPHHPPHHPPPPPHHHHHHHPPHHPPPPHHPPHPP,-5
124,PPPHHPPHHPPPPPHHHHHHHPPHHPPPPHHPPHPP,-3
125,PPPHHPPHHPPPPPHHHHHHHPPHHPPPPHHPPHPP,-6
126,PPPHHPPHHPPPPPHHHHHHHPPHHPPPPHHPPHPP,-2
127,PPPHHPPHHPPPPPHHHHHHHPPHHPPPPHHPPHPP,-2
128,PPPHHPPHHPPPPPHHHHHHHPPHHPPPPHHPPHPP,-3
129,PPPHHPPHHPPPPPHHHHHHHPPHHPPPPHHPPHPP,-1
130,PPPHHPPHHPPPPPHHHHHHHPPHHPPPPHHPPHPP,-3
131,PPPHHPPHHPPPPPHHHHHHHPPHHPPPPHHPPHPP,0
132,PPPHHPPHHPPPPPHHHHHHHPPHHPPPPHHPPHPP,0
133,PPPHHPPHHPPPPPHHHHHHHPPHHPPPPHHPPHPP,-4
134,PPPHHPPHHPPPPPHHHHHHHPPHHPPPPHHPPHPP,-2
135,PPPHHPPHHPPPPPHHHHHHHPPHHPPPPHHPPHPP,0
136,PPPHHPPHHPPPPPHHHHHHHPPHHPPPPHHPPHPP,-1
137,PPPHHPPHHPPPPPHHHHHHHPPHHPPPPHHPPHPP,-3
138,PPPHHPPHHPPPPPHHHHHHHPPHHPPPPHHPPHPP,-2
139,PPPHHPPHHPPPPPHHHHHHHPPHHPPPPHHPPHPP,-3
140,PPPHHPPHHPPPPPHHHHHHHPPHHPPPPHHPPHPP,-1
141,PPPHHPPHHPPPPPHHHHHHHPPHHPPPPHHPPHPP,-1
142,PPPHHPPHHPPPPPHHHHHHHPPHHPPPPHHPPHPP,-2
143,PPPHHPPHHPPPPPHHHHHHHPPHHPPPPHHPPHPP,-2
144,PPPHHPPHHPPPPPHHHHHHHPPHHPPPPHHPPHPP,-1
145,PPPHHPPHHPPPPPHHHHHHHPPHHPPPPHHPPHPP,-3
146,PPPHHPPHHPPPPPHHHHHHHPPHHPPPPHHPPHPP,-1
147,PPPHHPPHHPPPPPHHHHHHHPPHHPPPPHHPPHPP,-1
148,PPPHHPPHHPPPPPHHHHHHHPPHHPPPPHHPPHPP,-1
149,PPPHHPPHHPPPPPHHHHHHHPPHHPPPPHHPPHPP,-2
150,PPPHHPPHHPPPPPHHHHHHHPPHHPPPPHHPPHPP,-1
151,PPPHHPPHHPPPPPHHHHHHHPPHHPPPPHHPPHPP,-1
152,PPPHHPPHHPPPPPHHHHHHHPPHHPPPPHHPPHPP,-1
153,PPPHHPPHHPPPPPHHHHHHHPPHHPPPPHHPPHPP,-5
154,PPPHHPPHHPPPPPHHHHHHHPPHHPPPPHHPPHPP,-6
155,PPPHHPPHHPPPPPHHHHHHHPPHHPPPPHHPPHPP,-3
156,PPPHHPPHHPPPPPHHHHHHHPPHHPPPPHHPPHPP,-1
157,PPPHHPPHHPPPPPHHHHHHHPPHHPPPPHHPPHPP,0
158,PPPHHPPHHPPPPPHHHHHHHPPHHPPPPHHPPHPP,0
159,PPPHHPPHHPPPPPHHHHHHHPPHHPPPPHHPPHPP,-3
160,PPPHHPPHHPPPPPHHHHHHHPPHHPPPPHHPPHPP,-4
161,PPPHHPPHHPPPPPHHHHHHHPPHHPPPPHHPPHPP,-1
162,PPPHHPPHHPPPPPHHHHHHHPPHHPPPPHHPPHPP,-1
163,PPPHHPPHHPPPPPHHHHHHHPPHHPPPPHHPPHPP,-2
164,PPPHHPPHHPPPPPHHHHHHHPPHHPPPPHHPPHPP,0
165,PPPHHPPHHPPPPPHHHHHHHPPHHPPPPHHPPHPP,-2
166,PPPHHPPHHPPPPPHHHHHHHPPHHPPPPHHPPHPP,-3
167,PPPHHPPHHPPPPPHHHHHHHPPHHPPPPHHPPHPP,-3
168,PPPHHPPHHPPPPPHHHHHHHPPHHPPPPHHPPHPP,-1
169,PPPHHPPHHPPPPPHHHHHHHPPHHPPPPHHPPHPP,0
170,PPPHHPPHHPPPPPHHHHHHHPPHHPPPPHHPPHPP,-1
171,PPPHHPPHHPPPPPHHHHHHHPPHHPPPPHHPPHPP,-2
172,PPPHHPPHHPPPPPHHHHHHHPPHHPPPPHHPPHPP,-4
173,PPPHHPPHHPPPPPHHHHHHHPPHHPPPPHHPPHPP,-2
174,PPPHHPPHHPPPPPHHHHHHHPPHHPPPPHHPPHPP,0
175,PPPHHPPHHPPPPPHHHHHHHPPHHPPPPHHPPHPP,-5
176,PPPHHPPHHPPPPPHHHHHHHPPHHPPPPHHPPHPP,0
177,PPPHHPPHHPPPPPHHHHHHHPPHHPPPPHHPPHPP,-2
178,PPPHHPPHHPPPPPHHHHHHHPPHHPPPPHHPPHPP,-2
179,PPPHHPPHHPPPPPHHHHHHHPPHHPPPPHHPPHPP,-2
180,PPPHHPPHHPPPPPHHHHHHHPPHHPPPPHHPPHPP,-2
181,PPPHHPPHHPPPPPHHHHHHHPPHHPPPPHHPPHPP,-4
182,PPPHHPPHHPPPPPHHHHHHHPPHHPPPPHHPPHPP,-2
183,PPPHHPPHHPPPPPHHHHHHHPPHHPPPPHHPPHPP,-2
184,PPPHHPPHHPPPPPHHHHHHHPPHHPPPPHHPPHPP,-1
185,PPPHHPPHHPPPPPHHHHHHHPPHHPPPPHHPPHPP,0
186,PPPHHPPHHPPPPPHHHHHHHPPHHPPPPHHPPHPP,-1
187,PPPHHPPHHPPPPPHHHHHHHPPHHPPPPHHPPHPP,-1
188,PPPHHPPHHPPPPPHHHHHHHPPHHPPPPHHPPHPP,-2
189,PPPHHPPHHPPPPPHHHHHHHPPHHPPPPHHPPHPP,-2
190,PPPHHPPHHPPPPPHHHHHHHPPHHPPPPHHPPHPP,-1
191,PPPHHPPHHPPPPPHHHHHHHPPHHPPPPHHPPHPP,-1
192,PPPHHPPHHPPPPPHHHHHHHPPHHPPPPHHPPHPP,-3
193,PPPHHPPHHPPPPPHHHHHHHPPHHPPPPHHPPHPP,0
194,PPPHHPPHHPPPPPHHHHHHHPPHHPPPPHHPPHPP,-2
195,PPPHHPPHHPPPPPHHHHHHHPPHHPPPPHHPPHPP,-2
196,PPPHHPPHHPPPPPHHHHHHHPPHHPPPPHHPPHPP,-1
197,PPPHHPPHHPPPPPHHHHHHHPPHHPPPPHHPPHPP,-1
198,PPPHHPPHHPPPPPHHHHHHHPPHHPPPPHHPPHPP,0
199,PPPHHPPHHPPPPPHHHHHHHPPHHPPPPHHPPHPP,-1
200,PPPHHPPHHPPPPPHHHHHHHPPHHPPPPHHPPHPP,-2
201,PPPHHPPHHPPPPPHHHHHHHPPHHPPPPHHPPHPP,-1
202,PPPHHPPHHPPPPPHHHHHHHPPHHPPPPHHPPHPP,-2
203,PPPHHPPHHPPPPPHHHHHHHPPHHPPPPHHPPHPP,-1
204,PPPHHPPHHPPPPPHHHHHHHPPHHPPPPHHPPHPP,-5
205,PPPHHPPHHPPPPPHHHHHHHPPHHPPPPHHPPHPP,-2
206,PPPHHPPHHPPPPPHHHHHHHPPHHPPPPHHPPHPP,0
207,PPPHHPPHHPPPPPHHHHHHHPPHHPPPPHHPPHPP,-4
208,PPPHHPPHHPPPPPHHHHHHHPPHHPPPPHHPPHPP,0
209,PPPHHPPHHPPPPPHHHHHHHPPHHPPPPHHPPHPP,-3
210,PPPHHPPHHPPPPPHHHHHHHPPHHPPPPHHPPHPP,-1
211,PPPHHPPHHPPPPPHHHHHHHPPHHPPPPHHPPHPP,-1
212,PPPHHPPHHPPPPPHHHHHHHPPHHPPPPHHPPHPP,-2
213,PPPHHPPHHPPPPPHHHHHHHPPHHPPPPHHPPHPP,-1
214,PPPHHPPHHPPPPPHHHHHHHPPHHPPPPHHPPHPP,0
215,PPPHHPPHHPPPPPHHHHHHHPPHHPPPPHHPPHPP,-2
216,PPPHHPPHHPPPPPHHHHHHHPPHHPPPPHHPPHPP,-3
217,PPPHHPPHHPPPPPHHHHHHHPPHHPPPPHHPPHPP,-2
218,PPPHHPPHHPPPPPHHHHHHHPPHHPPPPHHPPHPP,-2
219,PPPHHPPHHPPPPPHHHHHHHPPHHPPPPHHPPHPP,-1
220,PPPHHPPHHPPPPPHHHHHHHPPHHPPPPHHPPHPP,-3
221,PPPHHPPHHPPPPPHHHHHHHPPHHPPPPHHPPHPP,-1
222,PPPHHPPHHPPPPPHHHHHHHPPHHPPPPHHPPHPP,0
223,PPPHHPPHHPPPPPHHHHHHHPPHHPPPPHHPPHPP,-3
224,PPPHHPPHHPPPPPHHHHHHHPPHHPPPPHHPPHPP,-2
225,PPPHHPPHHPPPPPHHHHHHHPPHHPPPPHHPPHPP,0
226,PPPHHPPHHPPPPPHHHHHHHPPHHPPPPHHPPHPP,-2
227,PPPHHPPHHPPPPPHHHHHHHPPHHPPPPHHPPHPP,0
228,PPPHHPPHHPPPPPHHHHHHHPPHHPPPPHHPPHPP,-3
229,PPPHHPPHHPPPPPHHHHHHHPPHHPPPPHHPPHPP,-2
230,PPPHHPPHHPPPPPHHHHHHHPPHHPPPPHHPPHPP,-5
231,PPPHHPPHHPPPPPHHHHHHHPPHHPPPPHHPPHPP,-2
232,PPPHHPPHHPPPPPHHHHHHHPPHHPPPPHHPPHPP,-3
233,PPPHHPPHHPPPPPHHHHHHHPPHHPPPPHHPPHPP,-2
234,PPPHHPPHHPPPPPHHHHHHHPPHHPPPPHHPPHPP,-2
235,PPPHHPPHHPPPPPHHHHHHHPPHHPPPPHHPPHPP,-1
236,PPPHHPPHHPPPPPHHHHHHHPPHHPPPPHHPPHPP,-2
237,PPPHHPPHHPPPPPHHHHHHHPPHHPPPPHHPPHPP,-1
238,PPPHHPPHHPPPPPHHHHHHHPPHHPPPPHHPPHPP,-3
239,PPPHHPPHHPPPPPHHHHHHHPPHHPPPPHHPPHPP,-1
240,PPPHHPPHHPPPPPHHHHHHHPPHHPPPPHHPPHPP,-1
241,PPPHHPPHHPPPPPHHHHHHHPPHHPPPPHHPPHPP,-4
242,PPPHHPPHHPPPPPHHHHHHHPPHHPPPPHHPPHPP,-2
243,PPPHHPPHHPPPPPHHHHHHHPPHHPPPPHHPPHPP,-3
244,PPPHHPPHHPPPPPHHHHHHHPPHHPPPPHHPPHPP,-1
245,PPPHHPPHHPPPPPHHHHHHHPPHHPPPPHHPPHPP,-2
246,PPPHHPPHHPPPPPHHHHHHHPPHHPPPPHHPPHPP,-2
247,PPPHHPPHHPPPPPHHHHHHHPPHHPPPPHHPPHPP,-1
248,PPPHHPPHHPPPPPHHHHHHHPPHHPPPPHHPPHPP,-2
249,PPPHHPPHHPPPPPHHHHHHHPPHHPPPPHHPPHPP,-3
250,PPPHHPPHHPPPPPHHHHHHHPPHHPPPPHHPPHPP,0
251,PPPHHPPHHPPPPPHHHHHHHPPHHPPPPHHPPHPP,-3
252,PPPHHPPHHPPPPPHHHHHHHPPHHPPPPHHPPHPP,0
253,PPPHHPPHHPPPPPHHHHHHHPPHHPPPPHHPPHPP,-2
254,PPPHHPPHHPPPPPHHHHHHHPPHHPPPPHHPPHPP,-1
255,PPPHHPPHHPPPPPHHHHHHHPPHHPPPPHHPPHPP,-3
256,PPPHHPPHHPPPPPHHHHHHHPPHHPPPPHHPPHPP,-2
257,PPPHHPPHHPPPPPHHHHHHHPPHHPPPPHHPPHPP,-2
258,PPPHHPPHHPPPPPHHHHHHHPPHHPPPPHHPPHPP,0
259,PPPHHPPHHPPPPPHHHHHHHPPHHPPPPHHPPHPP,-2
260,PPPHHPPHHPPPPPHHHHHHHPPHHPPPPHHPPHPP,-3
261,PPPHHPPHHPPPPPHHHHHHHPPHHPPPPHHPPHPP,-2
262,PPPHHPPHHPPPPPHHHHHHHPPHHPPPPHHPPHPP,-2
263,PPPHHPPHHPPPPPHHHHHHHPPHHPPPPHHPPHPP,-2
264,PPPHHPPHHPPPPPHHHHHHHPPHHPPPPHHPPHPP,-3
265,PPPHHPPHHPPPPPHHHHHHHPPHHPPPPHHPPHPP,-3
266,PPPHHPPHHPPPPPHHHHHHHPPHHPPPPHHPPHPP,0
267,PPPHHPPHHPPPPPHHHHHHHPPHHPPPPHHPPHPP,-1
268,PPPHHPPHHPPPPPHHHHHHHPPHHPPPPHHPPHPP,-2
269,PPPHHPPHHPPPPPHHHHHHHPPHHPPPPHHPPHPP,-1
270,PPPHHPPHHPPPPPHHHHHHHPPHHPPPPHHPPHPP,-3
271,PPPHHPPHHPPPPPHHHHHHHPPHHPPPPHHPPHPP,-3
272,PPPHHPPHHPPPPPHHHHHHHPPHHPPPPHHPPHPP,-3
273,PPPHHPPHHPPPPPHHHHHHHPPHHPPPPHHPPHPP,-1
274,PPPHHPPHHPPPPPHHHHHHHPPHHPPPPHHPPHPP,-2
275,PPPHHPPHHPPPPPHHHHHHHPPHHPPPPHHPPHPP,0
276,PPPHHPPHHPPPPPHHHHHHHPPHHPPPPHHPPHPP,-2
277,PPPHHPPHHPPPPPHHHHHHHPPHHPPPPHHPPHPP,-5
278,PPPHHPPHHPPPPPHHHHHHHPPHHPPPPHHPPHPP,-1
279,PPPHHPPHHPPPPPHHHHHHHPPHHPPPPHHPPHPP,-1
280,PPPHHPPHHPPPPPHHHHHHHPPHHPPPPHHPPHPP,-3
281,PPPHHPPHHPPPPPHHHHHHHPPHHPPPPHHPPHPP,-4
282,PPPHHPPHHPPPPPHHHHHHHPPHHPPPPHHPPHPP,-1
283,PPPHHPPHHPPPPPHHHHHHHPPHHPPPPHHPPHPP,0
284,PPPHHPPHHPPPPPHHHHHHHPPHHPPPPHHPPHPP,-1
285,PPPHHPPHHPPPPPHHHHHHHPPHHPPPPHHPPHPP,-1
286,PPPHHPPHHPPPPPHHHHHHHPPHHPPPPHHPPHPP,-4
287,PPPHHPPHHPPPPPHHHHHHHPPHHPPPPHHPPHPP,-1
288,PPPHHPPHHPPPPPHHHHHHHPPHHPPPPHHPPHPP,-1
289,PPPHHPPHHPPPPPHHHHHHHPPHHPPPPHHPPHPP,-2
290,PPPHHPPHHPPPPPHHHHHHHPPHHPPPPHHPPHPP,-1
291,PPPHHPPHHPPPPPHHHHHHHPPHHPPPPHHPPHPP,-3
292,PPPHHPPHHPPPPPHHHHHHHPPHHPPPPHHPPHPP,-2
293,PPPHHPPHHPPPPPHHHHHHHPPHHPPPPHHPPHPP,-5
294,PPPHHPPHHPPPPPHHHHHHHPPHHPPPPHHPPHPP,-3
295,PPPHHPPHHPPPPPHHHHHHHPPHHPPPPHHPPHPP,-3
296,PPPHHPPHHPPPPPHHHHHHHPPHHPPPPHHPPHPP,-1
297,PPPHHPPHHPPPPPHHHHHHHPPHHPPPPHHPPHPP,-1
298,PPPHHPPHHPPPPPHHHHHHHPPHHPPPPHHPPHPP,-2
299,PPPHHPPHHPPPPPHHHHHHHPPHHPPPPHHPPHPP,0
300,PPPHHPPHHPPPPPHHHHHHHPPHHPPPPHHPPHPP,-5
301,PPPHHPPHHPPPPPHHHHHHHPPHHPPPPHHPPHPP,0
302,PPPHHPPHHPPPPPHHHHHHHPPHHPPPPHHPPHPP,-2
303,PPPHHPPHHPPPPPHHHHHHHPPHHPPPPHHPPHPP,-1
304,PPPHHPPHHPPPPPHHHHHHHPPHHPPPPHHPPHPP,-1
305,PPPHHPPHHPPPPPHHHHHHHPPHHPPPPHHPPHPP,-1
306,PPPHHPPHHPPPPPHHHHHHHPPHHPPPPHHPPHPP,-1
307,PPPHHPPHHPPPPPHHHHHHHPPHHPPPPHHPPHPP,-2
