0,PPCHHPPCHPPPPCHHHHCHHPPHHPPPPHHPPHPP,-6
1,PPCHHPPCHPPPPCHHHHCHHPPHHPPPPHHPPHPP,-1
2,PPCHHPPCHPPPPCHHHHCHHPPHHPPPPHHPPHPP,-3
3,PPCHHPPCHPPPPCHHHHCHHPPHHPPPPHHPPHPP,-3
4,PPCHHPPCHPPPPCHHHHCHHPPHHPPPPHHPPHPP,-6
5,PPCHHPPCHPPPPCHHHHCHHPPHHPPPPHHPPHPP,-3
6,PPCHHPPCHPPPPCHHHHCHHPPHHPPPPHHPPHPP,-2
7,PPCHHPPCHPPPPCHHHHCHHPPHHPPPPHHPPHPP,-2
8,PPCHHPPCHPPPPCHHHHCHHPPHHPPPPHHPPHPP,-4
9,PPCHHPPCHPPPPCHHHHCHHPPHHPPPPHHPPHPP,-1
10,PPCHHPPCHPPPPCHHHHCHHPPHHPPPPHHPPHPP,-2
11,PPCHHPPCHPPPPCHHHHCHHPPHHPPPPHHPPHPP,-2
12,PPCHHPPCHPPPPCHHHHCHHPPHHPPPPHHPPHPP,-2
13,PPCHHPPCHPPPPCHHHHCHHPPHHPPPPHHPPHPP,0
14,PPCHHPPCHPPPPCHHHHCHHPPHHPPPPHHPPHPP,-7
15,PPCHHPPCHPPPPCHHHHCHHPPHHPPPPHHPPHPP,-1
16,PPCHHPPCHPPPPCHHHHCHHPPHHPPPPHHPPHPP,-1
17,PPCHHPPCHPPPPCHHHHCHHPPHHPPPPHHPPHPP,-1
18,PPCHHPPCHPPPPCHHHHCHHPPHHPPPPHHPPHPP,-2
19,PPCHHPPCHPPPPCHHHHCHHPPHHPPPPHHPPHPP,-4
20,PPCHHPPCHPPPPCHHHHCHHPPHHPPPPHHPPHPP,-1
21,PPCHHPPCHPPPPCHHHHCHHPPHHPPPPHHPPHPP,0
22,PPCHHPPCHPPPPCHHHHCHHPPHHPPPPHHPPHPP,-1
23,PPCHHPPCHPPPPCHHHHCHHPPHHPPPPHHPPHPP,-3
24,PPCHHPPCHPPPPCHHHHCHHPPHHPPPPHHPPHPP,-3
25,PPCHHPPCHPPPPCHHHHCHHPPHHPPPPHHPPHPP,-2
26,PPCHHPPCHPPPPCHHHHCHHPPHHPPPPHHPPHPP,-7
27,PPCHHPPCHPPPPCHHHHCHHPPHHPPPPHHPPHPP,-7
28,PPCHHPPCHPPPPCHHHHCHHPPHHPPPPHHPPHPP,-4
29,PPCHHPPCHPPPPCHHHHCHHPPHHPPPPHHPPHPP,-4
30,PPCHHPPCHPPPPCHHHHCHHPPHHPPPPHHPPHPP,-3
31,PPCHHPPCHPPPPCHHHHCHHPPHHPPPPHHPPHPP,-3
32,PPCHHPPCHPPPPCHHHHCHHPPHHPPPPHHPPHPP,-3
33,PPCHHPPCHPPPPCHHHHCHHPPHHPPPPHHPPHPP,-7
34,PPCHHPPCHPPPPCHHHHCHHPPHHPPPPHHPPHPP,-2
35,PPCHHPPCHPPPPCHHHHCHHPPHHPPPPHHPPHPP,-3
36,PPCHHPPCHPPPPCHHHHCHHPPHHPPPPHHPPHPP,-3
37,PPCHHPPCHPPPPCHHHHCHHPPHHPPPPHHPPHPP,-7
38,PPCHHPPCHPPPPCHHHHCHHPPHHPPPPHHPPHPP,-4
39,PPCHHPPCHPPPPCHHHHCHHPPHHPPPPHHPPHPP,-1
40,PPCHHPPCHPPPPCHHHHCHHPPHHPPPPHHPPHPP,-3
41,PPCHHPPCHPPPPCHHHHCHHPPHHPPPPHHPPHPP,-2
42,PPCHHPPCHPPPPCHHHHCHHPPHHPPPPHHPPHPP,0
43,PPCHHPPCHPPPPCHHHHCHHPPHHPPPPHHPPHPP,0
44,PPCHHPPCHPPPPCHHHHCHHPPHHPPPPHHPPHPP,-7
45,PPCHHPPCHPPPPCHHHHCHHPPHHPPPPHHPPHPP,-2
46,PPCHHPPCHPPPPCHHHHCHHPPHHPPPPHHPPHPP,-1
47,PPCHHPPCHPPPPCHHHHCHHPPHHPPPPHHPPHPP,-2
48,PPCHHPPCHPPPPCHHHHCHHPPHHPPPPHHPPHPP,-2
49,PPCHHPPCHPPPPCHHHHCHHPPHHPPPPHHPPHPP,-1
50,PPCHHPPCHPPPPCHHHHCHHPPHHPPPPHHPPHPP,-2
51,PPCHHPPCHPPPPCHHHHCHHPPHHPPPPHHPPHPP,-3
52,PPCHHPPCHPPPPCHHHHCHHPPHHPPPPHHPPHPP,0
53,PPCHHPPCHPPPPCHHHHCHHPPHHPPPPHHPPHPP,0
54,PPCHHPPCHPPPPCHHHHCHHPPHHPPPPHHPPHPP,-3
55,PPCHHPPCHPPPPCHHHHCHHPPHHPPPPHHPPHPP,-3
56,PPCHHPPCHPPPPCHHHHCHHPPHHPPPPHHPPHPP,-1
57,PPCHHPPCHPPPPCHHHHCHHPPHHPPPPHHPPHPP,-7
58,PPCHHPPCHPPPPCHHHHCHHPPHHPPPPHHPPHPP,-3
59,PPCHHPPCHPPPPCHHHHCHHPPHHPPPPHHPPHPP,-3
60,PPCHHPPCHPPPPCHHHHCHHPPHHPPPPHHPPHPP,-4
61,PPCHHPPCHPPPPCHHHHCHHPPHHPPPPHHPPHPP,-7
62,PPCHHPPCHPPPPCHHHHCHHPPHHPPPPHHPPHPP,0
63,PPCHHPPCHPPPPCHHHHCHHPPHHPPPPHHPPHPP,-2
64,PPCHHPPCHPPPPCHHHHCHHPPHHPPPPHHPPHPP,-4
65,PPCHHPPCHPPPPCHHHHCHHPPHHPPPPHHPPHPP,-2
66,PPCHHPPCHPPPPCHHHHCHHPPHHPPPPHHPPHPP,-1
67,PPCHHPPCHPPPPCHHHHCHHPPHHPPPPHHPPHPP,-3
68,PPCHHPPCHPPPPCHHHHCHHPPHHPPPPHHPPHPP,-4
69,PPCHHPPCHPPPPCHHHHCHHPPHHPPPPHHPPHPP,-4
70,PPCHHPPCHPPPPCHHHHCHHPPHHPPPPHHPPHPP,-2
71,PPCHHPPCHPPPPCHHHHCHHPPHHPPPPHHPPHPP,-7
72,PPCHHPPCHPPPPCHHHHCHHPPHHPPPPHHPPHPP,-8
73,PPCHHPPCHPPPPCHHHHCHHPPHHPPPPHHPPHPP,-4
74,PPCHHPPCHPPPPCHHHHCHHPPHHPPPPHHPPHPP,-1
75,PPCHHPPCHPPPPCHHHHCHHPPHHPPPPHHPPHPP,-4
76,PPCHHPPCHPPPPCHHHHCHHPPHHPPPPHHPPHPP,-4
77,PPCHHPPCHPPPPCHHHHCHHPPHHPPPPHHPPHPP,-4
78,PPCHHPPCHPPPPCHHHHCHHPPHHPPPPHHPPHPP,-4
79,PPCHHPPCHPPPPCHHHHCHHPPHHPPPPHHPPHPP,0
80,PPCHHPPCHPPPPCHHHHCHHPPHHPPPPHHPPHPP,-8
81,PPCHHPPCHPPPPCHHHHCHHPPHHPPPPHHPPHPP,-2
82,PPCHHPPCHPPPPCHHHHCHHPPHHPPPPHHPPHPP,-5
83,PPCHHPPCHPPPPCHHHHCHHPPHHPPPPHHPPHPP,-1
84,PPCHHPPCHPPPPCHHHHCHHPPHHPPPPHHPPHPP,-7
85,PPCHHPPCHPPPPCHHHHCHHPPHHPPPPHHPPHPP,-2
86,PPCHHPPCHPPPPCHHHHCHHPPHHPPPPHHPPHPP,-2
87,PPCHHPPCHPPPPCHHHHCHHPPHHPPPPHHPPHPP,-2
88,PPCHHPPCHPPPPCHHHHCHHPPHHPPPPHHPPHPP,-1
89,PPCHHPPCHPPPPCHHHHCHHPPHHPPPPHHPPHPP,-1
90,PPCHHPPCHPPPPCHHHHCHHPPHHPPPPHHPPHPP,-3
91,PPCHHPPCHPPPPCHHHHCHHPPHHPPPPHHPPHPP,-1
92,PPCHHPPCHPPPPCHHHHCHHPPHHPPPPHHPPHPP,-6
93,PPCHHPPCHPPPPCHHHHCHHPPHHPPPPHHPPHPP,-3
94,PPCHHPPCHPPPPCHHHHCHHPPHHPPPPHHPPHPP,-6
95,PPCHHPPCHPPPPCHHHHCHHPPHHPPPPHHPPHPP,-3
96,PPCHHPPCHPPPPCHHHHCHHPPHHPPPPHHPPHPP,-3
97,PPCHHPPCHPPPPCHHHHCHHPPHHPPPPHHPPHPP,-2
98,PPCHHPPCHPPPPCHHHHCHHPPHHPPPPHHPPHPP,-4
99,PPCHHPPCHPPPPCHHHHCHHPPHHPPPPHHPPHPP,-1
100,PPCHHPPCHPPPPCHHHHCHHPPHHPPPPHHPPHPP,-3
101,PPCHHPPCHPPPPCHHHHCHHPPHHPPPPHHPPHPP,-4
102,PPCHHPPCHPPPPCHHHHCHHPPHHPPPPHHPPHPP,-6
103,PPCHHPPCHPPPPCHHHHCHHPPHHPPPPHHPPHPP,-1
104,PPCHHPPCHPPPPCHHHHCHHPPHHPPPPHHPPHPP,-2
105,PPCHHPPCHPPPPCHHHHCHHPPHHPPPPHHPPHPP,-8
106,PPCHHPPCHPPPPCHHHHCHHPPHHPPPPHHPPHPP,-6
107,PPCHHPPCHPPPPCHHHHCHHPPHHPPPPHHPPHPP,-8
108,PPCHHPPCHPPPPCHHHHCHHPPHHPPPPHHPPHPP,-3
109,PPCHHPPCHPPPPCHHHHCHHPPHHPPPPHHPPHPP,-1
110,PPCHHPPCHPPPPCHHHHCHHPPHHPPPPHHPPHPP,-1
111,PPCHHPPCHPPPPCHHHHCHHPPHHPPPPHHPPHPP,-3
112,PPCHHPPCHPPPPCHHHHCHHPPHHPPPPHHPPHPP,-1
113,PPCHHPPCHPPPPCHHHHCHHPPHHPPPPHHPPHPP,-9
114,PPCHHPPCHPPPPCHHHHCHHPPHHPPPPHHPPHPP,-4
115,PPCHHPPCHPPPPCHHHHCHHPPHHPPPPHHPPHPP,-2
116,PPCHHPPCHPPPPCHHHHCHHPPHHPPPPHHPPHPP,-6
117,PPCHHPPCHPPPPCHHHHCHHPPHHPPPPHHPPHPP,-3
118,PPCHHPPCHPPPPCHHHHCHHPPHHPPPPHHPPHPP,-3
119,PPCHHPPCHPPPPCHHHHCHHPPHHPPPPHHPPHPP,-6
120,PPCHHPPCHPPPPCHHHHCHHPPHHPPPPHHPPHPP,-3
121,PPCHHPPCHPPPPCHHHHCHHPPHHPPPPHHPPHPP,-3
122,PPCHHPPCHPPPPCHHHHCHHPPHHPPPPHHPPHPP,-5
123,PPCHHPPCHPPPPCHHHHCHHPPHHPPPPHHPPHPP,-11
124,PPCHHPPCHPPPPCHHHHCHHPPHHPPPPHHPPHPP,-3
125,PPCHHPPCHPPPPCHHHHCHHPPHHPPPPHHPPHPP,-8
126,PPCHHPPCHPPPPCHHHHCHHPPHHPPPPHHPPHPP,-8
127,PPCHHPPCHPPPPCHHHHCHHPPHHPPPPHHPPHPP,-5
128,PPCHHPPCHPPPPCHHHHCHHPPHHPPPPHHPPHPP,-9
129,PPCHHPPCHPPPPCHHHHCHHPPHHPPPPHHPPHPP,-12
130,PPCHHPPCHPPPPCHHHHCHHPPHHPPPPHHPPHPP,-7
131,PPCHHPPCHPPPPCHHHHCHHPPHHPPPPHHPPHPP,-7
132,PPCHHPPCHPPPPCHHHHCHHPPHHPPPPHHPPHPP,-7
133,PPCHHPPCHPPPPCHHHHCHHPPHHPPPPHHPPHPP,-4
134,PPCHHPPCHPPPPCHHHHCHHPPHHPPPPHHPPHPP,-5
135,PPCHHPPCHPPPPCHHHHCHHPPHHPPPPHHPPHPP,-5
136,PPCHHPPCHPPPPCHHHHCHHPPHHPPPPHHPPHPP,-8
137,PPCHHPPCHPPPPCHHHHCHHPPHHPPPPHHPPHPP,-5
138,PPCHHPPCHPPPPCHHHHCHHPPHHPPPPHHPPHPP,-6
139,PPCHHPPCHPPPPCHHHHCHHPPHHPPPPHHPPHPP,-8
140,PPCHHPPCHPPPPCHHHHCHHPPHHPPPPHHPPHPP,-5
141,PPCHHPPCHPPPPCHHHHCHHPPHHPPPPHHPPHPP,-6
142,PPCHHPPCHPPPPCHHHHCHHPPHHPPPPHHPPHPP,-10
143,PPCHHPPCHPPPPCHHHHCHHPPHHPPPPHHPPHPP,-7
144,PPCHHPPCHPPPPCHHHHCHHPPHHPPPPHHPPHPP,-8
145,PPCHHPPCHPPPPCHHHHCHHPPHHPPPPHHPPHPP,-6
146,PPCHHPPCHPPPPCHHHHCHHPPHHPPPPHHPPHPP,-6
147,PPCHHPPCHPPPPCHHHHCHHPPHHPPPPHHPPHPP,-6
148,PPCHHPPCHPPPPCHHHHCHHPPHHPPPPHHPPHPP,-8
149,PPCHHPPCHPPPPCHHHHCHHPPHHPPPPHHPPHPP,-5
150,PPCHHPPCHPPPPCHHHHCHHPPHHPPPPHHPPHPP,-5
151,PPCHHPPCHPPPPCHHHHCHHPPHHPPPPHHPPHPP,-8
152,PPCHHPPCHPPPPCHHHHCHHPPHHPPPPHHPPHPP,-4
153,PPCHHPPCHPPPPCHHHHCHHPPHHPPPPHHPPHPP,-3
154,PPCHHPPCHPPPPCHHHHCHHPPHHPPPPHHPPHPP,-9
155,PPCHHPPCHPPPPCHHHHCHHPPHHPPPPHHPPHPP,-6
156,PPCHHPPCHPPPPCHHHHCHHPPHHPPPPHHPPHPP,-11
157,PPCHHPPCHPPPPCHHHHCHHPPHHPPPPHHPPHPP,-4
158,PPCHHPPCHPPPPCHHHHCHHPPHHPPPPHHPPHPP,-6
159,PPCHHPPCHPPPPCHHHHCHHPPHHPPPPHHPPHPP,-12
160,PPCHHPPCHPPPPCHHHHCHHPPHHPPPPHHPPHPP,-4
161,PPCHHPPCHPPPPCHHHHCHHPPHHPPPPHHPPHPP,-5
162,PPCHHPPCHPPPPCHHHHCHHPPHHPPPPHHPPHPP,-6
163,PPCHHPPCHPPPPCHHHHCHHPPHHPPPPHHPPHPP,-4
164,PPCHHPPCHPPPPCHHHHCHHPPHHPPPPHHPPHPP,-5
165,PPCHHPPCHPPPPCHHHHCHHPPHHPPPPHHPPHPP,-7
166,PPCHHPPCHPPPPCHHHHCHHPPHHPPPPHHPPHPP,-7
167,PPCHHPPCHPPPPCHHHHCHHPPHHPPPPHHPPHPP,-15
168,PPCHHPPCHPPPPCHHHHCHHPPHHPPPPHHPPHPP,-11
169,PPCHHPPCHPPPPCHHHHCHHPPHHPPPPHHPPHPP,-11
170,PPCHHPPCHPPPPCHHHHCHHPPHHPPPPHHPPHPP,-12
171,PPCHHPPCHPPPPCHHHHCHHPPHHPPPPHHPPHPP,-10
172,PPCHHPPCHPPPPCHHHHCHHPPHHPPPPHHPPHPP,-10
173,PPCHHPPCHPPPPCHHHHCHHPPHHPPPPHHPPHPP,-9
174,PPCHHPPCHPPPPCHHHHCHHPPHHPPPPHHPPHPP,-11
175,PPCHHPPCHPPPPCHHHHCHHPPHHPPPPHHPPHPP,-7
176,PPCHHPPCHPPPPCHHHHCHHPPHHPPPPHHPPHPP,-8
177,PPCHHPPCHPPPPCHHHHCHHPPHHPPPPHHPPHPP,-8
178,PPCHHPPCHPPPPCHHHHCHHPPHHPPPPHHPPHPP,-9
179,PPCHHPPCHPPPPCHHHHCHHPPHHPPPPHHPPHPP,-9
180,PPCHHPPCHPPPPCHHHHCHHPPHHPPPPHHPPHPP,-7
181,PPCHHPPCHPPPPCHHHHCHHPPHHPPPPHHPPHPP,-6
182,PPCHHPPCHPPPPCHHHHCHHPPHHPPPPHHPPHPP,-6
183,PPCHHPPCHPPPPCHHHHCHHPPHHPPPPHHPPHPP,-8
184,PPCHHPPCHPPPPCHHHHCHHPPHHPPPPHHPPHPP,-6
185,PPCHHPPCHPPPPCHHHHCHHPPHHPPPPHHPPHPP,-7
186,PPCHHPPCHPPPPCHHHHCHHPPHHPPPPHHPPHPP,-5
187,PPCHHPPCHPPPPCHHHHCHHPPHHPPPPHHPPHPP,-9
188,PPCHHPPCHPPPPCHHHHCHHPPHHPPPPHHPPHPP,-13
189,PPCHHPPCHPPPPCHHHHCHHPPHHPPPPHHPPHPP,-9
190,PPCHHPPCHPPPPCHHHHCHHPPHHPPPPHHPPHPP,-6
191,PPCHHPPCHPPPPCHHHHCHHPPHHPPPPHHPPHPP,-12
192,PPCHHPPCHPPPPCHHHHCHHPPHHPPPPHHPPHPP,-6
193,PPCHHPPCHPPPPCHHHHCHHPPHHPPPPHHPPHPP,-12
194,PPCHHPPCHPPPPCHHHHCHHPPHHPPPPHHPPHPP,-6
195,PPCHHPPCHPPPPCHHHHCHHPPHHPPPPHHPPHPP,-7
196,PPCHHPPCHPPPPCHHHHCHHPPHHPPPPHHPPHPP,-10
197,PPCHHPPCHPPPPCHHHHCHHPPHHPPPPHHPPHPP,-10
198,PPCHHPPCHPPPPCHHHHCHHPPHHPPPPHHPPHPP,-9
199,PPCHHPPCHPPPPCHHHHCHHPPHHPPPPHHPPHPP,-7
200,PPCHHPPCHPPPPCHHHHCHHPPHHPPPPHHPPHPP,-8
201,PPCHHPPCHPPPPCHHHHCHHPPHHPPPPHHPPHPP,-10
202,PPCHHPPCHPPPPCHHHHCHHPPHHPPPPHHPPHPP,-6
203,PPCHHPPCHPPPPCHHHHCHHPPHHPPPPHHPPHPP,-10
204,PPCHHPPCHPPPPCHHHHCHHPPHHPPPPHHPPHPP,-11
205,PPCHHPPCHPPPPCHHHHCHHPPHHPPPPHHPPHPP,-8
206,PPCHHPPCHPPPPCHHHHCHHPPHHPPPPHHPPHPP,-9
207,PPCHHPPCHPPPPCHHHHCHHPPHHPPPPHHPPHPP,-9
208,PPCHHPPCHPPPPCHHHHCHHPPHHPPPPHHPPHPP,-8
209,PPCHHPPCHPPPPCHHHHCHHPPHHPPPPHHPPHPP,-11
210,PPCHHPPCHPPPPCHHHHCHHPPHHPPPPHHPPHPP,-5
211,PPCHHPPCHPPPPCHHHHCHHPPHHPPPPHHPPHPP,-12
212,PPCHHPPCHPPPPCHHHHCHHPPHHPPPPHHPPHPP,-6
213,PPCHHPPCHPPPPCHHHHCHHPPHHPPPPHHPPHPP,-7
214,PPCHHPPCHPPPPCHHHHCHHPPHHPPPPHHPPHPP,-11
215,PPCHHPPCHPPPPCHHHHCHHPPHHPPPPHHPPHPP,-7
216,PPCHHPPCHPPPPCHHHHCHHPPHHPPPPHHPPHPP,-8
217,PPCHHPPCHPPPPCHHHHCHHPPHHPPPPHHPPHPP,-7
218,PPCHHPPCHPPPPCHHHHCHHPPHHPPPPHHPPHPP,-9
219,PPCHHPPCHPPPPCHHHHCHHPPHHPPPPHHPPHPP,-6
220,PPCHHPPCHPPPPCHHHHCHHPPHHPPPPHHPPHPP,-8
221,PPCHHPPCHPPPPCHHHHCHHPPHHPPPPHHPPHPP,-10
222,PPCHHPPCHPPPPCHHHHCHHPPHHPPPPHHPPHPP,-11
223,PPCHHPPCHPPPPCHHHHCHHPPHHPPPPHHPPHPP,-7
224,PPCHHPPCHPPPPCHHHHCHHPPHHPPPPHHPPHPP,-15
225,PPCHHPPCHPPPPCHHHHCHHPPHHPPPPHHPPHPP,-8
226,PPCHHPPCHPPPPCHHHHCHHPPHHPPPPHHPPHPP,-12
227,PPCHHPPCHPPPPCHHHHCHHPPHHPPPPHHPPHPP,-6
228,PPCHHPPCHPPPPCHHHHCHHPPHHPPPPHHPPHPP,-10
229,PPCHHPPCHPPPPCHHHHCHHPPHHPPPPHHPPHPP,-10
230,PPCHHPPCHPPPPCHHHHCHHPPHHPPPPHHPPHPP,-8
231,PPCHHPPCHPPPPCHHHHCHHPPHHPPPPHHPPHPP,-8
232,PPCHHPPCHPPPPCHHHHCHHPPHHPPPPHHPPHPP,-9
233,PPCHHPPCHPPPPCHHHHCHHPPHHPPPPHHPPHPP,-7
234,PPCHHPPCHPPPPCHHHHCHHPPHHPPPPHHPPHPP,-8
235,PPCHHPPCHPPPPCHHHHCHHPPHHPPPPHHPPHPP,-8
236,PPCHHPPCHPPPPCHHHHCHHPPHHPPPPHHPPHPP,-9
237,PPCHHPPCHPPPPCHHHHCHHPPHHPPPPHHPPHPP,-8
238,PPCHHPPCHPPPPCHHHHCHHPPHHPPPPHHPPHPP,-9
239,PPCHHPPCHPPPPCHHHHCHHPPHHPPPPHHPPHPP,-8
240,PPCHHPPCHPPPPCHHHHCHHPPHHPPPPHHPPHPP,-10
241,PPCHHPPCHPPPPCHHHHCHHPPHHPPPPHHPPHPP,-12
242,PPCHHPPCHPPPPCHHHHCHHPPHHPPPPHHPPHPP,-7
243,PPCHHPPCHPPPPCHHHHCHHPPHHPPPPHHPPHPP,-9
244,PPCHHPPCHPPPPCHHHHCHHPPHHPPPPHHPPHPP,-8
245,PPCHHPPCHPPPPCHHHHCHHPPHHPPPPHHPPHPP,-8
246,PPCHHPPCHPPPPCHHHHCHHPPHHPPPPHHPPHPP,-9
247,PPCHHPPCHPPPPCHHHHCHHPPHHPPPPHHPPHPP,-6
248,PPCHHPPCHPPPPCHHHHCHHPPHHPPPPHHPPHPP,-14
249,PPCHHPPCHPPPPCHHHHCHHPPHHPPPPHHPPHPP,-11
250,PPCHHPPCHPPPPCHHHHCHHPPHHPPPPHHPPHPP,-8
251,PPCHHPPCHPPPPCHHHHCHHPPHHPPPPHHPPHPP,-10
252,PPCHHPPCHPPPPCHHHHCHHPPHHPPPPHHPPHPP,-5
253,PPCHHPPCHPPPPCHHHHCHHPPHHPPPPHHPPHPP,-11
254,PPCHHPPCHPPPPCHHHHCHHPPHHPPPPHHPPHPP,-8
255,PPCHHPPCHPPPPCHHHHCHHPPHHPPPPHHPPHPP,-15
256,PPCHHPPCHPPPPCHHHHCHHPPHHPPPPHHPPHPP,-10
257,PPCHHPPCHPPPPCHHHHCHHPPHHPPPPHHPPHPP,-11
258,PPCHHPPCHPPPPCHHHHCHHPPHHPPPPHHPPHPP,-12
259,PPCHHPPCHPPPPCHHHHCHHPPHHPPPPHHPPHPP,-8
260,PPCHHPPCHPPPPCHHHHCHHPPHHPPPPHHPPHPP,-9
261,PPCHHPPCHPPPPCHHHHCHHPPHHPPPPHHPPHPP,-7
262,PPCHHPPCHPPPPCHHHHCHHPPHHPPPPHHPPHPP,-6
263,PPCHHPPCHPPPPCHHHHCHHPPHHPPPPHHPPHPP,-7
264,PPCHHPPCHPPPPCHHHHCHHPPHHPPPPHHPPHPP,-8
265,PPCHHPPCHPPPPCHHHHCHHPPHHPPPPHHPPHPP,-6
266,PPCHHPPCHPPPPCHHHHCHHPPHHPPPPHHPPHPP,-7
267,PPCHHPPCHPPPPCHHHHCHHPPHHPPPPHHPPHPP,-9
268,PPCHHPPCHPPPPCHHHHCHHPPHHPPPPHHPPHPP,-7
269,PPCHHPPCHPPPPCHHHHCHHPPHHPPPPHHPPHPP,-10
270,PPCHHPPCHPPPPCHHHHCHHPPHHPPPPHHPPHPP,-8
271,PPCHHPPCHPPPPCHHHHCHHPPHHPPPPHHPPHPP,-11
272,PPCHHPPCHPPPPCHHHHCHHPPHHPPPPHHPPHPP,-10
273,PPCHHPPCHPPPPCHHHHCHHPPHHPPPPHHPPHPP,-7
274,PPCHHPPCHPPPPCHHHHCHHPPHHPPPPHHPPHPP,-8
275,PPCHHPPCHPPPPCHHHHCHHPPHHPPPPHHPPHPP,-8
276,PPCHHPPCHPPPPCHHHHCHHPPHHPPPPHHPPHPP,-9
277,PPCHHPPCHPPPPCHHHHCHHPPHHPPPPHHPPHPP,-7
278,PPCHHPPCHPPPPCHHHHCHHPPHHPPPPHHPPHPP,-6
279,PPCHHPPCHPPPPCHHHHCHHPPHHPPPPHHPPHPP,-6
280,PPCHHPPCHPPPPCHHHHCHHPPHHPPPPHHPPHPP,-7
281,PPCHHPPCHPPPPCHHHHCHHPPHHPPPPHHPPHPP,-6
282,PPCHHPPCHPPPPCHHHHCHHPPHHPPPPHHPPHPP,-6
283,PPCHHPPCHPPPPCHHHHCHHPPHHPPPPHHPPHPP,-6
284,PPCHHPPCHPPPPCHHHHCHHPPHHPPPPHHPPHPP,-6
285,PPCHHPPCHPPPPCHHHHCHHPPHHPPPPHHPPHPP,-8
286,PPCHHPPCHPPPPCHHHHCHHPPHHPPPPHHPPHPP,-8
287,PPCHHPPCHPPPPCHHHHCHHPPHHPPPPHHPPHPP,-12
288,PPCHHPPCHPPPPCHHHHCHHPPHHPPPPHHPPHPP,-6
289,PPCHHPPCHPPPPCHHHHCHHPPHHPPPPHHPPHPP,-9
290,PPCHHPPCHPPPPCHHHHCHHPPHHPPPPHHPPHPP,-6
291,PPCHHPPCHPPPPCHHHHCHHPPHHPPPPHHPPHPP,-6
292,PPCHHPPCHPPPPCHHHHCHHPPHHPPPPHHPPHPP,-6
293,PPCHHPPCHPPPPCHHHHCHHPPHHPPPPHHPPHPP,-8
294,PPCHHPPCHPPPPCHHHHCHHPPHHPPPPHHPPHPP,-7
295,PPCHHPPCHPPPPCHHHHCHHPPHHPPPPHHPPHPP,-11
296,PPCHHPPCHPPPPCHHHHCHHPPHHPPPPHHPPHPP,-6
297,PPCHHPPCHPPPPCHHHHCHHPPHHPPPPHHPPHPP,-8
298,PPCHHPPCHPPPPCHHHHCHHPPHHPPPPHHPPHPP,-8
299,PPCHHPPCHPPPPCHHHHCHHPPHHPPPPHHPPHPP,-6
300,PPCHHPPCHPPPPCHHHHCHHPPHHPPPPHHPPHPP,-8
301,PPCHHPPCHPPPPCHHHHCHHPPHHPPPPHHPPHPP,-7
302,PPCHHPPCHPPPPCHHHHCHHPPHHPPPPHHPPHPP,-8
303,PPCHHPPCHPPPPCHHHHCHHPPHHPPPPHHPPHPP,-6
304,PPCHHPPCHPPPPCHHHHCHHPPHHPPPPHHPPHPP,-6
305,PPCHHPPCHPPPPCHHHHCHHPPHHPPPPHHPPHPP,-13
306,PPCHHPPCHPPPPCHHHHCHHPPHHPPPPHHPPHPP,-15
307,PPCHHPPCHPPPPCHHHHCHHPPHHPPPPHHPPHPP,-9
308,PPCHHPPCHPPPPCHHHHCHHPPHHPPPPHHPPHPP,-13
309,PPCHHPPCHPPPPCHHHHCHHPPHHPPPPHHPPHPP,-15
310,PPCHHPPCHPPPPCHHHHCHHPPHHPPPPHHPPHPP,-9
311,PPCHHPPCHPPPPCHHHHCHHPPHHPPPPHHPPHPP,-8
312,PPCHHPPCHPPPPCHHHHCHHPPHHPPPPHHPPHPP,-7
313,PPCHHPPCHPPPPCHHHHCHHPPHHPPPPHHPPHPP,-8
314,PPCHHPPCHPPPPCHHHHCHHPPHHPPPPHHPPHPP,-8
315,PPCHHPPCHPPPPCHHHHCHHPPHHPPPPHHPPHPP,-10
316,PPCHHPPCHPPPPCHHHHCHHPPHHPPPPHHPPHPP,-7
317,PPCHHPPCHPPPPCHHHHCHHPPHHPPPPHHPPHPP,-11
318,PPCHHPPCHPPPPCHHHHCHHPPHHPPPPHHPPHPP,-8
319,PPCHHPPCHPPPPCHHHHCHHPPHHPPPPHHPPHPP,-8
320,PPCHHPPCHPPPPCHHHHCHHPPHHPPPPHHPPHPP,-6
321,PPCHHPPCHPPPPCHHHHCHHPPHHPPPPHHPPHPP,-9
322,PPCHHPPCHPPPPCHHHHCHHPPHHPPPPHHPPHPP,-8
323,PPCHHPPCHPPPPCHHHHCHHPPHHPPPPHHPPHPP,-11
324,PPCHHPPCHPPPPCHHHHCHHPPHHPPPPHHPPHPP,-6
325,PPCHHPPCHPPPPCHHHHCHHPPHHPPPPHHPPHPP,-6
326,PPCHHPPCHPPPPCHHHHCHHPPHHPPPPHHPPHPP,-7
327,PPCHHPPCHPPPPCHHHHCHHPPHHPPPPHHPPHPP,-9
328,PPCHHPPCHPPPPCHHHHCHHPPHHPPPPHHPPHPP,-8
329,PPCHHPPCHPPPPCHHHHCHHPPHHPPPPHHPPHPP,-7
330,PPCHHPPCHPPPPCHHHHCHHPPHHPPPPHHPPHPP,-7
331,PPCHHPPCHPPPPCHHHHCHHPPHHPPPPHHPPHPP,-9
332,PPCHHPPCHPPPPCHHHHCHHPPHHPPPPHHPPHPP,-8
333,PPCHHPPCHPPPPCHHHHCHHPPHHPPPPHHPPHPP,-8
334,PPCHHPPCHPPPPCHHHHCHHPPHHPPPPHHPPHPP,-7
335,PPCHHPPCHPPPPCHHHHCHHPPHHPPPPHHPPHPP,-9
336,PPCHHPPCHPPPPCHHHHCHHPPHHPPPPHHPPHPP,-15
337,PPCHHPPCHPPPPCHHHHCHHPPHHPPPPHHPPHPP,-8
338,PPCHHPPCHPPPPCHHHHCHHPPHHPPPPHHPPHPP,-9
339,PPCHHPPCHPPPPCHHHHCHHPPHHPPPPHHPPHPP,-8
340,PPCHHPPCHPPPPCHHHHCHHPPHHPPPPHHPPHPP,-9
341,PPCHHPPCHPPPPCHHHHCHHPPHHPPPPHHPPHPP,-11
342,PPCHHPPCHPPPPCHHHHCHHPPHHPPPPHHPPHPP,-6
343,PPCHHPPCHPPPPCHHHHCHHPPHHPPPPHHPPHPP,-8
344,PPCHHPPCHPPPPCHHHHCHHPPHHPPPPHHPPHPP,-8
345,PPCHHPPCHPPPPCHHHHCHHPPHHPPPPHHPPHPP,-9
346,PPCHHPPCHPPPPCHHHHCHHPPHHPPPPHHPPHPP,-7
347,PPCHHPPCHPPPPCHHHHCHHPPHHPPPPHHPPHPP,-7
348,PPCHHPPCHPPPPCHHHHCHHPPHHPPPPHHPPHPP,-8
349,PPCHHPPCHPPPPCHHHHCHHPPHHPPPPHHPPHPP,-7
350,PPCHHPPCHPPPPCHHHHCHHPPHHPPPPHHPPHPP,-9
351,PPCHHPPCHPPPPCHHHHCHHPPHHPPPPHHPPHPP,-6
352,PPCHHPPCHPPPPCHHHHCHHPPHHPPPPHHPPHPP,-8
353,PPCHHPPCHPPPPCHHHHCHHPPHHPPPPHHPPHPP,-6
354,PPCHHPPCHPPPPCHHHHCHHPPHHPPPPHHPPHPP,-10
355,PPCHHPPCHPPPPCHHHHCHHPPHHPPPPHHPPHPP,-8
356,PPCHHPPCHPPPPCHHHHCHHPPHHPPPPHHPPHPP,-8
357,PPCHHPPCHPPPPCHHHHCHHPPHHPPPPHHPPHPP,-9
358,PPCHHPPCHPPPPCHHHHCHHPPHHPPPPHHPPHPP,-11
359,PPCHHPPCHPPPPCHHHHCHHPPHHPPPPHHPPHPP,-9
360,PPCHHPPCHPPPPCHHHHCHHPPHHPPPPHHPPHPP,-8
361,PPCHHPPCHPPPPCHHHHCHHPPHHPPPPHHPPHPP,-10
362,PPCHHPPCHPPPPCHHHHCHHPPHHPPPPHHPPHPP,-9
363,PPCHHPPCHPPPPCHHHHCHHPPHHPPPPHHPPHPP,-14
364,PPCHHPPCHPPPPCHHHHCHHPPHHPPPPHHPPHPP,-12
365,PPCHHPPCHPPPPCHHHHCHHPPHHPPPPHHPPHPP,-11
366,PPCHHPPCHPPPPCHHHHCHHPPHHPPPPHHPPHPP,-10
367,PPCHHPPCHPPPPCHHHHCHHPPHHPPPPHHPPHPP,-12
368,PPCHHPPCHPPPPCHHHHCHHPPHHPPPPHHPPHPP,-10
369,PPCHHPPCHPPPPCHHHHCHHPPHHPPPPHHPPHPP,-11
370,PPCHHPPCHPPPPCHHHHCHHPPHHPPPPHHPPHPP,-12
371,PPCHHPPCHPPPPCHHHHCHHPPHHPPPPHHPPHPP,-10
372,PPCHHPPCHPPPPCHHHHCHHPPHHPPPPHHPPHPP,-10
373,PPCHHPPCHPPPPCHHHHCHHPPHHPPPPHHPPHPP,-10
374,PPCHHPPCHPPPPCHHHHCHHPPHHPPPPHHPPHPP,-12
375,PPCHHPPCHPPPPCHHHHCHHPPHHPPPPHHPPHPP,-11
376,PPCHHPPCHPPPPCHHHHCHHPPHHPPPPHHPPHPP,-12
377,PPCHHPPCHPPPPCHHHHCHHPPHHPPPPHHPPHPP,-12
378,PPCHHPPCHPPPPCHHHHCHHPPHHPPPPHHPPHPP,-13
379,PPCHHPPCHPPPPCHHHHCHHPPHHPPPPHHPPHPP,-13
380,PPCHHPPCHPPPPCHHHHCHHPPHHPPPPHHPPHPP,-16
381,PPCHHPPCHPPPPCHHHHCHHPPHHPPPPHHPPHPP,-17
382,PPCHHPPCHPPPPCHHHHCHHPPHHPPPPHHPPHPP,-17
383,PPCHHPPCHPPPPCHHHHCHHPPHHPPPPHHPPHPP,-17
384,PPCHHPPCHPPPPCHHHHCHHPPHHPPPPHHPPHPP,-17
385,PPCHHPPCHPPPPCHHHHCHHPPHHPPPPHHPPHPP,-17
386,PPCHHPPCHPPPPCHHHHCHHPPHHPPPPHHPPHPP,-17
387,PPCHHPPCHPPPPCHHHHCHHPPHHPPPPHHPPHPP,-17
388,PPCHHPPCHPPPPCHHHHCHHPPHHPPPPHHPPHPP,-17
389,PPCHHPPCHPPPPCHHHHCHHPPHHPPPPHHPPHPP,-17
390,PPCHHPPCHPPPPCHHHHCHHPPHHPPPPHHPPHPP,-18
391,PPCHHPPCHPPPPCHHHHCHHPPHHPPPPHHPPHPP,-17
392,PPCHHPPCHPPPPCHHHHCHHPPHHPPPPHHPPHPP,-18
393,PPCHHPPCHPPPPCHHHHCHHPPHHPPPPHHPPHPP,-17
394,PPCHHPPCHPPPPCHHHHCHHPPHHPPPPHHPPHPP,-17
395,PPCHHPPCHPPPPCHHHHCHHPPHHPPPPHHPPHPP,-17
396,PPCHHPPCHPPPPCHHHHCHHPPHHPPPPHHPPHPP,-17
397,PPCHHPPCHPPPPCHHHHCHHPPHHPPPPHHPPHPP,-17
398,PPCHHPPCHPPPPCHHHHCHHPPHHPPPPHHPPHPP,-18
399,PPCHHPPCHPPPPCHHHHCHHPPHHPPPPHHPPHPP,-17
400,PPCHHPPCHPPPPCHHHHCHHPPHHPPPPHHPPHPP,-18
401,PPCHHPPCHPPPPCHHHHCHHPPHHPPPPHHPPHPP,-18
402,PPCHHPPCHPPPPCHHHHCHHPPHHPPPPHHPPHPP,-17
403,PPCHHPPCHPPPPCHHHHCHHPPHHPPPPHHPPHPP,-17
404,PPCHHPPCHPPPPCHHHHCHHPPHHPPPPHHPPHPP,-17
405,PPCHHPPCHPPPPCHHHHCHHPPHHPPPPHHPPHPP,-18
406,PPCHHPPCHPPPPCHHHHCHHPPHHPPPPHHPPHPP,-17
407,PPCHHPPCHPPPPCHHHHCHHPPHHPPPPHHPPHPP,-18
408,PPCHHPPCHPPPPCHHHHCHHPPHHPPPPHHPPHPP,-18
409,PPCHHPPCHPPPPCHHHHCHHPPHHPPPPHHPPHPP,-17
410,PPCHHPPCHPPPPCHHHHCHHPPHHPPPPHHPPHPP,-17
411,PPCHHPPCHPPPPCHHHHCHHPPHHPPPPHHPPHPP,-17
412,PPCHHPPCHPPPPCHHHHCHHPPHHPPPPHHPPHPP,-18
413,PPCHHPPCHPPPPCHHHHCHHPPHHPPPPHHPPHPP,-18
414,PPCHHPPCHPPPPCHHHHCHHPPHHPPPPHHPPHPP,-17
415,PPCHHPPCHPPPPCHHHHCHHPPHHPPPPHHPPHPP,-19
416,PPCHHPPCHPPPPCHHHHCHHPPHHPPPPHHPPHPP,-17
417,PPCHHPPCHPPPPCHHHHCHHPPHHPPPPHHPPHPP,-17
418,PPCHHPPCHPPPPCHHHHCHHPPHHPPPPHHPPHPP,-17
419,PPCHHPPCHPPPPCHHHHCHHPPHHPPPPHHPPHPP,-18
420,PPCHHPPCHPPPPCHHHHCHHPPHHPPPPHHPPHPP,-17
421,PPCHHPPCHPPPPCHHHHCHHPPHHPPPPHHPPHPP,-17
422,PPCHHPPCHPPPPCHHHHCHHPPHHPPPPHHPPHPP,-17
423,PPCHHPPCHPPPPCHHHHCHHPPHHPPPPHHPPHPP,-17
424,PPCHHPPCHPPPPCHHHHCHHPPHHPPPPHHPPHPP,-17
425,PPCHHPPCHPPPPCHHHHCHHPPHHPPPPHHPPHPP,-17
426,PPCHHPPCHPPPPCHHHHCHHPPHHPPPPHHPPHPP,-17
427,PPCHHPPCHPPPPCHHHHCHHPPHHPPPPHHPPHPP,-18
428,PPCHHPPCHPPPPCHHHHCHHPPHHPPPPHHPPHPP,-18
429,PPCHHPPCHPPPPCHHHHCHHPPHHPPPPHHPPHPP,-18
430,PPCHHPPCHPPPPCHHHHCHHPPHHPPPPHHPPHPP,-18
431,PPCHHPPCHPPPPCHHHHCHHPPHHPPPPHHPPHPP,-17
432,PPCHHPPCHPPPPCHHHHCHHPPHHPPPPHHPPHPP,-19
433,PPCHHPPCHPPPPCHHHHCHHPPHHPPPPHHPPHPP,-17
434,PPCHHPPCHPPPPCHHHHCHHPPHHPPPPHHPPHPP,-18
435,PPCHHPPCHPPPPCHHHHCHHPPHHPPPPHHPPHPP,-17
436,PPCHHPPCHPPPPCHHHHCHHPPHHPPPPHHPPHPP,-17
437,PPCHHPPCHPPPPCHHHHCHHPPHHPPPPHHPPHPP,-17
438,PPCHHPPCHPPPPCHHHHCHHPPHHPPPPHHPPHPP,-18
439,PPCHHPPCHPPPPCHHHHCHHPPHHPPPPHHPPHPP,-17
440,PPCHHPPCHPPPPCHHHHCHHPPHHPPPPHHPPHPP,-18
441,PPCHHPPCHPPPPCHHHHCHHPPHHPPPPHHPPHPP,-17
442,PPCHHPPCHPPPPCHHHHCHHPPHHPPPPHHPPHPP,-17
443,PPCHHPPCHPPPPCHHHHCHHPPHHPPPPHHPPHPP,-18
444,PPCHHPPCHPPPPCHHHHCHHPPHHPPPPHHPPHPP,-18
445,PPCHHPPCHPPPPCHHHHCHHPPHHPPPPHHPPHPP,-18
446,PPCHHPPCHPPPPCHHHHCHHPPHHPPPPHHPPHPP,-18
447,PPCHHPPCHPPPPCHHHHCHHPPHHPPPPHHPPHPP,-17
448,PPCHHPPCHPPPPCHHHHCHHPPHHPPPPHHPPHPP,-19
449,PPCHHPPCHPPPPCHHHHCHHPPHHPPPPHHPPHPP,-17
450,PPCHHPPCHPPPPCHHHHCHHPPHHPPPPHHPPHPP,-17
451,PPCHHPPCHPPPPCHHHHCHHPPHHPPPPHHPPHPP,-19
452,PPCHHPPCHPPPPCHHHHCHHPPHHPPPPHHPPHPP,-18
453,PPCHHPPCHPPPPCHHHHCHHPPHHPPPPHHPPHPP,-18
454,PPCHHPPCHPPPPCHHHHCHHPPHHPPPPHHPPHPP,-18
455,PPCHHPPCHPPPPCHHHHCHHPPHHPPPPHHPPHPP,-17
456,PPCHHPPCHPPPPCHHHHCHHPPHHPPPPHHPPHPP,-17
457,PPCHHPPCHPPPPCHHHHCHHPPHHPPPPHHPPHPP,-18
458,PPCHHPPCHPPPPCHHHHCHHPPHHPPPPHHPPHPP,-18
459,PPCHHPPCHPPPPCHHHHCHHPPHHPPPPHHPPHPP,-17
460,PPCHHPPCHPPPPCHHHHCHHPPHHPPPPHHPPHPP,-18
461,PPCHHPPCHPPPPCHHHHCHHPPHHPPPPHHPPHPP,-19
462,PPCHHPPCHPPPPCHHHHCHHPPHHPPPPHHPPHPP,-17
463,PPCHHPPCHPPPPCHHHHCHHPPHHPPPPHHPPHPP,-17
464,PPCHHPPCHPPPPCHHHHCHHPPHHPPPPHHPPHPP,-19
465,PPCHHPPCHPPPPCHHHHCHHPPHHPPPPHHPPHPP,-17
466,PPCHHPPCHPPPPCHHHHCHHPPHHPPPPHHPPHPP,-17
467,PPCHHPPCHPPPPCHHHHCHHPPHHPPPPHHPPHPP,-18
468,PPCHHPPCHPPPPCHHHHCHHPPHHPPPPHHPPHPP,-17
469,PPCHHPPCHPPPPCHHHHCHHPPHHPPPPHHPPHPP,-18
470,PPCHHPPCHPPPPCHHHHCHHPPHHPPPPHHPPHPP,-18
471,PPCHHPPCHPPPPCHHHHCHHPPHHPPPPHHPPHPP,-18
472,PPCHHPPCHPPPPCHHHHCHHPPHHPPPPHHPPHPP,-17
473,PPCHHPPCHPPPPCHHHHCHHPPHHPPPPHHPPHPP,-19
474,PPCHHPPCHPPPPCHHHHCHHPPHHPPPPHHPPHPP,-18
475,PPCHHPPCHPPPPCHHHHCHHPPHHPPPPHHPPHPP,-17
476,PPCHHPPCHPPPPCHHHHCHHPPHHPPPPHHPPHPP,-18
477,PPCHHPPCHPPPPCHHHHCHHPPHHPPPPHHPPHPP,-18
478,PPCHHPPCHPPPPCHHHHCHHPPHHPPPPHHPPHPP,-17
479,PPCHHPPCHPPPPCHHHHCHHPPHHPPPPHHPPHPP,-18
480,PPCHHPPCHPPPPCHHHHCHHPPHHPPPPHHPPHPP,-18
481,PPCHHPPCHPPPPCHHHHCHHPPHHPPPPHHPPHPP,-17
482,PPCHHPPCHPPPPCHHHHCHHPPHHPPPPHHPPHPP,-19
483,PPCHHPPCHPPPPCHHHHCHHPPHHPPPPHHPPHPP,-17
484,PPCHHPPCHPPPPCHHHHCHHPPHHPPPPHHPPHPP,-19
485,PPCHHPPCHPPPPCHHHHCHHPPHHPPPPHHPPHPP,-18
486,PPCHHPPCHPPPPCHHHHCHHPPHHPPPPHHPPHPP,-18
487,PPCHHPPCHPPPPCHHHHCHHPPHHPPPPHHPPHPP,-17
488,PPCHHPPCHPPPPCHHHHCHHPPHHPPPPHHPPHPP,-18
489,PPCHHPPCHPPPPCHHHHCHHPPHHPPPPHHPPHPP,-19
490,PPCHHPPCHPPPPCHHHHCHHPPHHPPPPHHPPHPP,-17
491,PPCHHPPCHPPPPCHHHHCHHPPHHPPPPHHPPHPP,-18
492,PPCHHPPCHPPPPCHHHHCHHPPHHPPPPHHPPHPP,-18
493,PPCHHPPCHPPPPCHHHHCHHPPHHPPPPHHPPHPP,-17
494,PPCHHPPCHPPPPCHHHHCHHPPHHPPPPHHPPHPP,-19
495,PPCHHPPCHPPPPCHHHHCHHPPHHPPPPHHPPHPP,-18
496,PPCHHPPCHPPPPCHHHHCHHPPHHPPPPHHPPHPP,-18
497,PPCHHPPCHPPPPCHHHHCHHPPHHPPPPHHPPHPP,-17
498,PPCHHPPCHPPPPCHHHHCHHPPHHPPPPHHPPHPP,-18
499,PPCHHPPCHPPPPCHHHHCHHPPHHPPPPHHPPHPP,-17
500,PPCHHPPCHPPPPCHHHHCHHPPHHPPPPHHPPHPP,-19
501,PPCHHPPCHPPPPCHHHHCHHPPHHPPPPHHPPHPP,-17
502,PPCHHPPCHPPPPCHHHHCHHPPHHPPPPHHPPHPP,-18
503,PPCHHPPCHPPPPCHHHHCHHPPHHPPPPHHPPHPP,-19
504,PPCHHPPCHPPPPCHHHHCHHPPHHPPPPHHPPHPP,-19
505,PPCHHPPCHPPPPCHHHHCHHPPHHPPPPHHPPHPP,-18
506,PPCHHPPCHPPPPCHHHHCHHPPHHPPPPHHPPHPP,-18
507,PPCHHPPCHPPPPCHHHHCHHPPHHPPPPHHPPHPP,-18
508,PPCHHPPCHPPPPCHHHHCHHPPHHPPPPHHPPHPP,-18
509,PPCHHPPCHPPPPCHHHHCHHPPHHPPPPHHPPHPP,-18
510,PPCHHPPCHPPPPCHHHHCHHPPHHPPPPHHPPHPP,-18
511,PPCHHPPCHPPPPCHHHHCHHPPHHPPPPHHPPHPP,-20
512,PPCHHPPCHPPPPCHHHHCHHPPHHPPPPHHPPHPP,-18
513,PPCHHPPCHPPPPCHHHHCHHPPHHPPPPHHPPHPP,-18
514,PPCHHPPCHPPPPCHHHHCHHPPHHPPPPHHPPHPP,-18
515,PPCHHPPCHPPPPCHHHHCHHPPHHPPPPHHPPHPP,-18
516,PPCHHPPCHPPPPCHHHHCHHPPHHPPPPHHPPHPP,-19
517,PPCHHPPCHPPPPCHHHHCHHPPHHPPPPHHPPHPP,-18
518,PPCHHPPCHPPPPCHHHHCHHPPHHPPPPHHPPHPP,-19
519,PPCHHPPCHPPPPCHHHHCHHPPHHPPPPHHPPHPP,-19
520,PPCHHPPCHPPPPCHHHHCHHPPHHPPPPHHPPHPP,-18
521,PPCHHPPCHPPPPCHHHHCHHPPHHPPPPHHPPHPP,-19
522,PPCHHPPCHPPPPCHHHHCHHPPHHPPPPHHPPHPP,-18
523,PPCHHPPCHPPPPCHHHHCHHPPHHPPPPHHPPHPP,-19
524,PPCHHPPCHPPPPCHHHHCHHPPHHPPPPHHPPHPP,-19
525,PPCHHPPCHPPPPCHHHHCHHPPHHPPPPHHPPHPP,-18
526,PPCHHPPCHPPPPCHHHHCHHPPHHPPPPHHPPHPP,-19
527,PPCHHPPCHPPPPCHHHHCHHPPHHPPPPHHPPHPP,-19
528,PPCHHPPCHPPPPCHHHHCHHPPHHPPPPHHPPHPP,-19
529,PPCHHPPCHPPPPCHHHHCHHPPHHPPPPHHPPHPP,-19
530,PPCHHPPCHPPPPCHHHHCHHPPHHPPPPHHPPHPP,-19
531,PPCHHPPCHPPPPCHHHHCHHPPHHPPPPHHPPHPP,-19
532,PPCHHPPCHPPPPCHHHHCHHPPHHPPPPHHPPHPP,-19
533,PPCHHPPCHPPPPCHHHHCHHPPHHPPPPHHPPHPP,-20
534,PPCHHPPCHPPPPCHHHHCHHPPHHPPPPHHPPHPP,-19
535,PPCHHPPCHPPPPCHHHHCHHPPHHPPPPHHPPHPP,-19
536,PPCHHPPCHPPPPCHHHHCHHPPHHPPPPHHPPHPP,-19
537,PPCHHPPCHPPPPCHHHHCHHPPHHPPPPHHPPHPP,-19
538,PPCHHPPCHPPPPCHHHHCHHPPHHPPPPHHPPHPP,-19
539,PPCHHPPCHPPPPCHHHHCHHPPHHPPPPHHPPHPP,-19
540,PPCHHPPCHPPPPCHHHHCHHPPHHPPPPHHPPHPP,-19
541,PPCHHPPCHPPPPCHHHHCHHPPHHPPPPHHPPHPP,-19
542,PPCHHPPCHPPPPCHHHHCHHPPHHPPPPHHPPHPP,-20
543,PPCHHPPCHPPPPCHHHHCHHPPHHPPPPHHPPHPP,-19
544,PPCHHPPCHPPPPCHHHHCHHPPHHPPPPHHPPHPP,-20
545,PPCHHPPCHPPPPCHHHHCHHPPHHPPPPHHPPHPP,-19
546,PPCHHPPCHPPPPCHHHHCHHPPHHPPPPHHPPHPP,-19
547,PPCHHPPCHPPPPCHHHHCHHPPHHPPPPHHPPHPP,-19
548,PPCHHPPCHPPPPCHHHHCHHPPHHPPPPHHPPHPP,-19
549,PPCHHPPCHPPPPCHHHHCHHPPHHPPPPHHPPHPP,-20
550,PPCHHPPCHPPPPCHHHHCHHPPHHPPPPHHPPHPP,-19
551,PPCHHPPCHPPPPCHHHHCHHPPHHPPPPHHPPHPP,-19
552,PPCHHPPCHPPPPCHHHHCHHPPHHPPPPHHPPHPP,-19
553,PPCHHPPCHPPPPCHHHHCHHPPHHPPPPHHPPHPP,-19
554,PPCHHPPCHPPPPCHHHHCHHPPHHPPPPHHPPHPP,-19
555,PPCHHPPCHPPPPCHHHHCHHPPHHPPPPHHPPHPP,-19
556,PPCHHPPCHPPPPCHHHHCHHPPHHPPPPHHPPHPP,-19
557,PPCHHPPCHPPPPCHHHHCHHPPHHPPPPHHPPHPP,-19
558,PPCHHPPCHPPPPCHHHHCHHPPHHPPPPHHPPHPP,-20
559,PPCHHPPCHPPPPCHHHHCHHPPHHPPPPHHPPHPP,-19
560,PPCHHPPCHPPPPCHHHHCHHPPHHPPPPHHPPHPP,-20
561,PPCHHPPCHPPPPCHHHHCHHPPHHPPPPHHPPHPP,-19
562,PPCHHPPCHPPPPCHHHHCHHPPHHPPPPHHPPHPP,-19
563,PPCHHPPCHPPPPCHHHHCHHPPHHPPPPHHPPHPP,-19
564,PPCHHPPCHPPPPCHHHHCHHPPHHPPPPHHPPHPP,-20
565,PPCHHPPCHPPPPCHHHHCHHPPHHPPPPHHPPHPP,-19
566,PPCHHPPCHPPPPCHHHHCHHPPHHPPPPHHPPHPP,-19
567,PPCHHPPCHPPPPCHHHHCHHPPHHPPPPHHPPHPP,-20
568,PPCHHPPCHPPPPCHHHHCHHPPHHPPPPHHPPHPP,-19
569,PPCHHPPCHPPPPCHHHHCHHPPHHPPPPHHPPHPP,-20
570,PPCHHPPCHPPPPCHHHHCHHPPHHPPPPHHPPHPP,-19
571,PPCHHPPCHPPPPCHHHHCHHPPHHPPPPHHPPHPP,-19
572,PPCHHPPCHPPPPCHHHHCHHPPHHPPPPHHPPHPP,-20
573,PPCHHPPCHPPPPCHHHHCHHPPHHPPPPHHPPHPP,-19
574,PPCHHPPCHPPPPCHHHHCHHPPHHPPPPHHPPHPP,-19
575,PPCHHPPCHPPPPCHHHHCHHPPHHPPPPHHPPHPP,-19
576,PPCHHPPCHPPPPCHHHHCHHPPHHPPPPHHPPHPP,-19
577,PPCHHPPCHPPPPCHHHHCHHPPHHPPPPHHPPHPP,-19
578,PPCHHPPCHPPPPCHHHHCHHPPHHPPPPHHPPHPP,-19
579,PPCHHPPCHPPPPCHHHHCHHPPHHPPPPHHPPHPP,-19
580,PPCHHPPCHPPPPCHHHHCHHPPHHPPPPHHPPHPP,-20
581,PPCHHPPCHPPPPCHHHHCHHPPHHPPPPHHPPHPP,-19
582,PPCHHPPCHPPPPCHHHHCHHPPHHPPPPHHPPHPP,-19
583,PPCHHPPCHPPPPCHHHHCHHPPHHPPPPHHPPHPP,-20
584,PPCHHPPCHPPPPCHHHHCHHPPHHPPPPHHPPHPP,-19
585,PPCHHPPCHPPPPCHHHHCHHPPHHPPPPHHPPHPP,-19
586,PPCHHPPCHPPPPCHHHHCHHPPHHPPPPHHPPHPP,-19
587,PPCHHPPCHPPPPCHHHHCHHPPHHPPPPHHPPHPP,-19
588,PPCHHPPCHPPPPCHHHHCHHPPHHPPPPHHPPHPP,-19
589,PPCHHPPCHPPPPCHHHHCHHPPHHPPPPHHPPHPP,-19
590,PPCHHPPCHPPPPCHHHHCHHPPHHPPPPHHPPHPP,-19
591,PPCHHPPCHPPPPCHHHHCHHPPHHPPPPHHPPHPP,-20
592,PPCHHPPCHPPPPCHHHHCHHPPHHPPPPHHPPHPP,-19
593,PPCHHPPCHPPPPCHHHHCHHPPHHPPPPHHPPHPP,-19
594,PPCHHPPCHPPPPCHHHHCHHPPHHPPPPHHPPHPP,-19
595,PPCHHPPCHPPPPCHHHHCHHPPHHPPPPHHPPHPP,-19
596,PPCHHPPCHPPPPCHHHHCHHPPHHPPPPHHPPHPP,-20
597,PPCHHPPCHPPPPCHHHHCHHPPHHPPPPHHPPHPP,-19
598,PPCHHPPCHPPPPCHHHHCHHPPHHPPPPHHPPHPP,-19
599,PPCHHPPCHPPPPCHHHHCHHPPHHPPPPHHPPHPP,-19
600,PPCHHPPCHPPPPCHHHHCHHPPHHPPPPHHPPHPP,-19
601,PPCHHPPCHPPPPCHHHHCHHPPHHPPPPHHPPHPP,-19
602,PPCHHPPCHPPPPCHHHHCHHPPHHPPPPHHPPHPP,-19
603,PPCHHPPCHPPPPCHHHHCHHPPHHPPPPHHPPHPP,-19
604,PPCHHPPCHPPPPCHHHHCHHPPHHPPPPHHPPHPP,-19
605,PPCHHPPCHPPPPCHHHHCHHPPHHPPPPHHPPHPP,-19
606,PPCHHPPCHPPPPCHHHHCHHPPHHPPPPHHPPHPP,-20
607,PPCHHPPCHPPPPCHHHHCHHPPHHPPPPHHPPHPP,-19
608,PPCHHPPCHPPPPCHHHHCHHPPHHPPPPHHPPHPP,-19
609,PPCHHPPCHPPPPCHHHHCHHPPHHPPPPHHPPHPP,-19
610,PPCHHPPCHPPPPCHHHHCHHPPHHPPPPHHPPHPP,-19
611,PPCHHPPCHPPPPCHHHHCHHPPHHPPPPHHPPHPP,-19
612,PPCHHPPCHPPPPCHHHHCHHPPHHPPPPHHPPHPP,-20
613,PPCHHPPCHPPPPCHHHHCHHPPHHPPPPHHPPHPP,-19
614,PPCHHPPCHPPPPCHHHHCHHPPHHPPPPHHPPHPP,-19
615,PPCHHPPCHPPPPCHHHHCHHPPHHPPPPHHPPHPP,-19
616,PPCHHPPCHPPPPCHHHHCHHPPHHPPPPHHPPHPP,-19
617,PPCHHPPCHPPPPCHHHHCHHPPHHPPPPHHPPHPP,-20
618,PPCHHPPCHPPPPCHHHHCHHPPHHPPPPHHPPHPP,-19
619,PPCHHPPCHPPPPCHHHHCHHPPHHPPPPHHPPHPP,-19
620,PPCHHPPCHPPPPCHHHHCHHPPHHPPPPHHPPHPP,-19
621,PPCHHPPCHPPPPCHHHHCHHPPHHPPPPHHPPHPP,-19
622,PPCHHPPCHPPPPCHHHHCHHPPHHPPPPHHPPHPP,-19
623,PPCHHPPCHPPPPCHHHHCHHPPHHPPPPHHPPHPP,-19
624,PPCHHPPCHPPPPCHHHHCHHPPHHPPPPHHPPHPP,-19
625,PPCHHPPCHPPPPCHHHHCHHPPHHPPPPHHPPHPP,-19
626,PPCHHPPCHPPPPCHHHHCHHPPHHPPPPHHPPHPP,-20
627,PPCHHPPCHPPPPCHHHHCHHPPHHPPPPHHPPHPP,-19
628,PPCHHPPCHPPPPCHHHHCHHPPHHPPPPHHPPHPP,-19
629,PPCHHPPCHPPPPCHHHHCHHPPHHPPPPHHPPHPP,-19
630,PPCHHPPCHPPPPCHHHHCHHPPHHPPPPHHPPHPP,-19
631,PPCHHPPCHPPPPCHHHHCHHPPHHPPPPHHPPHPP,-19
632,PPCHHPPCHPPPPCHHHHCHHPPHHPPPPHHPPHPP,-19
633,PPCHHPPCHPPPPCHHHHCHHPPHHPPPPHHPPHPP,-19
634,PPCHHPPCHPPPPCHHHHCHHPPHHPPPPHHPPHPP,-19
635,PPCHHPPCHPPPPCHHHHCHHPPHHPPPPHHPPHPP,-20
636,PPCHHPPCHPPPPCHHHHCHHPPHHPPPPHHPPHPP,-20
637,PPCHHPPCHPPPPCHHHHCHHPPHHPPPPHHPPHPP,-19
638,PPCHHPPCHPPPPCHHHHCHHPPHHPPPPHHPPHPP,-19
639,PPCHHPPCHPPPPCHHHHCHHPPHHPPPPHHPPHPP,-19
640,PPCHHPPCHPPPPCHHHHCHHPPHHPPPPHHPPHPP,-19
641,PPCHHPPCHPPPPCHHHHCHHPPHHPPPPHHPPHPP,-19
642,PPCHHPPCHPPPPCHHHHCHHPPHHPPPPHHPPHPP,-19
643,PPCHHPPCHPPPPCHHHHCHHPPHHPPPPHHPPHPP,-19
644,PPCHHPPCHPPPPCHHHHCHHPPHHPPPPHHPPHPP,-20
645,PPCHHPPCHPPPPCHHHHCHHPPHHPPPPHHPPHPP,-19
646,PPCHHPPCHPPPPCHHHHCHHPPHHPPPPHHPPHPP,-19
647,PPCHHPPCHPPPPCHHHHCHHPPHHPPPPHHPPHPP,-20
648,PPCHHPPCHPPPPCHHHHCHHPPHHPPPPHHPPHPP,-19
649,PPCHHPPCHPPPPCHHHHCHHPPHHPPPPHHPPHPP,-19
650,PPCHHPPCHPPPPCHHHHCHHPPHHPPPPHHPPHPP,-19
651,PPCHHPPCHPPPPCHHHHCHHPPHHPPPPHHPPHPP,-20
652,PPCHHPPCHPPPPCHHHHCHHPPHHPPPPHHPPHPP,-20
653,PPCHHPPCHPPPPCHHHHCHHPPHHPPPPHHPPHPP,-19
654,PPCHHPPCHPPPPCHHHHCHHPPHHPPPPHHPPHPP,-19
655,PPCHHPPCHPPPPCHHHHCHHPPHHPPPPHHPPHPP,-19
656,PPCHHPPCHPPPPCHHHHCHHPPHHPPPPHHPPHPP,-19
657,PPCHHPPCHPPPPCHHHHCHHPPHHPPPPHHPPHPP,-19
658,PPCHHPPCHPPPPCHHHHCHHPPHHPPPPHHPPHPP,-19
659,PPCHHPPCHPPPPCHHHHCHHPPHHPPPPHHPPHPP,-20
660,PPCHHPPCHPPPPCHHHHCHHPPHHPPPPHHPPHPP,-20
661,PPCHHPPCHPPPPCHHHHCHHPPHHPPPPHHPPHPP,-19
662,PPCHHPPCHPPPPCHHHHCHHPPHHPPPPHHPPHPP,-20
663,PPCHHPPCHPPPPCHHHHCHHPPHHPPPPHHPPHPP,-19
664,PPCHHPPCHPPPPCHHHHCHHPPHHPPPPHHPPHPP,-19
665,PPCHHPPCHPPPPCHHHHCHHPPHHPPPPHHPPHPP,-19
666,PPCHHPPCHPPPPCHHHHCHHPPHHPPPPHHPPHPP,-19
667,PPCHHPPCHPPPPCHHHHCHHPPHHPPPPHHPPHPP,-19
668,PPCHHPPCHPPPPCHHHHCHHPPHHPPPPHHPPHPP,-19
669,PPCHHPPCHPPPPCHHHHCHHPPHHPPPPHHPPHPP,-19
670,PPCHHPPCHPPPPCHHHHCHHPPHHPPPPHHPPHPP,-19
671,PPCHHPPCHPPPPCHHHHCHHPPHHPPPPHHPPHPP,-19
672,PPCHHPPCHPPPPCHHHHCHHPPHHPPPPHHPPHPP,-19
673,PPCHHPPCHPPPPCHHHHCHHPPHHPPPPHHPPHPP,-20
674,PPCHHPPCHPPPPCHHHHCHHPPHHPPPPHHPPHPP,-20
675,PPCHHPPCHPPPPCHHHHCHHPPHHPPPPHHPPHPP,-20
676,PPCHHPPCHPPPPCHHHHCHHPPHHPPPPHHPPHPP,-20
677,PPCHHPPCHPPPPCHHHHCHHPPHHPPPPHHPPHPP,-20
678,PPCHHPPCHPPPPCHHHHCHHPPHHPPPPHHPPHPP,-20
679,PPCHHPPCHPPPPCHHHHCHHPPHHPPPPHHPPHPP,-20
680,PPCHHPPCHPPPPCHHHHCHHPPHHPPPPHHPPHPP,-20
681,PPCHHPPCHPPPPCHHHHCHHPPHHPPPPHHPPHPP,-20
682,PPCHHPPCHPPPPCHHHHCHHPPHHPPPPHHPPHPP,-20
683,PPCHHPPCHPPPPCHHHHCHHPPHHPPPPHHPPHPP,-20
684,PPCHHPPCHPPPPCHHHHCHHPPHHPPPPHHPPHPP,-20
685,PPCHHPPCHPPPPCHHHHCHHPPHHPPPPHHPPHPP,-20
686,PPCHHPPCHPPPPCHHHHCHHPPHHPPPPHHPPHPP,-20
687,PPCHHPPCHPPPPCHHHHCHHPPHHPPPPHHPPHPP,-20
688,PPCHHPPCHPPPPCHHHHCHHPPHHPPPPHHPPHPP,-20
689,PPCHHPPCHPPPPCHHHHCHHPPHHPPPPHHPPHPP,-20
690,PPCHHPPCHPPPPCHHHHCHHPPHHPPPPHHPPHPP,-20
691,PPCHHPPCHPPPPCHHHHCHHPPHHPPPPHHPPHPP,-20
692,PPCHHPPCHPPPPCHHHHCHHPPHHPPPPHHPPHPP,-20
693,PPCHHPPCHPPPPCHHHHCHHPPHHPPPPHHPPHPP,-20
694,PPCHHPPCHPPPPCHHHHCHHPPHHPPPPHHPPHPP,-20
695,PPCHHPPCHPPPPCHHHHCHHPPHHPPPPHHPPHPP,-20
696,PPCHHPPCHPPPPCHHHHCHHPPHHPPPPHHPPHPP,-20
697,PPCHHPPCHPPPPCHHHHCHHPPHHPPPPHHPPHPP,-20
698,PPCHHPPCHPPPPCHHHHCHHPPHHPPPPHHPPHPP,-20
699,PPCHHPPCHPPPPCHHHHCHHPPHHPPPPHHPPHPP,-20
700,PPCHHPPCHPPPPCHHHHCHHPPHHPPPPHHPPHPP,-20
701,PPCHHPPCHPPPPCHHHHCHHPPHHPPPPHHPPHPP,-20
702,PPCHHPPCHPPPPCHHHHCHHPPHHPPPPHHPPHPP,-20
703,PPCHHPPCHPPPPCHHHHCHHPPHHPPPPHHPPHPP,-20
704,PPCHHPPCHPPPPCHHHHCHHPPHHPPPPHHPPHPP,-20
705,PPCHHPPCHPPPPCHHHHCHHPPHHPPPPHHPPHPP,-20
706,PPCHHPPCHPPPPCHHHHCHHPPHHPPPPHHPPHPP,-20
707,PPCHHPPCHPPPPCHHHHCHHPPHHPPPPHHPPHPP,-20
708,PPCHHPPCHPPPPCHHHHCHHPPHHPPPPHHPPHPP,-20
709,PPCHHPPCHPPPPCHHHHCHHPPHHPPPPHHPPHPP,-20
710,PPCHHPPCHPPPPCHHHHCHHPPHHPPPPHHPPHPP,-20
711,PPCHHPPCHPPPPCHHHHCHHPPHHPPPPHHPPHPP,-20
712,PPCHHPPCHPPPPCHHHHCHHPPHHPPPPHHPPHPP,-20
713,PPCHHPPCHPPPPCHHHHCHHPPHHPPPPHHPPHPP,-20
714,PPCHHPPCHPPPPCHHHHCHHPPHHPPPPHHPPHPP,-20
715,PPCHHPPCHPPPPCHHHHCHHPPHHPPPPHHPPHPP,-20
716,PPCHHPPCHPPPPCHHHHCHHPPHHPPPPHHPPHPP,-20
717,PPCHHPPCHPPPPCHHHHCHHPPHHPPPPHHPPHPP,-20
718,PPCHHPPCHPPPPCHHHHCHHPPHHPPPPHHPPHPP,-20
719,PPCHHPPCHPPPPCHHHHCHHPPHHPPPPHHPPHPP,-20
720,PPCHHPPCHPPPPCHHHHCHHPPHHPPPPHHPPHPP,-20
721,PPCHHPPCHPPPPCHHHHCHHPPHHPPPPHHPPHPP,-20
722,PPCHHPPCHPPPPCHHHHCHHPPHHPPPPHHPPHPP,-20
723,PPCHHPPCHPPPPCHHHHCHHPPHHPPPPHHPPHPP,-20
724,PPCHHPPCHPPPPCHHHHCHHPPHHPPPPHHPPHPP,-20
725,PPCHHPPCHPPPPCHHHHCHHPPHHPPPPHHPPHPP,-20
726,PPCHHPPCHPPPPCHHHHCHHPPHHPPPPHHPPHPP,-20
727,PPCHHPPCHPPPPCHHHHCHHPPHHPPPPHHPPHPP,-20
728,PPCHHPPCHPPPPCHHHHCHHPPHHPPPPHHPPHPP,-20
729,PPCHHPPCHPPPPCHHHHCHHPPHHPPPPHHPPHPP,-20
730,PPCHHPPCHPPPPCHHHHCHHPPHHPPPPHHPPHPP,-20
731,PPCHHPPCHPPPPCHHHHCHHPPHHPPPPHHPPHPP,-20
732,PPCHHPPCHPPPPCHHHHCHHPPHHPPPPHHPPHPP,-20
733,PPCHHPPCHPPPPCHHHHCHHPPHHPPPPHHPPHPP,-20
734,PPCHHPPCHPPPPCHHHHCHHPPHHPPPPHHPPHPP,-20
735,PPCHHPPCHPPPPCHHHHCHHPPHHPPPPHHPPHPP,-20
736,PPCHHPPCHPPPPCHHHHCHHPPHHPPPPHHPPHPP,-20
737,PPCHHPPCHPPPPCHHHHCHHPPHHPPPPHHPPHPP,-20
738,PPCHHPPCHPPPPCHHHHCHHPPHHPPPPHHPPHPP,-20
739,PPCHHPPCHPPPPCHHHHCHHPPHHPPPPHHPPHPP,-20
740,PPCHHPPCHPPPPCHHHHCHHPPHHPPPPHHPPHPP,-20
741,PPCHHPPCHPPPPCHHHHCHHPPHHPPPPHHPPHPP,-20
742,PPCHHPPCHPPPPCHHHHCHHPPHHPPPPHHPPHPP,-20
743,PPCHHPPCHPPPPCHHHHCHHPPHHPPPPHHPPHPP,-20
744,PPCHHPPCHPPPPCHHHHCHHPPHHPPPPHHPPHPP,-20
745,PPCHHPPCHPPPPCHHHHCHHPPHHPPPPHHPPHPP,-20
746,PPCHHPPCHPPPPCHHHHCHHPPHHPPPPHHPPHPP,-20
747,PPCHHPPCHPPPPCHHHHCHHPPHHPPPPHHPPHPP,-20
748,PPCHHPPCHPPPPCHHHHCHHPPHHPPPPHHPPHPP,-20
749,PPCHHPPCHPPPPCHHHHCHHPPHHPPPPHHPPHPP,-20
750,PPCHHPPCHPPPPCHHHHCHHPPHHPPPPHHPPHPP,-20
751,PPCHHPPCHPPPPCHHHHCHHPPHHPPPPHHPPHPP,-20
752,PPCHHPPCHPPPPCHHHHCHHPPHHPPPPHHPPHPP,-20
753,PPCHHPPCHPPPPCHHHHCHHPPHHPPPPHHPPHPP,-20
754,PPCHHPPCHPPPPCHHHHCHHPPHHPPPPHHPPHPP,-20
755,PPCHHPPCHPPPPCHHHHCHHPPHHPPPPHHPPHPP,-20
756,PPCHHPPCHPPPPCHHHHCHHPPHHPPPPHHPPHPP,-20
757,PPCHHPPCHPPPPCHHHHCHHPPHHPPPPHHPPHPP,-20
758,PPCHHPPCHPPPPCHHHHCHHPPHHPPPPHHPPHPP,-20
759,PPCHHPPCHPPPPCHHHHCHHPPHHPPPPHHPPHPP,-20
760,PPCHHPPCHPPPPCHHHHCHHPPHHPPPPHHPPHPP,-20
761,PPCHHPPCHPPPPCHHHHCHHPPHHPPPPHHPPHPP,-20
762,PPCHHPPCHPPPPCHHHHCHHPPHHPPPPHHPPHPP,-20
763,PPCHHPPCHPPPPCHHHHCHHPPHHPPPPHHPPHPP,-20
764,PPCHHPPCHPPPPCHHHHCHHPPHHPPPPHHPPHPP,-20
765,PPCHHPPCHPPPPCHHHHCHHPPHHPPPPHHPPHPP,-20
766,PPCHHPPCHPPPPCHHHHCHHPPHHPPPPHHPPHPP,-20
767,PPCHHPPCHPPPPCHHHHCHHPPHHPPPPHHPPHPP,-20
768,PPCHHPPCHPPPPCHHHHCHHPPHHPPPPHHPPHPP,-20
769,PPCHHPPCHPPPPCHHHHCHHPPHHPPPPHHPPHPP,-20
770,PPCHHPPCHPPPPCHHHHCHHPPHHPPPPHHPPHPP,-20
771,PPCHHPPCHPPPPCHHHHCHHPPHHPPPPHHPPHPP,-20
772,PPCHHPPCHPPPPCHHHHCHHPPHHPPPPHHPPHPP,-20
773,PPCHHPPCHPPPPCHHHHCHHPPHHPPPPHHPPHPP,-20
774,PPCHHPPCHPPPPCHHHHCHHPPHHPPPPHHPPHPP,-20
775,PPCHHPPCHPPPPCHHHHCHHPPHHPPPPHHPPHPP,-20
776,PPCHHPPCHPPPPCHHHHCHHPPHHPPPPHHPPHPP,-20
777,PPCHHPPCHPPPPCHHHHCHHPPHHPPPPHHPPHPP,-20
778,PPCHHPPCHPPPPCHHHHCHHPPHHPPPPHHPPHPP,-20
779,PPCHHPPCHPPPPCHHHHCHHPPHHPPPPHHPPHPP,-20
780,PPCHHPPCHPPPPCHHHHCHHPPHHPPPPHHPPHPP,-20
781,PPCHHPPCHPPPPCHHHHCHHPPHHPPPPHHPPHPP,-20
782,PPCHHPPCHPPPPCHHHHCHHPPHHPPPPHHPPHPP,-20
783,PPCHHPPCHPPPPCHHHHCHHPPHHPPPPHHPPHPP,-20
784,PPCHHPPCHPPPPCHHHHCHHPPHHPPPPHHPPHPP,-20
785,PPCHHPPCHPPPPCHHHHCHHPPHHPPPPHHPPHPP,-20
786,PPCHHPPCHPPPPCHHHHCHHPPHHPPPPHHPPHPP,-20
787,PPCHHPPCHPPPPCHHHHCHHPPHHPPPPHHPPHPP,-20
788,PPCHHPPCHPPPPCHHHHCHHPPHHPPPPHHPPHPP,-20
789,PPCHHPPCHPPPPCHHHHCHHPPHHPPPPHHPPHPP,-20
790,PPCHHPPCHPPPPCHHHHCHHPPHHPPPPHHPPHPP,-20
791,PPCHHPPCHPPPPCHHHHCHHPPHHPPPPHHPPHPP,-20
792,PPCHHPPCHPPPPCHHHHCHHPPHHPPPPHHPPHPP,-20
793,PPCHHPPCHPPPPCHHHHCHHPPHHPPPPHHPPHPP,-20
794,PPCHHPPCHPPPPCHHHHCHHPPHHPPPPHHPPHPP,-20
795,PPCHHPPCHPPPPCHHHHCHHPPHHPPPPHHPPHPP,-20
796,PPCHHPPCHPPPPCHHHHCHHPPHHPPPPHHPPHPP,-20
797,PPCHHPPCHPPPPCHHHHCHHPPHHPPPPHHPPHPP,-20
798,PPCHHPPCHPPPPCHHHHCHHPPHHPPPPHHPPHPP,-20
799,PPCHHPPCHPPPPCHHHHCHHPPHHPPPPHHPPHPP,-20
800,PPCHHPPCHPPPPCHHHHCHHPPHHPPPPHHPPHPP,-20
801,PPCHHPPCHPPPPCHHHHCHHPPHHPPPPHHPPHPP,-20
802,PPCHHPPCHPPPPCHHHHCHHPPHHPPPPHHPPHPP,-20
803,PPCHHPPCHPPPPCHHHHCHHPPHHPPPPHHPPHPP,-20
804,PPCHHPPCHPPPPCHHHHCHHPPHHPPPPHHPPHPP,-20
805,PPCHHPPCHPPPPCHHHHCHHPPHHPPPPHHPPHPP,-20
806,PPCHHPPCHPPPPCHHHHCHHPPHHPPPPHHPPHPP,-20
807,PPCHHPPCHPPPPCHHHHCHHPPHHPPPPHHPPHPP,-20
808,PPCHHPPCHPPPPCHHHHCHHPPHHPPPPHHPPHPP,-20
809,PPCHHPPCHPPPPCHHHHCHHPPHHPPPPHHPPHPP,-20
810,PPCHHPPCHPPPPCHHHHCHHPPHHPPPPHHPPHPP,-20
811,PPCHHPPCHPPPPCHHHHCHHPPHHPPPPHHPPHPP,-20
812,PPCHHPPCHPPPPCHHHHCHHPPHHPPPPHHPPHPP,-20
813,PPCHHPPCHPPPPCHHHHCHHPPHHPPPPHHPPHPP,-20
814,PPCHHPPCHPPPPCHHHHCHHPPHHPPPPHHPPHPP,-20
815,PPCHHPPCHPPPPCHHHHCHHPPHHPPPPHHPPHPP,-20
816,PPCHHPPCHPPPPCHHHHCHHPPHHPPPPHHPPHPP,-20
817,PPCHHPPCHPPPPCHHHHCHHPPHHPPPPHHPPHPP,-20
818,PPCHHPPCHPPPPCHHHHCHHPPHHPPPPHHPPHPP,-20
819,PPCHHPPCHPPPPCHHHHCHHPPHHPPPPHHPPHPP,-20
820,PPCHHPPCHPPPPCHHHHCHHPPHHPPPPHHPPHPP,-20
821,PPCHHPPCHPPPPCHHHHCHHPPHHPPPPHHPPHPP,-20
822,PPCHHPPCHPPPPCHHHHCHHPPHHPPPPHHPPHPP,-20
823,PPCHHPPCHPPPPCHHHHCHHPPHHPPPPHHPPHPP,-20
824,PPCHHPPCHPPPPCHHHHCHHPPHHPPPPHHPPHPP,-20
825,PPCHHPPCHPPPPCHHHHCHHPPHHPPPPHHPPHPP,-20
826,PPCHHPPCHPPPPCHHHHCHHPPHHPPPPHHPPHPP,-20
827,PPCHHPPCHPPPPCHHHHCHHPPHHPPPPHHPPHPP,-20
828,PPCHHPPCHPPPPCHHHHCHHPPHHPPPPHHPPHPP,-20
829,PPCHHPPCHPPPPCHHHHCHHPPHHPPPPHHPPHPP,-20
830,PPCHHPPCHPPPPCHHHHCHHPPHHPPPPHHPPHPP,-20
831,PPCHHPPCHPPPPCHHHHCHHPPHHPPPPHHPPHPP,-20
832,PPCHHPPCHPPPPCHHHHCHHPPHHPPPPHHPPHPP,-20
833,PPCHHPPCHPPPPCHHHHCHHPPHHPPPPHHPPHPP,-20
834,PPCHHPPCHPPPPCHHHHCHHPPHHPPPPHHPPHPP,-20
835,PPCHHPPCHPPPPCHHHHCHHPPHHPPPPHHPPHPP,-20
836,PPCHHPPCHPPPPCHHHHCHHPPHHPPPPHHPPHPP,-20
837,PPCHHPPCHPPPPCHHHHCHHPPHHPPPPHHPPHPP,-20
838,PPCHHPPCHPPPPCHHHHCHHPPHHPPPPHHPPHPP,-20
839,PPCHHPPCHPPPPCHHHHCHHPPHHPPPPHHPPHPP,-20
840,PPCHHPPCHPPPPCHHHHCHHPPHHPPPPHHPPHPP,-20
841,PPCHHPPCHPPPPCHHHHCHHPPHHPPPPHHPPHPP,-20
842,PPCHHPPCHPPPPCHHHHCHHPPHHPPPPHHPPHPP,-20
843,PPCHHPPCHPPPPCHHHHCHHPPHHPPPPHHPPHPP,-20
844,PPCHHPPCHPPPPCHHHHCHHPPHHPPPPHHPPHPP,-20
845,PPCHHPPCHPPPPCHHHHCHHPPHHPPPPHHPPHPP,-20
846,PPCHHPPCHPPPPCHHHHCHHPPHHPPPPHHPPHPP,-20
847,PPCHHPPCHPPPPCHHHHCHHPPHHPPPPHHPPHPP,-20
848,PPCHHPPCHPPPPCHHHHCHHPPHHPPPPHHPPHPP,-20
849,PPCHHPPCHPPPPCHHHHCHHPPHHPPPPHHPPHPP,-20
850,PPCHHPPCHPPPPCHHHHCHHPPHHPPPPHHPPHPP,-20
851,PPCHHPPCHPPPPCHHHHCHHPPHHPPPPHHPPHPP,-20
852,PPCHHPPCHPPPPCHHHHCHHPPHHPPPPHHPPHPP,-20
853,PPCHHPPCHPPPPCHHHHCHHPPHHPPPPHHPPHPP,-20
854,PPCHHPPCHPPPPCHHHHCHHPPHHPPPPHHPPHPP,-20
855,PPCHHPPCHPPPPCHHHHCHHPPHHPPPPHHPPHPP,-20
856,PPCHHPPCHPPPPCHHHHCHHPPHHPPPPHHPPHPP,-20
857,PPCHHPPCHPPPPCHHHHCHHPPHHPPPPHHPPHPP,-20
858,PPCHHPPCHPPPPCHHHHCHHPPHHPPPPHHPPHPP,-20
859,PPCHHPPCHPPPPCHHHHCHHPPHHPPPPHHPPHPP,-20
860,PPCHHPPCHPPPPCHHHHCHHPPHHPPPPHHPPHPP,-20
861,PPCHHPPCHPPPPCHHHHCHHPPHHPPPPHHPPHPP,-20
862,PPCHHPPCHPPPPCHHHHCHHPPHHPPPPHHPPHPP,-20
863,PPCHHPPCHPPPPCHHHHCHHPPHHPPPPHHPPHPP,-20
864,PPCHHPPCHPPPPCHHHHCHHPPHHPPPPHHPPHPP,-20
865,PPCHHPPCHPPPPCHHHHCHHPPHHPPPPHHPPHPP,-20
866,PPCHHPPCHPPPPCHHHHCHHPPHHPPPPHHPPHPP,-20
867,PPCHHPPCHPPPPCHHHHCHHPPHHPPPPHHPPHPP,-20
868,PPCHHPPCHPPPPCHHHHCHHPPHHPPPPHHPPHPP,-20
869,PPCHHPPCHPPPPCHHHHCHHPPHHPPPPHHPPHPP,-20
870,PPCHHPPCHPPPPCHHHHCHHPPHHPPPPHHPPHPP,-20
871,PPCHHPPCHPPPPCHHHHCHHPPHHPPPPHHPPHPP,-20
872,PPCHHPPCHPPPPCHHHHCHHPPHHPPPPHHPPHPP,-20
873,PPCHHPPCHPPPPCHHHHCHHPPHHPPPPHHPPHPP,-20
874,PPCHHPPCHPPPPCHHHHCHHPPHHPPPPHHPPHPP,-20
875,PPCHHPPCHPPPPCHHHHCHHPPHHPPPPHHPPHPP,-20
876,PPCHHPPCHPPPPCHHHHCHHPPHHPPPPHHPPHPP,-20
877,PPCHHPPCHPPPPCHHHHCHHPPHHPPPPHHPPHPP,-20
878,PPCHHPPCHPPPPCHHHHCHHPPHHPPPPHHPPHPP,-20
879,PPCHHPPCHPPPPCHHHHCHHPPHHPPPPHHPPHPP,-20
880,PPCHHPPCHPPPPCHHHHCHHPPHHPPPPHHPPHPP,-20
881,PPCHHPPCHPPPPCHHHHCHHPPHHPPPPHHPPHPP,-20
882,PPCHHPPCHPPPPCHHHHCHHPPHHPPPPHHPPHPP,-20
883,PPCHHPPCHPPPPCHHHHCHHPPHHPPPPHHPPHPP,-20
884,PPCHHPPCHPPPPCHHHHCHHPPHHPPPPHHPPHPP,-20
885,PPCHHPPCHPPPPCHHHHCHHPPHHPPPPHHPPHPP,-20
886,PPCHHPPCHPPPPCHHHHCHHPPHHPPPPHHPPHPP,-20
887,PPCHHPPCHPPPPCHHHHCHHPPHHPPPPHHPPHPP,-20
888,PPCHHPPCHPPPPCHHHHCHHPPHHPPPPHHPPHPP,-20
889,PPCHHPPCHPPPPCHHHHCHHPPHHPPPPHHPPHPP,-20
890,PPCHHPPCHPPPPCHHHHCHHPPHHPPPPHHPPHPP,-20
891,PPCHHPPCHPPPPCHHHHCHHPPHHPPPPHHPPHPP,-20
892,PPCHHPPCHPPPPCHHHHCHHPPHHPPPPHHPPHPP,-20
893,PPCHHPPCHPPPPCHHHHCHHPPHHPPPPHHPPHPP,-20
894,PPCHHPPCHPPPPCHHHHCHHPPHHPPPPHHPPHPP,-20
895,PPCHHPPCHPPPPCHHHHCHHPPHHPPPPHHPPHPP,-20
896,PPCHHPPCHPPPPCHHHHCHHPPHHPPPPHHPPHPP,-20
897,PPCHHPPCHPPPPCHHHHCHHPPHHPPPPHHPPHPP,-20
898,PPCHHPPCHPPPPCHHHHCHHPPHHPPPPHHPPHPP,-20
899,PPCHHPPCHPPPPCHHHHCHHPPHHPPPPHHPPHPP,-20
900,PPCHHPPCHPPPPCHHHHCHHPPHHPPPPHHPPHPP,-20
901,PPCHHPPCHPPPPCHHHHCHHPPHHPPPPHHPPHPP,-20
902,PPCHHPPCHPPPPCHHHHCHHPPHHPPPPHHPPHPP,-20
903,PPCHHPPCHPPPPCHHHHCHHPPHHPPPPHHPPHPP,-20
904,PPCHHPPCHPPPPCHHHHCHHPPHHPPPPHHPPHPP,-20
905,PPCHHPPCHPPPPCHHHHCHHPPHHPPPPHHPPHPP,-20
906,PPCHHPPCHPPPPCHHHHCHHPPHHPPPPHHPPHPP,-20
907,PPCHHPPCHPPPPCHHHHCHHPPHHPPPPHHPPHPP,-20
908,PPCHHPPCHPPPPCHHHHCHHPPHHPPPPHHPPHPP,-20
909,PPCHHPPCHPPPPCHHHHCHHPPHHPPPPHHPPHPP,-20
910,PPCHHPPCHPPPPCHHHHCHHPPHHPPPPHHPPHPP,-20
911,PPCHHPPCHPPPPCHHHHCHHPPHHPPPPHHPPHPP,-20
912,PPCHHPPCHPPPPCHHHHCHHPPHHPPPPHHPPHPP,-20
913,PPCHHPPCHPPPPCHHHHCHHPPHHPPPPHHPPHPP,-20
914,PPCHHPPCHPPPPCHHHHCHHPPHHPPPPHHPPHPP,-20
915,PPCHHPPCHPPPPCHHHHCHHPPHHPPPPHHPPHPP,-20
916,PPCHHPPCHPPPPCHHHHCHHPPHHPPPPHHPPHPP,-20
917,PPCHHPPCHPPPPCHHHHCHHPPHHPPPPHHPPHPP,-20
918,PPCHHPPCHPPPPCHHHHCHHPPHHPPPPHHPPHPP,-20
919,PPCHHPPCHPPPPCHHHHCHHPPHHPPPPHHPPHPP,-20
920,PPCHHPPCHPPPPCHHHHCHHPPHHPPPPHHPPHPP,-20
921,PPCHHPPCHPPPPCHHHHCHHPPHHPPPPHHPPHPP,-20
922,PPCHHPPCHPPPPCHHHHCHHPPHHPPPPHHPPHPP,-20
923,PPCHHPPCHPPPPCHHHHCHHPPHHPPPPHHPPHPP,-20
924,PPCHHPPCHPPPPCHHHHCHHPPHHPPPPHHPPHPP,-20
925,PPCHHPPCHPPPPCHHHHCHHPPHHPPPPHHPPHPP,-20
926,PPCHHPPCHPPPPCHHHHCHHPPHHPPPPHHPPHPP,-20
927,PPCHHPPCHPPPPCHHHHCHHPPHHPPPPHHPPHPP,-20
928,PPCHHPPCHPPPPCHHHHCHHPPHHPPPPHHPPHPP,-20
929,PPCHHPPCHPPPPCHHHHCHHPPHHPPPPHHPPHPP,-20
930,PPCHHPPCHPPPPCHHHHCHHPPHHPPPPHHPPHPP,-20
931,PPCHHPPCHPPPPCHHHHCHHPPHHPPPPHHPPHPP,-20
932,PPCHHPPCHPPPPCHHHHCHHPPHHPPPPHHPPHPP,-20
933,PPCHHPPCHPPPPCHHHHCHHPPHHPPPPHHPPHPP,-20
934,PPCHHPPCHPPPPCHHHHCHHPPHHPPPPHHPPHPP,-20
935,PPCHHPPCHPPPPCHHHHCHHPPHHPPPPHHPPHPP,-20
936,PPCHHPPCHPPPPCHHHHCHHPPHHPPPPHHPPHPP,-20
937,PPCHHPPCHPPPPCHHHHCHHPPHHPPPPHHPPHPP,-20
938,PPCHHPPCHPPPPCHHHHCHHPPHHPPPPHHPPHPP,-20
939,PPCHHPPCHPPPPCHHHHCHHPPHHPPPPHHPPHPP,-20
940,PPCHHPPCHPPPPCHHHHCHHPPHHPPPPHHPPHPP,-20
941,PPCHHPPCHPPPPCHHHHCHHPPHHPPPPHHPPHPP,-20
942,PPCHHPPCHPPPPCHHHHCHHPPHHPPPPHHPPHPP,-20
943,PPCHHPPCHPPPPCHHHHCHHPPHHPPPPHHPPHPP,-20
944,PPCHHPPCHPPPPCHHHHCHHPPHHPPPPHHPPHPP,-20
945,PPCHHPPCHPPPPCHHHHCHHPPHHPPPPHHPPHPP,-20
946,PPCHHPPCHPPPPCHHHHCHHPPHHPPPPHHPPHPP,-20
947,PPCHHPPCHPPPPCHHHHCHHPPHHPPPPHHPPHPP,-20
948,PPCHHPPCHPPPPCHHHHCHHPPHHPPPPHHPPHPP,-20
949,PPCHHPPCHPPPPCHHHHCHHPPHHPPPPHHPPHPP,-20
950,PPCHHPPCHPPPPCHHHHCHHPPHHPPPPHHPPHPP,-20
951,PPCHHPPCHPPPPCHHHHCHHPPHHPPPPHHPPHPP,-20
952,PPCHHPPCHPPPPCHHHHCHHPPHHPPPPHHPPHPP,-20
953,PPCHHPPCHPPPPCHHHHCHHPPHHPPPPHHPPHPP,-20
954,PPCHHPPCHPPPPCHHHHCHHPPHHPPPPHHPPHPP,-20
955,PPCHHPPCHPPPPCHHHHCHHPPHHPPPPHHPPHPP,-20
956,PPCHHPPCHPPPPCHHHHCHHPPHHPPPPHHPPHPP,-20
957,PPCHHPPCHPPPPCHHHHCHHPPHHPPPPHHPPHPP,-20
958,PPCHHPPCHPPPPCHHHHCHHPPHHPPPPHHPPHPP,-20
959,PPCHHPPCHPPPPCHHHHCHHPPHHPPPPHHPPHPP,-20
960,PPCHHPPCHPPPPCHHHHCHHPPHHPPPPHHPPHPP,-20
961,PPCHHPPCHPPPPCHHHHCHHPPHHPPPPHHPPHPP,-20
962,PPCHHPPCHPPPPCHHHHCHHPPHHPPPPHHPPHPP,-20
963,PPCHHPPCHPPPPCHHHHCHHPPHHPPPPHHPPHPP,-20
964,PPCHHPPCHPPPPCHHHHCHHPPHHPPPPHHPPHPP,-20
965,PPCHHPPCHPPPPCHHHHCHHPPHHPPPPHHPPHPP,-20
966,PPCHHPPCHPPPPCHHHHCHHPPHHPPPPHHPPHPP,-20
967,PPCHHPPCHPPPPCHHHHCHHPPHHPPPPHHPPHPP,-20
968,PPCHHPPCHPPPPCHHHHCHHPPHHPPPPHHPPHPP,-20
969,PPCHHPPCHPPPPCHHHHCHHPPHHPPPPHHPPHPP,-20
970,PPCHHPPCHPPPPCHHHHCHHPPHHPPPPHHPPHPP,-20
971,PPCHHPPCHPPPPCHHHHCHHPPHHPPPPHHPPHPP,-20
972,PPCHHPPCHPPPPCHHHHCHHPPHHPPPPHHPPHPP,-20
973,PPCHHPPCHPPPPCHHHHCHHPPHHPPPPHHPPHPP,-20
974,PPCHHPPCHPPPPCHHHHCHHPPHHPPPPHHPPHPP,-20
975,PPCHHPPCHPPPPCHHHHCHHPPHHPPPPHHPPHPP,-20
976,PPCHHPPCHPPPPCHHHHCHHPPHHPPPPHHPPHPP,-20
977,PPCHHPPCHPPPPCHHHHCHHPPHHPPPPHHPPHPP,-20
978,PPCHHPPCHPPPPCHHHHCHHPPHHPPPPHHPPHPP,-20
979,PPCHHPPCHPPPPCHHHHCHHPPHHPPPPHHPPHPP,-20
980,PPCHHPPCHPPPPCHHHHCHHPPHHPPPPHHPPHPP,-20
981,PPCHHPPCHPPPPCHHHHCHHPPHHPPPPHHPPHPP,-20
982,PPCHHPPCHPPPPCHHHHCHHPPHHPPPPHHPPHPP,-20
983,PPCHHPPCHPPPPCHHHHCHHPPHHPPPPHHPPHPP,-20
984,PPCHHPPCHPPPPCHHHHCHHPPHHPPPPHHPPHPP,-20
985,PPCHHPPCHPPPPCHHHHCHHPPHHPPPPHHPPHPP,-20
986,PPCHHPPCHPPPPCHHHHCHHPPHHPPPPHHPPHPP,-20
987,PPCHHPPCHPPPPCHHHHCHHPPHHPPPPHHPPHPP,-20
988,PPCHHPPCHPPPPCHHHHCHHPPHHPPPPHHPPHPP,-20
989,PPCHHPPCHPPPPCHHHHCHHPPHHPPPPHHPPHPP,-20
990,PPCHHPPCHPPPPCHHHHCHHPPHHPPPPHHPPHPP,-20
991,PPCHHPPCHPPPPCHHHHCHHPPHHPPPPHHPPHPP,-20
992,PPCHHPPCHPPPPCHHHHCHHPPHHPPPPHHPPHPP,-20
993,PPCHHPPCHPPPPCHHHHCHHPPHHPPPPHHPPHPP,-20
994,PPCHHPPCHPPPPCHHHHCHHPPHHPPPPHHPPHPP,-20
995,PPCHHPPCHPPPPCHHHHCHHPPHHPPPPHHPPHPP,-20
996,PPCHHPPCHPPPPCHHHHCHHPPHHPPPPHHPPHPP,-20
997,PPCHHPPCHPPPPCHHHHCHHPPHHPPPPHHPPHPP,-20
998,PPCHHPPCHPPPPCHHHHCHHPPHHPPPPHHPPHPP,-20
999,PPCHHPPCHPPPPCHHHHCHHPPHHPPPPHHPPHPP,-20

Average:,-14.491


0,CPPCHPPCHPPCPPHHHHHHCCPCHPPCPCHPPHPC,-1
1,CPPCHPPCHPPCPPHHHHHHCCPCHPPCPCHPPHPC,-2
2,CPPCHPPCHPPCPPHHHHHHCCPCHPPCPCHPPHPC,-4
3,CPPCHPPCHPPCPPHHHHHHCCPCHPPCPCHPPHPC,-5
4,CPPCHPPCHPPCPPHHHHHHCCPCHPPCPCHPPHPC,-10
5,CPPCHPPCHPPCPPHHHHHHCCPCHPPCPCHPPHPC,-14
6,CPPCHPPCHPPCPPHHHHHHCCPCHPPCPCHPPHPC,-4
7,CPPCHPPCHPPCPPHHHHHHCCPCHPPCPCHPPHPC,-9
8,CPPCHPPCHPPCPPHHHHHHCCPCHPPCPCHPPHPC,-2
9,CPPCHPPCHPPCPPHHHHHHCCPCHPPCPCHPPHPC,-5
10,CPPCHPPCHPPCPPHHHHHHCCPCHPPCPCHPPHPC,-14
11,CPPCHPPCHPPCPPHHHHHHCCPCHPPCPCHPPHPC,-3
12,CPPCHPPCHPPCPPHHHHHHCCPCHPPCPCHPPHPC,-10
13,CPPCHPPCHPPCPPHHHHHHCCPCHPPCPCHPPHPC,-5
14,CPPCHPPCHPPCPPHHHHHHCCPCHPPCPCHPPHPC,-9
15,CPPCHPPCHPPCPPHHHHHHCCPCHPPCPCHPPHPC,0
16,CPPCHPPCHPPCPPHHHHHHCCPCHPPCPCHPPHPC,-14
17,CPPCHPPCHPPCPPHHHHHHCCPCHPPCPCHPPHPC,-10
18,CPPCHPPCHPPCPPHHHHHHCCPCHPPCPCHPPHPC,-1
19,CPPCHPPCHPPCPPHHHHHHCCPCHPPCPCHPPHPC,-3
20,CPPCHPPCHPPCPPHHHHHHCCPCHPPCPCHPPHPC,-7
21,CPPCHPPCHPPCPPHHHHHHCCPCHPPCPCHPPHPC,-10
22,CPPCHPPCHPPCPPHHHHHHCCPCHPPCPCHPPHPC,-4
23,CPPCHPPCHPPCPPHHHHHHCCPCHPPCPCHPPHPC,-4
24,CPPCHPPCHPPCPPHHHHHHCCPCHPPCPCHPPHPC,-2
25,CPPCHPPCHPPCPPHHHHHHCCPCHPPCPCHPPHPC,-16
26,CPPCHPPCHPPCPPHHHHHHCCPCHPPCPCHPPHPC,-2
27,CPPCHPPCHPPCPPHHHHHHCCPCHPPCPCHPPHPC,-6
28,CPPCHPPCHPPCPPHHHHHHCCPCHPPCPCHPPHPC,-6
29,CPPCHPPCHPPCPPHHHHHHCCPCHPPCPCHPPHPC,-5
30,CPPCHPPCHPPCPPHHHHHHCCPCHPPCPCHPPHPC,-7
31,CPPCHPPCHPPCPPHHHHHHCCPCHPPCPCHPPHPC,-7
32,CPPCHPPCHPPCPPHHHHHHCCPCHPPCPCHPPHPC,-1
33,CPPCHPPCHPPCPPHHHHHHCCPCHPPCPCHPPHPC,-1
34,CPPCHPPCHPPCPPHHHHHHCCPCHPPCPCHPPHPC,-13
35,CPPCHPPCHPPCPPHHHHHHCCPCHPPCPCHPPHPC,-4
36,CPPCHPPCHPPCPPHHHHHHCCPCHPPCPCHPPHPC,-4
37,CPPCHPPCHPPCPPHHHHHHCCPCHPPCPCHPPHPC,-4
38,CPPCHPPCHPPCPPHHHHHHCCPCHPPCPCHPPHPC,-8
39,CPPCHPPCHPPCPPHHHHHHCCPCHPPCPCHPPHPC,-3
40,CPPCHPPCHPPCPPHHHHHHCCPCHPPCPCHPPHPC,-14
41,CPPCHPPCHPPCPPHHHHHHCCPCHPPCPCHPPHPC,-3
42,CPPCHPPCHPPCPPHHHHHHCCPCHPPCPCHPPHPC,-1
43,CPPCHPPCHPPCPPHHHHHHCCPCHPPCPCHPPHPC,-14
44,CPPCHPPCHPPCPPHHHHHHCCPCHPPCPCHPPHPC,-7
45,CPPCHPPCHPPCPPHHHHHHCCPCHPPCPCHPPHPC,-9
46,CPPCHPPCHPPCPPHHHHHHCCPCHPPCPCHPPHPC,-12
47,CPPCHPPCHPPCPPHHHHHHCCPCHPPCPCHPPHPC,-14
48,CPPCHPPCHPPCPPHHHHHHCCPCHPPCPCHPPHPC,-3
49,CPPCHPPCHPPCPPHHHHHHCCPCHPPCPCHPPHPC,-12
50,CPPCHPPCHPPCPPHHHHHHCCPCHPPCPCHPPHPC,-9
51,CPPCHPPCHPPCPPHHHHHHCCPCHPPCPCHPPHPC,-5
52,CPPCHPPCHPPCPPHHHHHHCCPCHPPCPCHPPHPC,-2
53,CPPCHPPCHPPCPPHHHHHHCCPCHPPCPCHPPHPC,-3
54,CPPCHPPCHPPCPPHHHHHHCCPCHPPCPCHPPHPC,-4
55,CPPCHPPCHPPCPPHHHHHHCCPCHPPCPCHPPHPC,-5
56,CPPCHPPCHPPCPPHHHHHHCCPCHPPCPCHPPHPC,-6
57,CPPCHPPCHPPCPPHHHHHHCCPCHPPCPCHPPHPC,-7
58,CPPCHPPCHPPCPPHHHHHHCCPCHPPCPCHPPHPC,-13
59,CPPCHPPCHPPCPPHHHHHHCCPCHPPCPCHPPHPC,-2
60,CPPCHPPCHPPCPPHHHHHHCCPCHPPCPCHPPHPC,-11
61,CPPCHPPCHPPCPPHHHHHHCCPCHPPCPCHPPHPC,0
62,CPPCHPPCHPPCPPHHHHHHCCPCHPPCPCHPPHPC,-8
63,CPPCHPPCHPPCPPHHHHHHCCPCHPPCPCHPPHPC,-7
64,CPPCHPPCHPPCPPHHHHHHCCPCHPPCPCHPPHPC,-1
65,CPPCHPPCHPPCPPHHHHHHCCPCHPPCPCHPPHPC,-15
66,CPPCHPPCHPPCPPHHHHHHCCPCHPPCPCHPPHPC,-4
67,CPPCHPPCHPPCPPHHHHHHCCPCHPPCPCHPPHPC,-5
68,CPPCHPPCHPPCPPHHHHHHCCPCHPPCPCHPPHPC,-2
69,CPPCHPPCHPPCPPHHHHHHCCPCHPPCPCHPPHPC,-3
70,CPPCHPPCHPPCPPHHHHHHCCPCHPPCPCHPPHPC,-4
71,CPPCHPPCHPPCPPHHHHHHCCPCHPPCPCHPPHPC,-2
72,CPPCHPPCHPPCPPHHHHHHCCPCHPPCPCHPPHPC,-4
73,CPPCHPPCHPPCPPHHHHHHCCPCHPPCPCHPPHPC,-2
74,CPPCHPPCHPPCPPHHHHHHCCPCHPPCPCHPPHPC,-1
75,CPPCHPPCHPPCPPHHHHHHCCPCHPPCPCHPPHPC,-8
76,CPPCHPPCHPPCPPHHHHHHCCPCHPPCPCHPPHPC,-3
77,CPPCHPPCHPPCPPHHHHHHCCPCHPPCPCHPPHPC,-2
78,CPPCHPPCHPPCPPHHHHHHCCPCHPPCPCHPPHPC,-4
79,CPPCHPPCHPPCPPHHHHHHCCPCHPPCPCHPPHPC,-3
80,CPPCHPPCHPPCPPHHHHHHCCPCHPPCPCHPPHPC,-4
81,CPPCHPPCHPPCPPHHHHHHCCPCHPPCPCHPPHPC,-6
82,CPPCHPPCHPPCPPHHHHHHCCPCHPPCPCHPPHPC,-2
83,CPPCHPPCHPPCPPHHHHHHCCPCHPPCPCHPPHPC,0
84,CPPCHPPCHPPCPPHHHHHHCCPCHPPCPCHPPHPC,-5
85,CPPCHPPCHPPCPPHHHHHHCCPCHPPCPCHPPHPC,-5
86,CPPCHPPCHPPCPPHHHHHHCCPCHPPCPCHPPHPC,-1
87,CPPCHPPCHPPCPPHHHHHHCCPCHPPCPCHPPHPC,-2
88,CPPCHPPCHPPCPPHHHHHHCCPCHPPCPCHPPHPC,0
89,CPPCHPPCHPPCPPHHHHHHCCPCHPPCPCHPPHPC,-4
90,CPPCHPPCHPPCPPHHHHHHCCPCHPPCPCHPPHPC,-5
91,CPPCHPPCHPPCPPHHHHHHCCPCHPPCPCHPPHPC,-3
92,CPPCHPPCHPPCPPHHHHHHCCPCHPPCPCHPPHPC,-3
93,CPPCHPPCHPPCPPHHHHHHCCPCHPPCPCHPPHPC,-6
94,CPPCHPPCHPPCPPHHHHHHCCPCHPPCPCHPPHPC,-2
95,CPPCHPPCHPPCPPHHHHHHCCPCHPPCPCHPPHPC,-11
96,CPPCHPPCHPPCPPHHHHHHCCPCHPPCPCHPPHPC,-3
97,CPPCHPPCHPPCPPHHHHHHCCPCHPPCPCHPPHPC,-5
98,CPPCHPPCHPPCPPHHHHHHCCPCHPPCPCHPPHPC,-4
99,CPPCHPPCHPPCPPHHHHHHCCPCHPPCPCHPPHPC,-5
100,CPPCHPPCHPPCPPHHHHHHCCPCHPPCPCHPPHPC,-1
101,CPPCHPPCHPPCPPHHHHHHCCPCHPPCPCHPPHPC,-1
102,CPPCHPPCHPPCPPHHHHHHCCPCHPPCPCHPPHPC,-3
103,CPPCHPPCHPPCPPHHHHHHCCPCHPPCPCHPPHPC,-1
104,CPPCHPPCHPPCPPHHHHHHCCPCHPPCPCHPPHPC,-8
105,CPPCHPPCHPPCPPHHHHHHCCPCHPPCPCHPPHPC,-4
106,CPPCHPPCHPPCPPHHHHHHCCPCHPPCPCHPPHPC,-3
107,CPPCHPPCHPPCPPHHHHHHCCPCHPPCPCHPPHPC,-3
108,CPPCHPPCHPPCPPHHHHHHCCPCHPPCPCHPPHPC,-4
109,CPPCHPPCHPPCPPHHHHHHCCPCHPPCPCHPPHPC,-9
110,CPPCHPPCHPPCPPHHHHHHCCPCHPPCPCHPPHPC,0
111,CPPCHPPCHPPCPPHHHHHHCCPCHPPCPCHPPHPC,-7
112,CPPCHPPCHPPCPPHHHHHHCCPCHPPCPCHPPHPC,-6
113,CPPCHPPCHPPCPPHHHHHHCCPCHPPCPCHPPHPC,-3
114,CPPCHPPCHPPCPPHHHHHHCCPCHPPCPCHPPHPC,-3
115,CPPCHPPCHPPCPPHHHHHHCCPCHPPCPCHPPHPC,-9
116,CPPCHPPCHPPCPPHHHHHHCCPCHPPCPCHPPHPC,-3
117,CPPCHPPCHPPCPPHHHHHHCCPCHPPCPCHPPHPC,-1
118,CPPCHPPCHPPCPPHHHHHHCCPCHPPCPCHPPHPC,-2
119,CPPCHPPCHPPCPPHHHHHHCCPCHPPCPCHPPHPC,-3
120,CPPCHPPCHPPCPPHHHHHHCCPCHPPCPCHPPHPC,-3
121,CPPCHPPCHPPCPPHHHHHHCCPCHPPCPCHPPHPC,-4
122,CPPCHPPCHPPCPPHHHHHHCCPCHPPCPCHPPHPC,-2
123,CPPCHPPCHPPCPPHHHHHHCCPCHPPCPCHPPHPC,-1
124,CPPCHPPCHPPCPPHHHHHHCCPCHPPCPCHPPHPC,-7
125,CPPCHPPCHPPCPPHHHHHHCCPCHPPCPCHPPHPC,-3
126,CPPCHPPCHPPCPPHHHHHHCCPCHPPCPCHPPHPC,-6
127,CPPCHPPCHPPCPPHHHHHHCCPCHPPCPCHPPHPC,-2
128,CPPCHPPCHPPCPPHHHHHHCCPCHPPCPCHPPHPC,-3
129,CPPCHPPCHPPCPPHHHHHHCCPCHPPCPCHPPHPC,-8
130,CPPCHPPCHPPCPPHHHHHHCCPCHPPCPCHPPHPC,-4
131,CPPCHPPCHPPCPPHHHHHHCCPCHPPCPCHPPHPC,-5
132,CPPCHPPCHPPCPPHHHHHHCCPCHPPCPCHPPHPC,-2
133,CPPCHPPCHPPCPPHHHHHHCCPCHPPCPCHPPHPC,-8
134,CPPCHPPCHPPCPPHHHHHHCCPCHPPCPCHPPHPC,-3
135,CPPCHPPCHPPCPPHHHHHHCCPCHPPCPCHPPHPC,0
136,CPPCHPPCHPPCPPHHHHHHCCPCHPPCPCHPPHPC,-3
137,CPPCHPPCHPPCPPHHHHHHCCPCHPPCPCHPPHPC,-1
138,CPPCHPPCHPPCPPHHHHHHCCPCHPPCPCHPPHPC,-7
139,CPPCHPPCHPPCPPHHHHHHCCPCHPPCPCHPPHPC,-3
140,CPPCHPPCHPPCPPHHHHHHCCPCHPPCPCHPPHPC,-7
141,CPPCHPPCHPPCPPHHHHHHCCPCHPPCPCHPPHPC,-3
142,CPPCHPPCHPPCPPHHHHHHCCPCHPPCPCHPPHPC,-5
143,CPPCHPPCHPPCPPHHHHHHCCPCHPPCPCHPPHPC,-4
144,CPPCHPPCHPPCPPHHHHHHCCPCHPPCPCHPPHPC,-3
145,CPPCHPPCHPPCPPHHHHHHCCPCHPPCPCHPPHPC,-5
146,CPPCHPPCHPPCPPHHHHHHCCPCHPPCPCHPPHPC,-2
147,CPPCHPPCHPPCPPHHHHHHCCPCHPPCPCHPPHPC,-10
148,CPPCHPPCHPPCPPHHHHHHCCPCHPPCPCHPPHPC,-9
149,CPPCHPPCHPPCPPHHHHHHCCPCHPPCPCHPPHPC,-6
150,CPPCHPPCHPPCPPHHHHHHCCPCHPPCPCHPPHPC,-2
151,CPPCHPPCHPPCPPHHHHHHCCPCHPPCPCHPPHPC,-3
152,CPPCHPPCHPPCPPHHHHHHCCPCHPPCPCHPPHPC,-7
153,CPPCHPPCHPPCPPHHHHHHCCPCHPPCPCHPPHPC,-1
154,CPPCHPPCHPPCPPHHHHHHCCPCHPPCPCHPPHPC,-3
155,CPPCHPPCHPPCPPHHHHHHCCPCHPPCPCHPPHPC,-8
156,CPPCHPPCHPPCPPHHHHHHCCPCHPPCPCHPPHPC,-6
157,CPPCHPPCHPPCPPHHHHHHCCPCHPPCPCHPPHPC,-4
158,CPPCHPPCHPPCPPHHHHHHCCPCHPPCPCHPPHPC,-9
159,CPPCHPPCHPPCPPHHHHHHCCPCHPPCPCHPPHPC,-3
160,CPPCHPPCHPPCPPHHHHHHCCPCHPPCPCHPPHPC,-9
161,CPPCHPPCHPPCPPHHHHHHCCPCHPPCPCHPPHPC,-8
162,CPPCHPPCHPPCPPHHHHHHCCPCHPPCPCHPPHPC,-2
163,CPPCHPPCHPPCPPHHHHHHCCPCHPPCPCHPPHPC,-10
164,CPPCHPPCHPPCPPHHHHHHCCPCHPPCPCHPPHPC,-13
165,CPPCHPPCHPPCPPHHHHHHCCPCHPPCPCHPPHPC,-10
166,CPPCHPPCHPPCPPHHHHHHCCPCHPPCPCHPPHPC,-10
167,CPPCHPPCHPPCPPHHHHHHCCPCHPPCPCHPPHPC,-3
168,CPPCHPPCHPPCPPHHHHHHCCPCHPPCPCHPPHPC,-6
169,CPPCHPPCHPPCPPHHHHHHCCPCHPPCPCHPPHPC,-1
170,CPPCHPPCHPPCPPHHHHHHCCPCHPPCPCHPPHPC,-3
171,CPPCHPPCHPPCPPHHHHHHCCPCHPPCPCHPPHPC,-2
172,CPPCHPPCHPPCPPHHHHHHCCPCHPPCPCHPPHPC,-3
173,CPPCHPPCHPPCPPHHHHHHCCPCHPPCPCHPPHPC,-5
174,CPPCHPPCHPPCPPHHHHHHCCPCHPPCPCHPPHPC,0
175,CPPCHPPCHPPCPPHHHHHHCCPCHPPCPCHPPHPC,-10
176,CPPCHPPCHPPCPPHHHHHHCCPCHPPCPCHPPHPC,-7
177,CPPCHPPCHPPCPPHHHHHHCCPCHPPCPCHPPHPC,-2
178,CPPCHPPCHPPCPPHHHHHHCCPCHPPCPCHPPHPC,0
179,CPPCHPPCHPPCPPHHHHHHCCPCHPPCPCHPPHPC,-1
180,CPPCHPPCHPPCPPHHHHHHCCPCHPPCPCHPPHPC,-7
181,CPPCHPPCHPPCPPHHHHHHCCPCHPPCPCHPPHPC,-15
182,CPPCHPPCHPPCPPHHHHHHCCPCHPPCPCHPPHPC,-11
183,CPPCHPPCHPPCPPHHHHHHCCPCHPPCPCHPPHPC,-5
184,CPPCHPPCHPPCPPHHHHHHCCPCHPPCPCHPPHPC,-9
185,CPPCHPPCHPPCPPHHHHHHCCPCHPPCPCHPPHPC,-8
186,CPPCHPPCHPPCPPHHHHHHCCPCHPPCPCHPPHPC,-2
187,CPPCHPPCHPPCPPHHHHHHCCPCHPPCPCHPPHPC,-9
188,CPPCHPPCHPPCPPHHHHHHCCPCHPPCPCHPPHPC,-4
189,CPPCHPPCHPPCPPHHHHHHCCPCHPPCPCHPPHPC,-2
190,CPPCHPPCHPPCPPHHHHHHCCPCHPPCPCHPPHPC,-5
191,CPPCHPPCHPPCPPHHHHHHCCPCHPPCPCHPPHPC,-7
192,CPPCHPPCHPPCPPHHHHHHCCPCHPPCPCHPPHPC,-5
193,CPPCHPPCHPPCPPHHHHHHCCPCHPPCPCHPPHPC,-6
194,CPPCHPPCHPPCPPHHHHHHCCPCHPPCPCHPPHPC,-2
195,CPPCHPPCHPPCPPHHHHHHCCPCHPPCPCHPPHPC,-12
196,CPPCHPPCHPPCPPHHHHHHCCPCHPPCPCHPPHPC,-8
197,CPPCHPPCHPPCPPHHHHHHCCPCHPPCPCHPPHPC,-7
198,CPPCHPPCHPPCPPHHHHHHCCPCHPPCPCHPPHPC,-8
199,CPPCHPPCHPPCPPHHHHHHCCPCHPPCPCHPPHPC,-8
200,CPPCHPPCHPPCPPHHHHHHCCPCHPPCPCHPPHPC,-6
201,CPPCHPPCHPPCPPHHHHHHCCPCHPPCPCHPPHPC,-9
202,CPPCHPPCHPPCPPHHHHHHCCPCHPPCPCHPPHPC,-3
203,CPPCHPPCHPPCPPHHHHHHCCPCHPPCPCHPPHPC,-9
204,CPPCHPPCHPPCPPHHHHHHCCPCHPPCPCHPPHPC,-5
205,CPPCHPPCHPPCPPHHHHHHCCPCHPPCPCHPPHPC,-2
206,CPPCHPPCHPPCPPHHHHHHCCPCHPPCPCHPPHPC,-3
207,CPPCHPPCHPPCPPHHHHHHCCPCHPPCPCHPPHPC,-1
208,CPPCHPPCHPPCPPHHHHHHCCPCHPPCPCHPPHPC,-4
209,CPPCHPPCHPPCPPHHHHHHCCPCHPPCPCHPPHPC,-3
210,CPPCHPPCHPPCPPHHHHHHCCPCHPPCPCHPPHPC,-6
211,CPPCHPPCHPPCPPHHHHHHCCPCHPPCPCHPPHPC,-3
212,CPPCHPPCHPPCPPHHHHHHCCPCHPPCPCHPPHPC,-5
213,CPPCHPPCHPPCPPHHHHHHCCPCHPPCPCHPPHPC,-3
214,CPPCHPPCHPPCPPHHHHHHCCPCHPPCPCHPPHPC,-7
215,CPPCHPPCHPPCPPHHHHHHCCPCHPPCPCHPPHPC,-10
216,CPPCHPPCHPPCPPHHHHHHCCPCHPPCPCHPPHPC,-6
217,CPPCHPPCHPPCPPHHHHHHCCPCHPPCPCHPPHPC,-4
218,CPPCHPPCHPPCPPHHHHHHCCPCHPPCPCHPPHPC,-4
219,CPPCHPPCHPPCPPHHHHHHCCPCHPPCPCHPPHPC,-7
220,CPPCHPPCHPPCPPHHHHHHCCPCHPPCPCHPPHPC,-3
221,CPPCHPPCHPPCPPHHHHHHCCPCHPPCPCHPPHPC,-10
222,CPPCHPPCHPPCPPHHHHHHCCPCHPPCPCHPPHPC,-5
223,CPPCHPPCHPPCPPHHHHHHCCPCHPPCPCHPPHPC,-4
224,CPPCHPPCHPPCPPHHHHHHCCPCHPPCPCHPPHPC,-9
225,CPPCHPPCHPPCPPHHHHHHCCPCHPPCPCHPPHPC,-9
226,CPPCHPPCHPPCPPHHHHHHCCPCHPPCPCHPPHPC,-7
227,CPPCHPPCHPPCPPHHHHHHCCPCHPPCPCHPPHPC,-3
228,CPPCHPPCHPPCPPHHHHHHCCPCHPPCPCHPPHPC,-2
229,CPPCHPPCHPPCPPHHHHHHCCPCHPPCPCHPPHPC,-10
230,CPPCHPPCHPPCPPHHHHHHCCPCHPPCPCHPPHPC,-8
231,CPPCHPPCHPPCPPHHHHHHCCPCHPPCPCHPPHPC,-2
232,CPPCHPPCHPPCPPHHHHHHCCPCHPPCPCHPPHPC,-8
233,CPPCHPPCHPPCPPHHHHHHCCPCHPPCPCHPPHPC,-6
234,CPPCHPPCHPPCPPHHHHHHCCPCHPPCPCHPPHPC,-7
235,CPPCHPPCHPPCPPHHHHHHCCPCHPPCPCHPPHPC,-4
236,CPPCHPPCHPPCPPHHHHHHCCPCHPPCPCHPPHPC,-9
237,CPPCHPPCHPPCPPHHHHHHCCPCHPPCPCHPPHPC,-7
238,CPPCHPPCHPPCPPHHHHHHCCPCHPPCPCHPPHPC,-10
239,CPPCHPPCHPPCPPHHHHHHCCPCHPPCPCHPPHPC,-1
240,CPPCHPPCHPPCPPHHHHHHCCPCHPPCPCHPPHPC,-6
241,CPPCHPPCHPPCPPHHHHHHCCPCHPPCPCHPPHPC,-3
242,CPPCHPPCHPPCPPHHHHHHCCPCHPPCPCHPPHPC,-5
243,CPPCHPPCHPPCPPHHHHHHCCPCHPPCPCHPPHPC,-4
244,CPPCHPPCHPPCPPHHHHHHCCPCHPPCPCHPPHPC,-9
245,CPPCHPPCHPPCPPHHHHHHCCPCHPPCPCHPPHPC,-5
246,CPPCHPPCHPPCPPHHHHHHCCPCHPPCPCHPPHPC,-9
247,CPPCHPPCHPPCPPHHHHHHCCPCHPPCPCHPPHPC,-3
248,CPPCHPPCHPPCPPHHHHHHCCPCHPPCPCHPPHPC,-2
249,CPPCHPPCHPPCPPHHHHHHCCPCHPPCPCHPPHPC,-10
250,CPPCHPPCHPPCPPHHHHHHCCPCHPPCPCHPPHPC,-8
251,CPPCHPPCHPPCPPHHHHHHCCPCHPPCPCHPPHPC,-4
252,CPPCHPPCHPPCPPHHHHHHCCPCHPPCPCHPPHPC,-4
253,CPPCHPPCHPPCPPHHHHHHCCPCHPPCPCHPPHPC,-6
254,CPPCHPPCHPPCPPHHHHHHCCPCHPPCPCHPPHPC,-9
255,CPPCHPPCHPPCPPHHHHHHCCPCHPPCPCHPPHPC,-5
256,CPPCHPPCHPPCPPHHHHHHCCPCHPPCPCHPPHPC,-2
257,CPPCHPPCHPPCPPHHHHHHCCPCHPPCPCHPPHPC,-8
258,CPPCHPPCHPPCPPHHHHHHCCPCHPPCPCHPPHPC,-5
259,CPPCHPPCHPPCPPHHHHHHCCPCHPPCPCHPPHPC,-7
260,CPPCHPPCHPPCPPHHHHHHCCPCHPPCPCHPPHPC,-3
261,CPPCHPPCHPPCPPHHHHHHCCPCHPPCPCHPPHPC,-5
262,CPPCHPPCHPPCPPHHHHHHCCPCHPPCPCHPPHPC,-3
263,CPPCHPPCHPPCPPHHHHHHCCPCHPPCPCHPPHPC,-4
264,CPPCHPPCHPPCPPHHHHHHCCPCHPPCPCHPPHPC,-2
265,CPPCHPPCHPPCPPHHHHHHCCPCHPPCPCHPPHPC,-9
266,CPPCHPPCHPPCPPHHHHHHCCPCHPPCPCHPPHPC,-2
267,CPPCHPPCHPPCPPHHHHHHCCPCHPPCPCHPPHPC,-6
268,CPPCHPPCHPPCPPHHHHHHCCPCHPPCPCHPPHPC,0
269,CPPCHPPCHPPCPPHHHHHHCCPCHPPCPCHPPHPC,-6
270,CPPCHPPCHPPCPPHHHHHHCCPCHPPCPCHPPHPC,-6
271,CPPCHPPCHPPCPPHHHHHHCCPCHPPCPCHPPHPC,-7
272,CPPCHPPCHPPCPPHHHHHHCCPCHPPCPCHPPHPC,-7
273,CPPCHPPCHPPCPPHHHHHHCCPCHPPCPCHPPHPC,-11
274,CPPCHPPCHPPCPPHHHHHHCCPCHPPCPCHPPHPC,-8
275,CPPCHPPCHPPCPPHHHHHHCCPCHPPCPCHPPHPC,-7
276,CPPCHPPCHPPCPPHHHHHHCCPCHPPCPCHPPHPC,-1
277,CPPCHPPCHPPCPPHHHHHHCCPCHPPCPCHPPHPC,-6
278,CPPCHPPCHPPCPPHHHHHHCCPCHPPCPCHPPHPC,-2
279,CPPCHPPCHPPCPPHHHHHHCCPCHPPCPCHPPHPC,-4
280,CPPCHPPCHPPCPPHHHHHHCCPCHPPCPCHPPHPC,-3
281,CPPCHPPCHPPCPPHHHHHHCCPCHPPCPCHPPHPC,-5
282,CPPCHPPCHPPCPPHHHHHHCCPCHPPCPCHPPHPC,-1
283,CPPCHPPCHPPCPPHHHHHHCCPCHPPCPCHPPHPC,-10
284,CPPCHPPCHPPCPPHHHHHHCCPCHPPCPCHPPHPC,-8
285,CPPCHPPCHPPCPPHHHHHHCCPCHPPCPCHPPHPC,-4
286,CPPCHPPCHPPCPPHHHHHHCCPCHPPCPCHPPHPC,-9
287,CPPCHPPCHPPCPPHHHHHHCCPCHPPCPCHPPHPC,-7
288,CPPCHPPCHPPCPPHHHHHHCCPCHPPCPCHPPHPC,-13
289,CPPCHPPCHPPCPPHHHHHHCCPCHPPCPCHPPHPC,-11
290,CPPCHPPCHPPCPPHHHHHHCCPCHPPCPCHPPHPC,-3
291,CPPCHPPCHPPCPPHHHHHHCCPCHPPCPCHPPHPC,-10
292,CPPCHPPCHPPCPPHHHHHHCCPCHPPCPCHPPHPC,-1
293,CPPCHPPCHPPCPPHHHHHHCCPCHPPCPCHPPHPC,-7
294,CPPCHPPCHPPCPPHHHHHHCCPCHPPCPCHPPHPC,-2
295,CPPCHPPCHPPCPPHHHHHHCCPCHPPCPCHPPHPC,-7
296,CPPCHPPCHPPCPPHHHHHHCCPCHPPCPCHPPHPC,-8
297,CPPCHPPCHPPCPPHHHHHHCCPCHPPCPCHPPHPC,-3
298,CPPCHPPCHPPCPPHHHHHHCCPCHPPCPCHPPHPC,-4
299,CPPCHPPCHPPCPPHHHHHHCCPCHPPCPCHPPHPC,-3
300,CPPCHPPCHPPCPPHHHHHHCCPCHPPCPCHPPHPC,-1
301,CPPCHPPCHPPCPPHHHHHHCCPCHPPCPCHPPHPC,-8
302,CPPCHPPCHPPCPPHHHHHHCCPCHPPCPCHPPHPC,-4
303,CPPCHPPCHPPCPPHHHHHHCCPCHPPCPCHPPHPC,-7
304,CPPCHPPCHPPCPPHHHHHHCCPCHPPCPCHPPHPC,-4
305,CPPCHPPCHPPCPPHHHHHHCCPCHPPCPCHPPHPC,-8
306,CPPCHPPCHPPCPPHHHHHHCCPCHPPCPCHPPHPC,-4
307,CPPCHPPCHPPCPPHHHHHHCCPCHPPCPCHPPHPC,-7
308,CPPCHPPCHPPCPPHHHHHHCCPCHPPCPCHPPHPC,-2
309,CPPCHPPCHPPCPPHHHHHHCCPCHPPCPCHPPHPC,-5
310,CPPCHPPCHPPCPPHHHHHHCCPCHPPCPCHPPHPC,-3
311,CPPCHPPCHPPCPPHHHHHHCCPCHPPCPCHPPHPC,-7
312,CPPCHPPCHPPCPPHHHHHHCCPCHPPCPCHPPHPC,-4
313,CPPCHPPCHPPCPPHHHHHHCCPCHPPCPCHPPHPC,-7
314,CPPCHPPCHPPCPPHHHHHHCCPCHPPCPCHPPHPC,-2
315,CPPCHPPCHPPCPPHHHHHHCCPCHPPCPCHPPHPC,-8
316,CPPCHPPCHPPCPPHHHHHHCCPCHPPCPCHPPHPC,-2
317,CPPCHPPCHPPCPPHHHHHHCCPCHPPCPCHPPHPC,-6
318,CPPCHPPCHPPCPPHHHHHHCCPCHPPCPCHPPHPC,-3
319,CPPCHPPCHPPCPPHHHHHHCCPCHPPCPCHPPHPC,-6
320,CPPCHPPCHPPCPPHHHHHHCCPCHPPCPCHPPHPC,-1
321,CPPCHPPCHPPCPPHHHHHHCCPCHPPCPCHPPHPC,-4
322,CPPCHPPCHPPCPPHHHHHHCCPCHPPCPCHPPHPC,-1
323,CPPCHPPCHPPCPPHHHHHHCCPCHPPCPCHPPHPC,-5
324,CPPCHPPCHPPCPPHHHHHHCCPCHPPCPCHPPHPC,-8
325,CPPCHPPCHPPCPPHHHHHHCCPCHPPCPCHPPHPC,-8
326,CPPCHPPCHPPCPPHHHHHHCCPCHPPCPCHPPHPC,-5
327,CPPCHPPCHPPCPPHHHHHHCCPCHPPCPCHPPHPC,-3
328,CPPCHPPCHPPCPPHHHHHHCCPCHPPCPCHPPHPC,-3
329,CPPCHPPCHPPCPPHHHHHHCCPCHPPCPCHPPHPC,-5
330,CPPCHPPCHPPCPPHHHHHHCCPCHPPCPCHPPHPC,-8
331,CPPCHPPCHPPCPPHHHHHHCCPCHPPCPCHPPHPC,-6
332,CPPCHPPCHPPCPPHHHHHHCCPCHPPCPCHPPHPC,-8
333,CPPCHPPCHPPCPPHHHHHHCCPCHPPCPCHPPHPC,-6
334,CPPCHPPCHPPCPPHHHHHHCCPCHPPCPCHPPHPC,-6
335,CPPCHPPCHPPCPPHHHHHHCCPCHPPCPCHPPHPC,-3
336,CPPCHPPCHPPCPPHHHHHHCCPCHPPCPCHPPHPC,-3
337,CPPCHPPCHPPCPPHHHHHHCCPCHPPCPCHPPHPC,-3
338,CPPCHPPCHPPCPPHHHHHHCCPCHPPCPCHPPHPC,-6
339,CPPCHPPCHPPCPPHHHHHHCCPCHPPCPCHPPHPC,-5
340,CPPCHPPCHPPCPPHHHHHHCCPCHPPCPCHPPHPC,-5
341,CPPCHPPCHPPCPPHHHHHHCCPCHPPCPCHPPHPC,-10
342,CPPCHPPCHPPCPPHHHHHHCCPCHPPCPCHPPHPC,-5
343,CPPCHPPCHPPCPPHHHHHHCCPCHPPCPCHPPHPC,-5
344,CPPCHPPCHPPCPPHHHHHHCCPCHPPCPCHPPHPC,-3
345,CPPCHPPCHPPCPPHHHHHHCCPCHPPCPCHPPHPC,-6
346,CPPCHPPCHPPCPPHHHHHHCCPCHPPCPCHPPHPC,-6
347,CPPCHPPCHPPCPPHHHHHHCCPCHPPCPCHPPHPC,-10
348,CPPCHPPCHPPCPPHHHHHHCCPCHPPCPCHPPHPC,-10
349,CPPCHPPCHPPCPPHHHHHHCCPCHPPCPCHPPHPC,-3
350,CPPCHPPCHPPCPPHHHHHHCCPCHPPCPCHPPHPC,-3
351,CPPCHPPCHPPCPPHHHHHHCCPCHPPCPCHPPHPC,-11
352,CPPCHPPCHPPCPPHHHHHHCCPCHPPCPCHPPHPC,-7
353,CPPCHPPCHPPCPPHHHHHHCCPCHPPCPCHPPHPC,-6
354,CPPCHPPCHPPCPPHHHHHHCCPCHPPCPCHPPHPC,-5
355,CPPCHPPCHPPCPPHHHHHHCCPCHPPCPCHPPHPC,-10
356,CPPCHPPCHPPCPPHHHHHHCCPCHPPCPCHPPHPC,-9
357,CPPCHPPCHPPCPPHHHHHHCCPCHPPCPCHPPHPC,-3
358,CPPCHPPCHPPCPPHHHHHHCCPCHPPCPCHPPHPC,-3
359,CPPCHPPCHPPCPPHHHHHHCCPCHPPCPCHPPHPC,-9
360,CPPCHPPCHPPCPPHHHHHHCCPCHPPCPCHPPHPC,-11
361,CPPCHPPCHPPCPPHHHHHHCCPCHPPCPCHPPHPC,-2
362,CPPCHPPCHPPCPPHHHHHHCCPCHPPCPCHPPHPC,-3
363,CPPCHPPCHPPCPPHHHHHHCCPCHPPCPCHPPHPC,-5
364,CPPCHPPCHPPCPPHHHHHHCCPCHPPCPCHPPHPC,-3
365,CPPCHPPCHPPCPPHHHHHHCCPCHPPCPCHPPHPC,-3
366,CPPCHPPCHPPCPPHHHHHHCCPCHPPCPCHPPHPC,-6
367,CPPCHPPCHPPCPPHHHHHHCCPCHPPCPCHPPHPC,-4
368,CPPCHPPCHPPCPPHHHHHHCCPCHPPCPCHPPHPC,-8
369,CPPCHPPCHPPCPPHHHHHHCCPCHPPCPCHPPHPC,-3
370,CPPCHPPCHPPCPPHHHHHHCCPCHPPCPCHPPHPC,-8
371,CPPCHPPCHPPCPPHHHHHHCCPCHPPCPCHPPHPC,-9
372,CPPCHPPCHPPCPPHHHHHHCCPCHPPCPCHPPHPC,-4
373,CPPCHPPCHPPCPPHHHHHHCCPCHPPCPCHPPHPC,-4
374,CPPCHPPCHPPCPPHHHHHHCCPCHPPCPCHPPHPC,-12
375,CPPCHPPCHPPCPPHHHHHHCCPCHPPCPCHPPHPC,-6
376,CPPCHPPCHPPCPPHHHHHHCCPCHPPCPCHPPHPC,-7
377,CPPCHPPCHPPCPPHHHHHHCCPCHPPCPCHPPHPC,-5
378,CPPCHPPCHPPCPPHHHHHHCCPCHPPCPCHPPHPC,-9
379,CPPCHPPCHPPCPPHHHHHHCCPCHPPCPCHPPHPC,-11
380,CPPCHPPCHPPCPPHHHHHHCCPCHPPCPCHPPHPC,-7
381,CPPCHPPCHPPCPPHHHHHHCCPCHPPCPCHPPHPC,-4
382,CPPCHPPCHPPCPPHHHHHHCCPCHPPCPCHPPHPC,-5
383,CPPCHPPCHPPCPPHHHHHHCCPCHPPCPCHPPHPC,-4
384,CPPCHPPCHPPCPPHHHHHHCCPCHPPCPCHPPHPC,-3
385,CPPCHPPCHPPCPPHHHHHHCCPCHPPCPCHPPHPC,-13
386,CPPCHPPCHPPCPPHHHHHHCCPCHPPCPCHPPHPC,-4
387,CPPCHPPCHPPCPPHHHHHHCCPCHPPCPCHPPHPC,-7
388,CPPCHPPCHPPCPPHHHHHHCCPCHPPCPCHPPHPC,-5
389,CPPCHPPCHPPCPPHHHHHHCCPCHPPCPCHPPHPC,-1
390,CPPCHPPCHPPCPPHHHHHHCCPCHPPCPCHPPHPC,-3
391,CPPCHPPCHPPCPPHHHHHHCCPCHPPCPCHPPHPC,-4
392,CPPCHPPCHPPCPPHHHHHHCCPCHPPCPCHPPHPC,-6
393,CPPCHPPCHPPCPPHHHHHHCCPCHPPCPCHPPHPC,-3
394,CPPCHPPCHPPCPPHHHHHHCCPCHPPCPCHPPHPC,-8
395,CPPCHPPCHPPCPPHHHHHHCCPCHPPCPCHPPHPC,-8
396,CPPCHPPCHPPCPPHHHHHHCCPCHPPCPCHPPHPC,-2
397,CPPCHPPCHPPCPPHHHHHHCCPCHPPCPCHPPHPC,-8
398,CPPCHPPCHPPCPPHHHHHHCCPCHPPCPCHPPHPC,-6
399,CPPCHPPCHPPCPPHHHHHHCCPCHPPCPCHPPHPC,-6
400,CPPCHPPCHPPCPPHHHHHHCCPCHPPCPCHPPHPC,-6
401,CPPCHPPCHPPCPPHHHHHHCCPCHPPCPCHPPHPC,-7
402,CPPCHPPCHPPCPPHHHHHHCCPCHPPCPCHPPHPC,-5
403,CPPCHPPCHPPCPPHHHHHHCCPCHPPCPCHPPHPC,-5
404,CPPCHPPCHPPCPPHHHHHHCCPCHPPCPCHPPHPC,-9
405,CPPCHPPCHPPCPPHHHHHHCCPCHPPCPCHPPHPC,-6
406,CPPCHPPCHPPCPPHHHHHHCCPCHPPCPCHPPHPC,-12
407,CPPCHPPCHPPCPPHHHHHHCCPCHPPCPCHPPHPC,-7
408,CPPCHPPCHPPCPPHHHHHHCCPCHPPCPCHPPHPC,-7
409,CPPCHPPCHPPCPPHHHHHHCCPCHPPCPCHPPHPC,-12
410,CPPCHPPCHPPCPPHHHHHHCCPCHPPCPCHPPHPC,-12
411,CPPCHPPCHPPCPPHHHHHHCCPCHPPCPCHPPHPC,-11
412,CPPCHPPCHPPCPPHHHHHHCCPCHPPCPCHPPHPC,-6
413,CPPCHPPCHPPCPPHHHHHHCCPCHPPCPCHPPHPC,-6
414,CPPCHPPCHPPCPPHHHHHHCCPCHPPCPCHPPHPC,-16
415,CPPCHPPCHPPCPPHHHHHHCCPCHPPCPCHPPHPC,-8
416,CPPCHPPCHPPCPPHHHHHHCCPCHPPCPCHPPHPC,-13
417,CPPCHPPCHPPCPPHHHHHHCCPCHPPCPCHPPHPC,-6
418,CPPCHPPCHPPCPPHHHHHHCCPCHPPCPCHPPHPC,-14
419,CPPCHPPCHPPCPPHHHHHHCCPCHPPCPCHPPHPC,-4
420,CPPCHPPCHPPCPPHHHHHHCCPCHPPCPCHPPHPC,-8
421,CPPCHPPCHPPCPPHHHHHHCCPCHPPCPCHPPHPC,-6
422,CPPCHPPCHPPCPPHHHHHHCCPCHPPCPCHPPHPC,-9
423,CPPCHPPCHPPCPPHHHHHHCCPCHPPCPCHPPHPC,-8
424,CPPCHPPCHPPCPPHHHHHHCCPCHPPCPCHPPHPC,-18
425,CPPCHPPCHPPCPPHHHHHHCCPCHPPCPCHPPHPC,-5
426,CPPCHPPCHPPCPPHHHHHHCCPCHPPCPCHPPHPC,-7
427,CPPCHPPCHPPCPPHHHHHHCCPCHPPCPCHPPHPC,-17
428,CPPCHPPCHPPCPPHHHHHHCCPCHPPCPCHPPHPC,-6
429,CPPCHPPCHPPCPPHHHHHHCCPCHPPCPCHPPHPC,-6
430,CPPCHPPCHPPCPPHHHHHHCCPCHPPCPCHPPHPC,-6
431,CPPCHPPCHPPCPPHHHHHHCCPCHPPCPCHPPHPC,-8
432,CPPCHPPCHPPCPPHHHHHHCCPCHPPCPCHPPHPC,-6
433,CPPCHPPCHPPCPPHHHHHHCCPCHPPCPCHPPHPC,-4
434,CPPCHPPCHPPCPPHHHHHHCCPCHPPCPCHPPHPC,-7
435,CPPCHPPCHPPCPPHHHHHHCCPCHPPCPCHPPHPC,-13
436,CPPCHPPCHPPCPPHHHHHHCCPCHPPCPCHPPHPC,-6
437,CPPCHPPCHPPCPPHHHHHHCCPCHPPCPCHPPHPC,-12
438,CPPCHPPCHPPCPPHHHHHHCCPCHPPCPCHPPHPC,-12
439,CPPCHPPCHPPCPPHHHHHHCCPCHPPCPCHPPHPC,-7
440,CPPCHPPCHPPCPPHHHHHHCCPCHPPCPCHPPHPC,-8
441,CPPCHPPCHPPCPPHHHHHHCCPCHPPCPCHPPHPC,-8
442,CPPCHPPCHPPCPPHHHHHHCCPCHPPCPCHPPHPC,-8
443,CPPCHPPCHPPCPPHHHHHHCCPCHPPCPCHPPHPC,-8
444,CPPCHPPCHPPCPPHHHHHHCCPCHPPCPCHPPHPC,-7
445,CPPCHPPCHPPCPPHHHHHHCCPCHPPCPCHPPHPC,-14
446,CPPCHPPCHPPCPPHHHHHHCCPCHPPCPCHPPHPC,-7
447,CPPCHPPCHPPCPPHHHHHHCCPCHPPCPCHPPHPC,-9
448,CPPCHPPCHPPCPPHHHHHHCCPCHPPCPCHPPHPC,-12
449,CPPCHPPCHPPCPPHHHHHHCCPCHPPCPCHPPHPC,-8
450,CPPCHPPCHPPCPPHHHHHHCCPCHPPCPCHPPHPC,-7
451,CPPCHPPCHPPCPPHHHHHHCCPCHPPCPCHPPHPC,-6
452,CPPCHPPCHPPCPPHHHHHHCCPCHPPCPCHPPHPC,-7
453,CPPCHPPCHPPCPPHHHHHHCCPCHPPCPCHPPHPC,-8
454,CPPCHPPCHPPCPPHHHHHHCCPCHPPCPCHPPHPC,-13
455,CPPCHPPCHPPCPPHHHHHHCCPCHPPCPCHPPHPC,-8
456,CPPCHPPCHPPCPPHHHHHHCCPCHPPCPCHPPHPC,-12
457,CPPCHPPCHPPCPPHHHHHHCCPCHPPCPCHPPHPC,-8
458,CPPCHPPCHPPCPPHHHHHHCCPCHPPCPCHPPHPC,-8
459,CPPCHPPCHPPCPPHHHHHHCCPCHPPCPCHPPHPC,-7
460,CPPCHPPCHPPCPPHHHHHHCCPCHPPCPCHPPHPC,-10
461,CPPCHPPCHPPCPPHHHHHHCCPCHPPCPCHPPHPC,-11
462,CPPCHPPCHPPCPPHHHHHHCCPCHPPCPCHPPHPC,-9
463,CPPCHPPCHPPCPPHHHHHHCCPCHPPCPCHPPHPC,-7
464,CPPCHPPCHPPCPPHHHHHHCCPCHPPCPCHPPHPC,-8
465,CPPCHPPCHPPCPPHHHHHHCCPCHPPCPCHPPHPC,-12
466,CPPCHPPCHPPCPPHHHHHHCCPCHPPCPCHPPHPC,-8
467,CPPCHPPCHPPCPPHHHHHHCCPCHPPCPCHPPHPC,-15
468,CPPCHPPCHPPCPPHHHHHHCCPCHPPCPCHPPHPC,-9
469,CPPCHPPCHPPCPPHHHHHHCCPCHPPCPCHPPHPC,-8
470,CPPCHPPCHPPCPPHHHHHHCCPCHPPCPCHPPHPC,-11
471,CPPCHPPCHPPCPPHHHHHHCCPCHPPCPCHPPHPC,-12
472,CPPCHPPCHPPCPPHHHHHHCCPCHPPCPCHPPHPC,-16
473,CPPCHPPCHPPCPPHHHHHHCCPCHPPCPCHPPHPC,-15
474,CPPCHPPCHPPCPPHHHHHHCCPCHPPCPCHPPHPC,-12
475,CPPCHPPCHPPCPPHHHHHHCCPCHPPCPCHPPHPC,-7
476,CPPCHPPCHPPCPPHHHHHHCCPCHPPCPCHPPHPC,-14
477,CPPCHPPCHPPCPPHHHHHHCCPCHPPCPCHPPHPC,-9
478,CPPCHPPCHPPCPPHHHHHHCCPCHPPCPCHPPHPC,-8
479,CPPCHPPCHPPCPPHHHHHHCCPCHPPCPCHPPHPC,-14
480,CPPCHPPCHPPCPPHHHHHHCCPCHPPCPCHPPHPC,-9
481,CPPCHPPCHPPCPPHHHHHHCCPCHPPCPCHPPHPC,-15
482,CPPCHPPCHPPCPPHHHHHHCCPCHPPCPCHPPHPC,-13
483,CPPCHPPCHPPCPPHHHHHHCCPCHPPCPCHPPHPC,-8
484,CPPCHPPCHPPCPPHHHHHHCCPCHPPCPCHPPHPC,-10
485,CPPCHPPCHPPCPPHHHHHHCCPCHPPCPCHPPHPC,-7
486,CPPCHPPCHPPCPPHHHHHHCCPCHPPCPCHPPHPC,-9
487,CPPCHPPCHPPCPPHHHHHHCCPCHPPCPCHPPHPC,-10
488,CPPCHPPCHPPCPPHHHHHHCCPCHPPCPCHPPHPC,-14
489,CPPCHPPCHPPCPPHHHHHHCCPCHPPCPCHPPHPC,-13
490,CPPCHPPCHPPCPPHHHHHHCCPCHPPCPCHPPHPC,-9
491,CPPCHPPCHPPCPPHHHHHHCCPCHPPCPCHPPHPC,-9
492,CPPCHPPCHPPCPPHHHHHHCCPCHPPCPCHPPHPC,-13
493,CPPCHPPCHPPCPPHHHHHHCCPCHPPCPCHPPHPC,-13
494,CPPCHPPCHPPCPPHHHHHHCCPCHPPCPCHPPHPC,-9
495,CPPCHPPCHPPCPPHHHHHHCCPCHPPCPCHPPHPC,-14
496,CPPCHPPCHPPCPPHHHHHHCCPCHPPCPCHPPHPC,-9
497,CPPCHPPCHPPCPPHHHHHHCCPCHPPCPCHPPHPC,-7
498,CPPCHPPCHPPCPPHHHHHHCCPCHPPCPCHPPHPC,-8
499,CPPCHPPCHPPCPPHHHHHHCCPCHPPCPCHPPHPC,-8
500,CPPCHPPCHPPCPPHHHHHHCCPCHPPCPCHPPHPC,-9
501,CPPCHPPCHPPCPPHHHHHHCCPCHPPCPCHPPHPC,-9
502,CPPCHPPCHPPCPPHHHHHHCCPCHPPCPCHPPHPC,-8
503,CPPCHPPCHPPCPPHHHHHHCCPCHPPCPCHPPHPC,-14
504,CPPCHPPCHPPCPPHHHHHHCCPCHPPCPCHPPHPC,-10
505,CPPCHPPCHPPCPPHHHHHHCCPCHPPCPCHPPHPC,-9
506,CPPCHPPCHPPCPPHHHHHHCCPCHPPCPCHPPHPC,-9
507,CPPCHPPCHPPCPPHHHHHHCCPCHPPCPCHPPHPC,-11
508,CPPCHPPCHPPCPPHHHHHHCCPCHPPCPCHPPHPC,-10
509,CPPCHPPCHPPCPPHHHHHHCCPCHPPCPCHPPHPC,-12
510,CPPCHPPCHPPCPPHHHHHHCCPCHPPCPCHPPHPC,-13
511,CPPCHPPCHPPCPPHHHHHHCCPCHPPCPCHPPHPC,-11
512,CPPCHPPCHPPCPPHHHHHHCCPCHPPCPCHPPHPC,-11
513,CPPCHPPCHPPCPPHHHHHHCCPCHPPCPCHPPHPC,-17
514,CPPCHPPCHPPCPPHHHHHHCCPCHPPCPCHPPHPC,-11
515,CPPCHPPCHPPCPPHHHHHHCCPCHPPCPCHPPHPC,-10
516,CPPCHPPCHPPCPPHHHHHHCCPCHPPCPCHPPHPC,-10
517,CPPCHPPCHPPCPPHHHHHHCCPCHPPCPCHPPHPC,-11
518,CPPCHPPCHPPCPPHHHHHHCCPCHPPCPCHPPHPC,-11
519,CPPCHPPCHPPCPPHHHHHHCCPCHPPCPCHPPHPC,-10
520,CPPCHPPCHPPCPPHHHHHHCCPCHPPCPCHPPHPC,-13
521,CPPCHPPCHPPCPPHHHHHHCCPCHPPCPCHPPHPC,-11
522,CPPCHPPCHPPCPPHHHHHHCCPCHPPCPCHPPHPC,-12
523,CPPCHPPCHPPCPPHHHHHHCCPCHPPCPCHPPHPC,-16
524,CPPCHPPCHPPCPPHHHHHHCCPCHPPCPCHPPHPC,-11
525,CPPCHPPCHPPCPPHHHHHHCCPCHPPCPCHPPHPC,-17
526,CPPCHPPCHPPCPPHHHHHHCCPCHPPCPCHPPHPC,-16
527,CPPCHPPCHPPCPPHHHHHHCCPCHPPCPCHPPHPC,-12
528,CPPCHPPCHPPCPPHHHHHHCCPCHPPCPCHPPHPC,-10
529,CPPCHPPCHPPCPPHHHHHHCCPCHPPCPCHPPHPC,-11
530,CPPCHPPCHPPCPPHHHHHHCCPCHPPCPCHPPHPC,-11
531,CPPCHPPCHPPCPPHHHHHHCCPCHPPCPCHPPHPC,-10
532,CPPCHPPCHPPCPPHHHHHHCCPCHPPCPCHPPHPC,-18
533,CPPCHPPCHPPCPPHHHHHHCCPCHPPCPCHPPHPC,-12
534,CPPCHPPCHPPCPPHHHHHHCCPCHPPCPCHPPHPC,-12
535,CPPCHPPCHPPCPPHHHHHHCCPCHPPCPCHPPHPC,-11
536,CPPCHPPCHPPCPPHHHHHHCCPCHPPCPCHPPHPC,-10
537,CPPCHPPCHPPCPPHHHHHHCCPCHPPCPCHPPHPC,-10
538,CPPCHPPCHPPCPPHHHHHHCCPCHPPCPCHPPHPC,-11
539,CPPCHPPCHPPCPPHHHHHHCCPCHPPCPCHPPHPC,-11
540,CPPCHPPCHPPCPPHHHHHHCCPCHPPCPCHPPHPC,-11
541,CPPCHPPCHPPCPPHHHHHHCCPCHPPCPCHPPHPC,-11
542,CPPCHPPCHPPCPPHHHHHHCCPCHPPCPCHPPHPC,-11
543,CPPCHPPCHPPCPPHHHHHHCCPCHPPCPCHPPHPC,-10
544,CPPCHPPCHPPCPPHHHHHHCCPCHPPCPCHPPHPC,-11
545,CPPCHPPCHPPCPPHHHHHHCCPCHPPCPCHPPHPC,-10
546,CPPCHPPCHPPCPPHHHHHHCCPCHPPCPCHPPHPC,-10
547,CPPCHPPCHPPCPPHHHHHHCCPCHPPCPCHPPHPC,-11
548,CPPCHPPCHPPCPPHHHHHHCCPCHPPCPCHPPHPC,-10
549,CPPCHPPCHPPCPPHHHHHHCCPCHPPCPCHPPHPC,-12
550,CPPCHPPCHPPCPPHHHHHHCCPCHPPCPCHPPHPC,-11
551,CPPCHPPCHPPCPPHHHHHHCCPCHPPCPCHPPHPC,-12
552,CPPCHPPCHPPCPPHHHHHHCCPCHPPCPCHPPHPC,-12
553,CPPCHPPCHPPCPPHHHHHHCCPCHPPCPCHPPHPC,-12
554,CPPCHPPCHPPCPPHHHHHHCCPCHPPCPCHPPHPC,-11
555,CPPCHPPCHPPCPPHHHHHHCCPCHPPCPCHPPHPC,-12
556,CPPCHPPCHPPCPPHHHHHHCCPCHPPCPCHPPHPC,-11
557,CPPCHPPCHPPCPPHHHHHHCCPCHPPCPCHPPHPC,-11
558,CPPCHPPCHPPCPPHHHHHHCCPCHPPCPCHPPHPC,-11
559,CPPCHPPCHPPCPPHHHHHHCCPCHPPCPCHPPHPC,-11
560,CPPCHPPCHPPCPPHHHHHHCCPCHPPCPCHPPHPC,-10
561,CPPCHPPCHPPCPPHHHHHHCCPCHPPCPCHPPHPC,-14
562,CPPCHPPCHPPCPPHHHHHHCCPCHPPCPCHPPHPC,-11
563,CPPCHPPCHPPCPPHHHHHHCCPCHPPCPCHPPHPC,-12
564,CPPCHPPCHPPCPPHHHHHHCCPCHPPCPCHPPHPC,-12
565,CPPCHPPCHPPCPPHHHHHHCCPCHPPCPCHPPHPC,-13
566,CPPCHPPCHPPCPPHHHHHHCCPCHPPCPCHPPHPC,-11
567,CPPCHPPCHPPCPPHHHHHHCCPCHPPCPCHPPHPC,-10
568,CPPCHPPCHPPCPPHHHHHHCCPCHPPCPCHPPHPC,-11
569,CPPCHPPCHPPCPPHHHHHHCCPCHPPCPCHPPHPC,-13
570,CPPCHPPCHPPCPPHHHHHHCCPCHPPCPCHPPHPC,-15
571,CPPCHPPCHPPCPPHHHHHHCCPCHPPCPCHPPHPC,-20
572,CPPCHPPCHPPCPPHHHHHHCCPCHPPCPCHPPHPC,-16
573,CPPCHPPCHPPCPPHHHHHHCCPCHPPCPCHPPHPC,-16
574,CPPCHPPCHPPCPPHHHHHHCCPCHPPCPCHPPHPC,-16
575,CPPCHPPCHPPCPPHHHHHHCCPCHPPCPCHPPHPC,-16
576,CPPCHPPCHPPCPPHHHHHHCCPCHPPCPCHPPHPC,-16
577,CPPCHPPCHPPCPPHHHHHHCCPCHPPCPCHPPHPC,-16
578,CPPCHPPCHPPCPPHHHHHHCCPCHPPCPCHPPHPC,-17
579,CPPCHPPCHPPCPPHHHHHHCCPCHPPCPCHPPHPC,-16
580,CPPCHPPCHPPCPPHHHHHHCCPCHPPCPCHPPHPC,-16
581,CPPCHPPCHPPCPPHHHHHHCCPCHPPCPCHPPHPC,-17
582,CPPCHPPCHPPCPPHHHHHHCCPCHPPCPCHPPHPC,-16
583,CPPCHPPCHPPCPPHHHHHHCCPCHPPCPCHPPHPC,-16
584,CPPCHPPCHPPCPPHHHHHHCCPCHPPCPCHPPHPC,-16
585,CPPCHPPCHPPCPPHHHHHHCCPCHPPCPCHPPHPC,-17
586,CPPCHPPCHPPCPPHHHHHHCCPCHPPCPCHPPHPC,-15
587,CPPCHPPCHPPCPPHHHHHHCCPCHPPCPCHPPHPC,-17
588,CPPCHPPCHPPCPPHHHHHHCCPCHPPCPCHPPHPC,-15
589,CPPCHPPCHPPCPPHHHHHHCCPCHPPCPCHPPHPC,-16
590,CPPCHPPCHPPCPPHHHHHHCCPCHPPCPCHPPHPC,-17
591,CPPCHPPCHPPCPPHHHHHHCCPCHPPCPCHPPHPC,-16
592,CPPCHPPCHPPCPPHHHHHHCCPCHPPCPCHPPHPC,-16
593,CPPCHPPCHPPCPPHHHHHHCCPCHPPCPCHPPHPC,-15
594,CPPCHPPCHPPCPPHHHHHHCCPCHPPCPCHPPHPC,-17
595,CPPCHPPCHPPCPPHHHHHHCCPCHPPCPCHPPHPC,-17
596,CPPCHPPCHPPCPPHHHHHHCCPCHPPCPCHPPHPC,-15
597,CPPCHPPCHPPCPPHHHHHHCCPCHPPCPCHPPHPC,-16
598,CPPCHPPCHPPCPPHHHHHHCCPCHPPCPCHPPHPC,-16
599,CPPCHPPCHPPCPPHHHHHHCCPCHPPCPCHPPHPC,-16
600,CPPCHPPCHPPCPPHHHHHHCCPCHPPCPCHPPHPC,-16
601,CPPCHPPCHPPCPPHHHHHHCCPCHPPCPCHPPHPC,-17
602,CPPCHPPCHPPCPPHHHHHHCCPCHPPCPCHPPHPC,-16
603,CPPCHPPCHPPCPPHHHHHHCCPCHPPCPCHPPHPC,-17
604,CPPCHPPCHPPCPPHHHHHHCCPCHPPCPCHPPHPC,-15
605,CPPCHPPCHPPCPPHHHHHHCCPCHPPCPCHPPHPC,-16
606,CPPCHPPCHPPCPPHHHHHHCCPCHPPCPCHPPHPC,-17
607,CPPCHPPCHPPCPPHHHHHHCCPCHPPCPCHPPHPC,-16
608,CPPCHPPCHPPCPPHHHHHHCCPCHPPCPCHPPHPC,-16
609,CPPCHPPCHPPCPPHHHHHHCCPCHPPCPCHPPHPC,-15
610,CPPCHPPCHPPCPPHHHHHHCCPCHPPCPCHPPHPC,-16
611,CPPCHPPCHPPCPPHHHHHHCCPCHPPCPCHPPHPC,-17
612,CPPCHPPCHPPCPPHHHHHHCCPCHPPCPCHPPHPC,-16
613,CPPCHPPCHPPCPPHHHHHHCCPCHPPCPCHPPHPC,-15
614,CPPCHPPCHPPCPPHHHHHHCCPCHPPCPCHPPHPC,-16
615,CPPCHPPCHPPCPPHHHHHHCCPCHPPCPCHPPHPC,-18
616,CPPCHPPCHPPCPPHHHHHHCCPCHPPCPCHPPHPC,-17
617,CPPCHPPCHPPCPPHHHHHHCCPCHPPCPCHPPHPC,-15
618,CPPCHPPCHPPCPPHHHHHHCCPCHPPCPCHPPHPC,-16
619,CPPCHPPCHPPCPPHHHHHHCCPCHPPCPCHPPHPC,-15
620,CPPCHPPCHPPCPPHHHHHHCCPCHPPCPCHPPHPC,-17
621,CPPCHPPCHPPCPPHHHHHHCCPCHPPCPCHPPHPC,-17
622,CPPCHPPCHPPCPPHHHHHHCCPCHPPCPCHPPHPC,-16
623,CPPCHPPCHPPCPPHHHHHHCCPCHPPCPCHPPHPC,-16
624,CPPCHPPCHPPCPPHHHHHHCCPCHPPCPCHPPHPC,-16
625,CPPCHPPCHPPCPPHHHHHHCCPCHPPCPCHPPHPC,-15
626,CPPCHPPCHPPCPPHHHHHHCCPCHPPCPCHPPHPC,-16
627,CPPCHPPCHPPCPPHHHHHHCCPCHPPCPCHPPHPC,-15
628,CPPCHPPCHPPCPPHHHHHHCCPCHPPCPCHPPHPC,-17
629,CPPCHPPCHPPCPPHHHHHHCCPCHPPCPCHPPHPC,-16
630,CPPCHPPCHPPCPPHHHHHHCCPCHPPCPCHPPHPC,-18
631,CPPCHPPCHPPCPPHHHHHHCCPCHPPCPCHPPHPC,-19
632,CPPCHPPCHPPCPPHHHHHHCCPCHPPCPCHPPHPC,-16
633,CPPCHPPCHPPCPPHHHHHHCCPCHPPCPCHPPHPC,-15
634,CPPCHPPCHPPCPPHHHHHHCCPCHPPCPCHPPHPC,-19
635,CPPCHPPCHPPCPPHHHHHHCCPCHPPCPCHPPHPC,-15
636,CPPCHPPCHPPCPPHHHHHHCCPCHPPCPCHPPHPC,-18
637,CPPCHPPCHPPCPPHHHHHHCCPCHPPCPCHPPHPC,-16
638,CPPCHPPCHPPCPPHHHHHHCCPCHPPCPCHPPHPC,-18
639,CPPCHPPCHPPCPPHHHHHHCCPCHPPCPCHPPHPC,-16
640,CPPCHPPCHPPCPPHHHHHHCCPCHPPCPCHPPHPC,-20
641,CPPCHPPCHPPCPPHHHHHHCCPCHPPCPCHPPHPC,-17
642,CPPCHPPCHPPCPPHHHHHHCCPCHPPCPCHPPHPC,-18
643,CPPCHPPCHPPCPPHHHHHHCCPCHPPCPCHPPHPC,-18
644,CPPCHPPCHPPCPPHHHHHHCCPCHPPCPCHPPHPC,-17
645,CPPCHPPCHPPCPPHHHHHHCCPCHPPCPCHPPHPC,-15
646,CPPCHPPCHPPCPPHHHHHHCCPCHPPCPCHPPHPC,-17
647,CPPCHPPCHPPCPPHHHHHHCCPCHPPCPCHPPHPC,-15
648,CPPCHPPCHPPCPPHHHHHHCCPCHPPCPCHPPHPC,-16
649,CPPCHPPCHPPCPPHHHHHHCCPCHPPCPCHPPHPC,-15
650,CPPCHPPCHPPCPPHHHHHHCCPCHPPCPCHPPHPC,-17
651,CPPCHPPCHPPCPPHHHHHHCCPCHPPCPCHPPHPC,-16
652,CPPCHPPCHPPCPPHHHHHHCCPCHPPCPCHPPHPC,-15
653,CPPCHPPCHPPCPPHHHHHHCCPCHPPCPCHPPHPC,-19
654,CPPCHPPCHPPCPPHHHHHHCCPCHPPCPCHPPHPC,-15
655,CPPCHPPCHPPCPPHHHHHHCCPCHPPCPCHPPHPC,-17
656,CPPCHPPCHPPCPPHHHHHHCCPCHPPCPCHPPHPC,-16
657,CPPCHPPCHPPCPPHHHHHHCCPCHPPCPCHPPHPC,-16
658,CPPCHPPCHPPCPPHHHHHHCCPCHPPCPCHPPHPC,-19
659,CPPCHPPCHPPCPPHHHHHHCCPCHPPCPCHPPHPC,-15
660,CPPCHPPCHPPCPPHHHHHHCCPCHPPCPCHPPHPC,-15
661,CPPCHPPCHPPCPPHHHHHHCCPCHPPCPCHPPHPC,-15
662,CPPCHPPCHPPCPPHHHHHHCCPCHPPCPCHPPHPC,-15
663,CPPCHPPCHPPCPPHHHHHHCCPCHPPCPCHPPHPC,-15
664,CPPCHPPCHPPCPPHHHHHHCCPCHPPCPCHPPHPC,-17
665,CPPCHPPCHPPCPPHHHHHHCCPCHPPCPCHPPHPC,-16
666,CPPCHPPCHPPCPPHHHHHHCCPCHPPCPCHPPHPC,-16
667,CPPCHPPCHPPCPPHHHHHHCCPCHPPCPCHPPHPC,-20
668,CPPCHPPCHPPCPPHHHHHHCCPCHPPCPCHPPHPC,-15
669,CPPCHPPCHPPCPPHHHHHHCCPCHPPCPCHPPHPC,-15
670,CPPCHPPCHPPCPPHHHHHHCCPCHPPCPCHPPHPC,-15
671,CPPCHPPCHPPCPPHHHHHHCCPCHPPCPCHPPHPC,-17
672,CPPCHPPCHPPCPPHHHHHHCCPCHPPCPCHPPHPC,-15
673,CPPCHPPCHPPCPPHHHHHHCCPCHPPCPCHPPHPC,-19
674,CPPCHPPCHPPCPPHHHHHHCCPCHPPCPCHPPHPC,-15
675,CPPCHPPCHPPCPPHHHHHHCCPCHPPCPCHPPHPC,-15
676,CPPCHPPCHPPCPPHHHHHHCCPCHPPCPCHPPHPC,-16
677,CPPCHPPCHPPCPPHHHHHHCCPCHPPCPCHPPHPC,-15
678,CPPCHPPCHPPCPPHHHHHHCCPCHPPCPCHPPHPC,-15
679,CPPCHPPCHPPCPPHHHHHHCCPCHPPCPCHPPHPC,-15
680,CPPCHPPCHPPCPPHHHHHHCCPCHPPCPCHPPHPC,-15
681,CPPCHPPCHPPCPPHHHHHHCCPCHPPCPCHPPHPC,-19
682,CPPCHPPCHPPCPPHHHHHHCCPCHPPCPCHPPHPC,-16
683,CPPCHPPCHPPCPPHHHHHHCCPCHPPCPCHPPHPC,-15
684,CPPCHPPCHPPCPPHHHHHHCCPCHPPCPCHPPHPC,-19
685,CPPCHPPCHPPCPPHHHHHHCCPCHPPCPCHPPHPC,-16
686,CPPCHPPCHPPCPPHHHHHHCCPCHPPCPCHPPHPC,-16
687,CPPCHPPCHPPCPPHHHHHHCCPCHPPCPCHPPHPC,-15
688,CPPCHPPCHPPCPPHHHHHHCCPCHPPCPCHPPHPC,-16
689,CPPCHPPCHPPCPPHHHHHHCCPCHPPCPCHPPHPC,-15
690,CPPCHPPCHPPCPPHHHHHHCCPCHPPCPCHPPHPC,-16
691,CPPCHPPCHPPCPPHHHHHHCCPCHPPCPCHPPHPC,-15
692,CPPCHPPCHPPCPPHHHHHHCCPCHPPCPCHPPHPC,-15
693,CPPCHPPCHPPCPPHHHHHHCCPCHPPCPCHPPHPC,-16
694,CPPCHPPCHPPCPPHHHHHHCCPCHPPCPCHPPHPC,-15
695,CPPCHPPCHPPCPPHHHHHHCCPCHPPCPCHPPHPC,-15
696,CPPCHPPCHPPCPPHHHHHHCCPCHPPCPCHPPHPC,-16
697,CPPCHPPCHPPCPPHHHHHHCCPCHPPCPCHPPHPC,-15
698,CPPCHPPCHPPCPPHHHHHHCCPCHPPCPCHPPHPC,-15
699,CPPCHPPCHPPCPPHHHHHHCCPCHPPCPCHPPHPC,-15
700,CPPCHPPCHPPCPPHHHHHHCCPCHPPCPCHPPHPC,-15
701,CPPCHPPCHPPCPPHHHHHHCCPCHPPCPCHPPHPC,-15
702,CPPCHPPCHPPCPPHHHHHHCCPCHPPCPCHPPHPC,-15
703,CPPCHPPCHPPCPPHHHHHHCCPCHPPCPCHPPHPC,-15
704,CPPCHPPCHPPCPPHHHHHHCCPCHPPCPCHPPHPC,-15
705,CPPCHPPCHPPCPPHHHHHHCCPCHPPCPCHPPHPC,-15
706,CPPCHPPCHPPCPPHHHHHHCCPCHPPCPCHPPHPC,-17
707,CPPCHPPCHPPCPPHHHHHHCCPCHPPCPCHPPHPC,-15
708,CPPCHPPCHPPCPPHHHHHHCCPCHPPCPCHPPHPC,-17
709,CPPCHPPCHPPCPPHHHHHHCCPCHPPCPCHPPHPC,-15
710,CPPCHPPCHPPCPPHHHHHHCCPCHPPCPCHPPHPC,-15
711,CPPCHPPCHPPCPPHHHHHHCCPCHPPCPCHPPHPC,-17
712,CPPCHPPCHPPCPPHHHHHHCCPCHPPCPCHPPHPC,-16
713,CPPCHPPCHPPCPPHHHHHHCCPCHPPCPCHPPHPC,-15
714,CPPCHPPCHPPCPPHHHHHHCCPCHPPCPCHPPHPC,-16
715,CPPCHPPCHPPCPPHHHHHHCCPCHPPCPCHPPHPC,-16
716,CPPCHPPCHPPCPPHHHHHHCCPCHPPCPCHPPHPC,-16
717,CPPCHPPCHPPCPPHHHHHHCCPCHPPCPCHPPHPC,-15
718,CPPCHPPCHPPCPPHHHHHHCCPCHPPCPCHPPHPC,-15
719,CPPCHPPCHPPCPPHHHHHHCCPCHPPCPCHPPHPC,-15
720,CPPCHPPCHPPCPPHHHHHHCCPCHPPCPCHPPHPC,-16
721,CPPCHPPCHPPCPPHHHHHHCCPCHPPCPCHPPHPC,-15
722,CPPCHPPCHPPCPPHHHHHHCCPCHPPCPCHPPHPC,-15
723,CPPCHPPCHPPCPPHHHHHHCCPCHPPCPCHPPHPC,-15
724,CPPCHPPCHPPCPPHHHHHHCCPCHPPCPCHPPHPC,-15
725,CPPCHPPCHPPCPPHHHHHHCCPCHPPCPCHPPHPC,-16
726,CPPCHPPCHPPCPPHHHHHHCCPCHPPCPCHPPHPC,-15
727,CPPCHPPCHPPCPPHHHHHHCCPCHPPCPCHPPHPC,-15
728,CPPCHPPCHPPCPPHHHHHHCCPCHPPCPCHPPHPC,-15
729,CPPCHPPCHPPCPPHHHHHHCCPCHPPCPCHPPHPC,-18
730,CPPCHPPCHPPCPPHHHHHHCCPCHPPCPCHPPHPC,-17
731,CPPCHPPCHPPCPPHHHHHHCCPCHPPCPCHPPHPC,-20
732,CPPCHPPCHPPCPPHHHHHHCCPCHPPCPCHPPHPC,-16
733,CPPCHPPCHPPCPPHHHHHHCCPCHPPCPCHPPHPC,-15
734,CPPCHPPCHPPCPPHHHHHHCCPCHPPCPCHPPHPC,-17
735,CPPCHPPCHPPCPPHHHHHHCCPCHPPCPCHPPHPC,-16
736,CPPCHPPCHPPCPPHHHHHHCCPCHPPCPCHPPHPC,-16
737,CPPCHPPCHPPCPPHHHHHHCCPCHPPCPCHPPHPC,-15
738,CPPCHPPCHPPCPPHHHHHHCCPCHPPCPCHPPHPC,-15
739,CPPCHPPCHPPCPPHHHHHHCCPCHPPCPCHPPHPC,-16
740,CPPCHPPCHPPCPPHHHHHHCCPCHPPCPCHPPHPC,-15
741,CPPCHPPCHPPCPPHHHHHHCCPCHPPCPCHPPHPC,-16
742,CPPCHPPCHPPCPPHHHHHHCCPCHPPCPCHPPHPC,-16
743,CPPCHPPCHPPCPPHHHHHHCCPCHPPCPCHPPHPC,-15
744,CPPCHPPCHPPCPPHHHHHHCCPCHPPCPCHPPHPC,-16
745,CPPCHPPCHPPCPPHHHHHHCCPCHPPCPCHPPHPC,-18
746,CPPCHPPCHPPCPPHHHHHHCCPCHPPCPCHPPHPC,-15
747,CPPCHPPCHPPCPPHHHHHHCCPCHPPCPCHPPHPC,-15
748,CPPCHPPCHPPCPPHHHHHHCCPCHPPCPCHPPHPC,-16
749,CPPCHPPCHPPCPPHHHHHHCCPCHPPCPCHPPHPC,-15
750,CPPCHPPCHPPCPPHHHHHHCCPCHPPCPCHPPHPC,-15
751,CPPCHPPCHPPCPPHHHHHHCCPCHPPCPCHPPHPC,-15
752,CPPCHPPCHPPCPPHHHHHHCCPCHPPCPCHPPHPC,-16
753,CPPCHPPCHPPCPPHHHHHHCCPCHPPCPCHPPHPC,-15
754,CPPCHPPCHPPCPPHHHHHHCCPCHPPCPCHPPHPC,-15
755,CPPCHPPCHPPCPPHHHHHHCCPCHPPCPCHPPHPC,-15
756,CPPCHPPCHPPCPPHHHHHHCCPCHPPCPCHPPHPC,-15
757,CPPCHPPCHPPCPPHHHHHHCCPCHPPCPCHPPHPC,-16
758,CPPCHPPCHPPCPPHHHHHHCCPCHPPCPCHPPHPC,-16
759,CPPCHPPCHPPCPPHHHHHHCCPCHPPCPCHPPHPC,-16
760,CPPCHPPCHPPCPPHHHHHHCCPCHPPCPCHPPHPC,-15
761,CPPCHPPCHPPCPPHHHHHHCCPCHPPCPCHPPHPC,-15
762,CPPCHPPCHPPCPPHHHHHHCCPCHPPCPCHPPHPC,-15
763,CPPCHPPCHPPCPPHHHHHHCCPCHPPCPCHPPHPC,-17
764,CPPCHPPCHPPCPPHHHHHHCCPCHPPCPCHPPHPC,-15
765,CPPCHPPCHPPCPPHHHHHHCCPCHPPCPCHPPHPC,-16
766,CPPCHPPCHPPCPPHHHHHHCCPCHPPCPCHPPHPC,-16
767,CPPCHPPCHPPCPPHHHHHHCCPCHPPCPCHPPHPC,-15
768,CPPCHPPCHPPCPPHHHHHHCCPCHPPCPCHPPHPC,-16
769,CPPCHPPCHPPCPPHHHHHHCCPCHPPCPCHPPHPC,-16
770,CPPCHPPCHPPCPPHHHHHHCCPCHPPCPCHPPHPC,-20
771,CPPCHPPCHPPCPPHHHHHHCCPCHPPCPCHPPHPC,-15
772,CPPCHPPCHPPCPPHHHHHHCCPCHPPCPCHPPHPC,-15
773,CPPCHPPCHPPCPPHHHHHHCCPCHPPCPCHPPHPC,-15
774,CPPCHPPCHPPCPPHHHHHHCCPCHPPCPCHPPHPC,-15
775,CPPCHPPCHPPCPPHHHHHHCCPCHPPCPCHPPHPC,-16
776,CPPCHPPCHPPCPPHHHHHHCCPCHPPCPCHPPHPC,-16
777,CPPCHPPCHPPCPPHHHHHHCCPCHPPCPCHPPHPC,-15
778,CPPCHPPCHPPCPPHHHHHHCCPCHPPCPCHPPHPC,-15
779,CPPCHPPCHPPCPPHHHHHHCCPCHPPCPCHPPHPC,-16
780,CPPCHPPCHPPCPPHHHHHHCCPCHPPCPCHPPHPC,-16
781,CPPCHPPCHPPCPPHHHHHHCCPCHPPCPCHPPHPC,-15
782,CPPCHPPCHPPCPPHHHHHHCCPCHPPCPCHPPHPC,-15
783,CPPCHPPCHPPCPPHHHHHHCCPCHPPCPCHPPHPC,-15
784,CPPCHPPCHPPCPPHHHHHHCCPCHPPCPCHPPHPC,-16
785,CPPCHPPCHPPCPPHHHHHHCCPCHPPCPCHPPHPC,-16
786,CPPCHPPCHPPCPPHHHHHHCCPCHPPCPCHPPHPC,-17
787,CPPCHPPCHPPCPPHHHHHHCCPCHPPCPCHPPHPC,-15
788,CPPCHPPCHPPCPPHHHHHHCCPCHPPCPCHPPHPC,-19
789,CPPCHPPCHPPCPPHHHHHHCCPCHPPCPCHPPHPC,-15
790,CPPCHPPCHPPCPPHHHHHHCCPCHPPCPCHPPHPC,-15
791,CPPCHPPCHPPCPPHHHHHHCCPCHPPCPCHPPHPC,-16
792,CPPCHPPCHPPCPPHHHHHHCCPCHPPCPCHPPHPC,-15
793,CPPCHPPCHPPCPPHHHHHHCCPCHPPCPCHPPHPC,-19
794,CPPCHPPCHPPCPPHHHHHHCCPCHPPCPCHPPHPC,-16
795,CPPCHPPCHPPCPPHHHHHHCCPCHPPCPCHPPHPC,-15
796,CPPCHPPCHPPCPPHHHHHHCCPCHPPCPCHPPHPC,-15
797,CPPCHPPCHPPCPPHHHHHHCCPCHPPCPCHPPHPC,-16
798,CPPCHPPCHPPCPPHHHHHHCCPCHPPCPCHPPHPC,-15
799,CPPCHPPCHPPCPPHHHHHHCCPCHPPCPCHPPHPC,-17
800,CPPCHPPCHPPCPPHHHHHHCCPCHPPCPCHPPHPC,-20
801,CPPCHPPCHPPCPPHHHHHHCCPCHPPCPCHPPHPC,-15
802,CPPCHPPCHPPCPPHHHHHHCCPCHPPCPCHPPHPC,-15
803,CPPCHPPCHPPCPPHHHHHHCCPCHPPCPCHPPHPC,-15
804,CPPCHPPCHPPCPPHHHHHHCCPCHPPCPCHPPHPC,-15
805,CPPCHPPCHPPCPPHHHHHHCCPCHPPCPCHPPHPC,-18
806,CPPCHPPCHPPCPPHHHHHHCCPCHPPCPCHPPHPC,-15
807,CPPCHPPCHPPCPPHHHHHHCCPCHPPCPCHPPHPC,-18
808,CPPCHPPCHPPCPPHHHHHHCCPCHPPCPCHPPHPC,-17
809,CPPCHPPCHPPCPPHHHHHHCCPCHPPCPCHPPHPC,-16
810,CPPCHPPCHPPCPPHHHHHHCCPCHPPCPCHPPHPC,-19
811,CPPCHPPCHPPCPPHHHHHHCCPCHPPCPCHPPHPC,-15
812,CPPCHPPCHPPCPPHHHHHHCCPCHPPCPCHPPHPC,-15
813,CPPCHPPCHPPCPPHHHHHHCCPCHPPCPCHPPHPC,-15
814,CPPCHPPCHPPCPPHHHHHHCCPCHPPCPCHPPHPC,-15
815,CPPCHPPCHPPCPPHHHHHHCCPCHPPCPCHPPHPC,-15
816,CPPCHPPCHPPCPPHHHHHHCCPCHPPCPCHPPHPC,-15
817,CPPCHPPCHPPCPPHHHHHHCCPCHPPCPCHPPHPC,-15
818,CPPCHPPCHPPCPPHHHHHHCCPCHPPCPCHPPHPC,-17
819,CPPCHPPCHPPCPPHHHHHHCCPCHPPCPCHPPHPC,-16
820,CPPCHPPCHPPCPPHHHHHHCCPCHPPCPCHPPHPC,-15
821,CPPCHPPCHPPCPPHHHHHHCCPCHPPCPCHPPHPC,-15
822,CPPCHPPCHPPCPPHHHHHHCCPCHPPCPCHPPHPC,-16
823,CPPCHPPCHPPCPPHHHHHHCCPCHPPCPCHPPHPC,-15
824,CPPCHPPCHPPCPPHHHHHHCCPCHPPCPCHPPHPC,-15
825,CPPCHPPCHPPCPPHHHHHHCCPCHPPCPCHPPHPC,-15
826,CPPCHPPCHPPCPPHHHHHHCCPCHPPCPCHPPHPC,-15
827,CPPCHPPCHPPCPPHHHHHHCCPCHPPCPCHPPHPC,-16
828,CPPCHPPCHPPCPPHHHHHHCCPCHPPCPCHPPHPC,-15
829,CPPCHPPCHPPCPPHHHHHHCCPCHPPCPCHPPHPC,-15
830,CPPCHPPCHPPCPPHHHHHHCCPCHPPCPCHPPHPC,-17
831,CPPCHPPCHPPCPPHHHHHHCCPCHPPCPCHPPHPC,-16
832,CPPCHPPCHPPCPPHHHHHHCCPCHPPCPCHPPHPC,-15
833,CPPCHPPCHPPCPPHHHHHHCCPCHPPCPCHPPHPC,-15
834,CPPCHPPCHPPCPPHHHHHHCCPCHPPCPCHPPHPC,-18
835,CPPCHPPCHPPCPPHHHHHHCCPCHPPCPCHPPHPC,-15
836,CPPCHPPCHPPCPPHHHHHHCCPCHPPCPCHPPHPC,-15
837,CPPCHPPCHPPCPPHHHHHHCCPCHPPCPCHPPHPC,-17
838,CPPCHPPCHPPCPPHHHHHHCCPCHPPCPCHPPHPC,-15
839,CPPCHPPCHPPCPPHHHHHHCCPCHPPCPCHPPHPC,-16
840,CPPCHPPCHPPCPPHHHHHHCCPCHPPCPCHPPHPC,-15
841,CPPCHPPCHPPCPPHHHHHHCCPCHPPCPCHPPHPC,-15
842,CPPCHPPCHPPCPPHHHHHHCCPCHPPCPCHPPHPC,-15
843,CPPCHPPCHPPCPPHHHHHHCCPCHPPCPCHPPHPC,-15
844,CPPCHPPCHPPCPPHHHHHHCCPCHPPCPCHPPHPC,-15
845,CPPCHPPCHPPCPPHHHHHHCCPCHPPCPCHPPHPC,-15
846,CPPCHPPCHPPCPPHHHHHHCCPCHPPCPCHPPHPC,-16
847,CPPCHPPCHPPCPPHHHHHHCCPCHPPCPCHPPHPC,-15
848,CPPCHPPCHPPCPPHHHHHHCCPCHPPCPCHPPHPC,-16
849,CPPCHPPCHPPCPPHHHHHHCCPCHPPCPCHPPHPC,-15
850,CPPCHPPCHPPCPPHHHHHHCCPCHPPCPCHPPHPC,-15
851,CPPCHPPCHPPCPPHHHHHHCCPCHPPCPCHPPHPC,-15
852,CPPCHPPCHPPCPPHHHHHHCCPCHPPCPCHPPHPC,-20
853,CPPCHPPCHPPCPPHHHHHHCCPCHPPCPCHPPHPC,-15
854,CPPCHPPCHPPCPPHHHHHHCCPCHPPCPCHPPHPC,-15
855,CPPCHPPCHPPCPPHHHHHHCCPCHPPCPCHPPHPC,-15
856,CPPCHPPCHPPCPPHHHHHHCCPCHPPCPCHPPHPC,-15
857,CPPCHPPCHPPCPPHHHHHHCCPCHPPCPCHPPHPC,-15
858,CPPCHPPCHPPCPPHHHHHHCCPCHPPCPCHPPHPC,-15
859,CPPCHPPCHPPCPPHHHHHHCCPCHPPCPCHPPHPC,-16
860,CPPCHPPCHPPCPPHHHHHHCCPCHPPCPCHPPHPC,-15
861,CPPCHPPCHPPCPPHHHHHHCCPCHPPCPCHPPHPC,-19
862,CPPCHPPCHPPCPPHHHHHHCCPCHPPCPCHPPHPC,-18
863,CPPCHPPCHPPCPPHHHHHHCCPCHPPCPCHPPHPC,-15
864,CPPCHPPCHPPCPPHHHHHHCCPCHPPCPCHPPHPC,-15
865,CPPCHPPCHPPCPPHHHHHHCCPCHPPCPCHPPHPC,-16
866,CPPCHPPCHPPCPPHHHHHHCCPCHPPCPCHPPHPC,-16
867,CPPCHPPCHPPCPPHHHHHHCCPCHPPCPCHPPHPC,-15
868,CPPCHPPCHPPCPPHHHHHHCCPCHPPCPCHPPHPC,-16
869,CPPCHPPCHPPCPPHHHHHHCCPCHPPCPCHPPHPC,-15
870,CPPCHPPCHPPCPPHHHHHHCCPCHPPCPCHPPHPC,-16
871,CPPCHPPCHPPCPPHHHHHHCCPCHPPCPCHPPHPC,-15
872,CPPCHPPCHPPCPPHHHHHHCCPCHPPCPCHPPHPC,-17
873,CPPCHPPCHPPCPPHHHHHHCCPCHPPCPCHPPHPC,-18
874,CPPCHPPCHPPCPPHHHHHHCCPCHPPCPCHPPHPC,-15
875,CPPCHPPCHPPCPPHHHHHHCCPCHPPCPCHPPHPC,-16
876,CPPCHPPCHPPCPPHHHHHHCCPCHPPCPCHPPHPC,-17
877,CPPCHPPCHPPCPPHHHHHHCCPCHPPCPCHPPHPC,-16
878,CPPCHPPCHPPCPPHHHHHHCCPCHPPCPCHPPHPC,-15
879,CPPCHPPCHPPCPPHHHHHHCCPCHPPCPCHPPHPC,-16
880,CPPCHPPCHPPCPPHHHHHHCCPCHPPCPCHPPHPC,-16
881,CPPCHPPCHPPCPPHHHHHHCCPCHPPCPCHPPHPC,-16
882,CPPCHPPCHPPCPPHHHHHHCCPCHPPCPCHPPHPC,-15
883,CPPCHPPCHPPCPPHHHHHHCCPCHPPCPCHPPHPC,-16
884,CPPCHPPCHPPCPPHHHHHHCCPCHPPCPCHPPHPC,-17
885,CPPCHPPCHPPCPPHHHHHHCCPCHPPCPCHPPHPC,-15
886,CPPCHPPCHPPCPPHHHHHHCCPCHPPCPCHPPHPC,-15
887,CPPCHPPCHPPCPPHHHHHHCCPCHPPCPCHPPHPC,-20
888,CPPCHPPCHPPCPPHHHHHHCCPCHPPCPCHPPHPC,-16
889,CPPCHPPCHPPCPPHHHHHHCCPCHPPCPCHPPHPC,-17
890,CPPCHPPCHPPCPPHHHHHHCCPCHPPCPCHPPHPC,-16
891,CPPCHPPCHPPCPPHHHHHHCCPCHPPCPCHPPHPC,-15
892,CPPCHPPCHPPCPPHHHHHHCCPCHPPCPCHPPHPC,-16
893,CPPCHPPCHPPCPPHHHHHHCCPCHPPCPCHPPHPC,-15
894,CPPCHPPCHPPCPPHHHHHHCCPCHPPCPCHPPHPC,-15
895,CPPCHPPCHPPCPPHHHHHHCCPCHPPCPCHPPHPC,-17
896,CPPCHPPCHPPCPPHHHHHHCCPCHPPCPCHPPHPC,-15
897,CPPCHPPCHPPCPPHHHHHHCCPCHPPCPCHPPHPC,-15
898,CPPCHPPCHPPCPPHHHHHHCCPCHPPCPCHPPHPC,-15
899,CPPCHPPCHPPCPPHHHHHHCCPCHPPCPCHPPHPC,-15
900,CPPCHPPCHPPCPPHHHHHHCCPCHPPCPCHPPHPC,-15
901,CPPCHPPCHPPCPPHHHHHHCCPCHPPCPCHPPHPC,-15
902,CPPCHPPCHPPCPPHHHHHHCCPCHPPCPCHPPHPC,-16
903,CPPCHPPCHPPCPPHHHHHHCCPCHPPCPCHPPHPC,-15
904,CPPCHPPCHPPCPPHHHHHHCCPCHPPCPCHPPHPC,-15
905,CPPCHPPCHPPCPPHHHHHHCCPCHPPCPCHPPHPC,-16
906,CPPCHPPCHPPCPPHHHHHHCCPCHPPCPCHPPHPC,-16
907,CPPCHPPCHPPCPPHHHHHHCCPCHPPCPCHPPHPC,-15
908,CPPCHPPCHPPCPPHHHHHHCCPCHPPCPCHPPHPC,-15
909,CPPCHPPCHPPCPPHHHHHHCCPCHPPCPCHPPHPC,-15
910,CPPCHPPCHPPCPPHHHHHHCCPCHPPCPCHPPHPC,-15
911,CPPCHPPCHPPCPPHHHHHHCCPCHPPCPCHPPHPC,-15
912,CPPCHPPCHPPCPPHHHHHHCCPCHPPCPCHPPHPC,-15
913,CPPCHPPCHPPCPPHHHHHHCCPCHPPCPCHPPHPC,-15
914,CPPCHPPCHPPCPPHHHHHHCCPCHPPCPCHPPHPC,-15
915,CPPCHPPCHPPCPPHHHHHHCCPCHPPCPCHPPHPC,-16
916,CPPCHPPCHPPCPPHHHHHHCCPCHPPCPCHPPHPC,-15
917,CPPCHPPCHPPCPPHHHHHHCCPCHPPCPCHPPHPC,-16
918,CPPCHPPCHPPCPPHHHHHHCCPCHPPCPCHPPHPC,-15
919,CPPCHPPCHPPCPPHHHHHHCCPCHPPCPCHPPHPC,-16
920,CPPCHPPCHPPCPPHHHHHHCCPCHPPCPCHPPHPC,-18
921,CPPCHPPCHPPCPPHHHHHHCCPCHPPCPCHPPHPC,-16
922,CPPCHPPCHPPCPPHHHHHHCCPCHPPCPCHPPHPC,-15
923,CPPCHPPCHPPCPPHHHHHHCCPCHPPCPCHPPHPC,-16
924,CPPCHPPCHPPCPPHHHHHHCCPCHPPCPCHPPHPC,-15
925,CPPCHPPCHPPCPPHHHHHHCCPCHPPCPCHPPHPC,-15
926,CPPCHPPCHPPCPPHHHHHHCCPCHPPCPCHPPHPC,-15
927,CPPCHPPCHPPCPPHHHHHHCCPCHPPCPCHPPHPC,-15
928,CPPCHPPCHPPCPPHHHHHHCCPCHPPCPCHPPHPC,-16
929,CPPCHPPCHPPCPPHHHHHHCCPCHPPCPCHPPHPC,-15
930,CPPCHPPCHPPCPPHHHHHHCCPCHPPCPCHPPHPC,-15
931,CPPCHPPCHPPCPPHHHHHHCCPCHPPCPCHPPHPC,-15
932,CPPCHPPCHPPCPPHHHHHHCCPCHPPCPCHPPHPC,-17
933,CPPCHPPCHPPCPPHHHHHHCCPCHPPCPCHPPHPC,-15
934,CPPCHPPCHPPCPPHHHHHHCCPCHPPCPCHPPHPC,-16
935,CPPCHPPCHPPCPPHHHHHHCCPCHPPCPCHPPHPC,-15
936,CPPCHPPCHPPCPPHHHHHHCCPCHPPCPCHPPHPC,-16
937,CPPCHPPCHPPCPPHHHHHHCCPCHPPCPCHPPHPC,-15
938,CPPCHPPCHPPCPPHHHHHHCCPCHPPCPCHPPHPC,-15
939,CPPCHPPCHPPCPPHHHHHHCCPCHPPCPCHPPHPC,-15
940,CPPCHPPCHPPCPPHHHHHHCCPCHPPCPCHPPHPC,-16
941,CPPCHPPCHPPCPPHHHHHHCCPCHPPCPCHPPHPC,-16
942,CPPCHPPCHPPCPPHHHHHHCCPCHPPCPCHPPHPC,-15
943,CPPCHPPCHPPCPPHHHHHHCCPCHPPCPCHPPHPC,-16
944,CPPCHPPCHPPCPPHHHHHHCCPCHPPCPCHPPHPC,-16
945,CPPCHPPCHPPCPPHHHHHHCCPCHPPCPCHPPHPC,-15
946,CPPCHPPCHPPCPPHHHHHHCCPCHPPCPCHPPHPC,-15
947,CPPCHPPCHPPCPPHHHHHHCCPCHPPCPCHPPHPC,-15
948,CPPCHPPCHPPCPPHHHHHHCCPCHPPCPCHPPHPC,-16
949,CPPCHPPCHPPCPPHHHHHHCCPCHPPCPCHPPHPC,-15
950,CPPCHPPCHPPCPPHHHHHHCCPCHPPCPCHPPHPC,-15
951,CPPCHPPCHPPCPPHHHHHHCCPCHPPCPCHPPHPC,-16
952,CPPCHPPCHPPCPPHHHHHHCCPCHPPCPCHPPHPC,-15
953,CPPCHPPCHPPCPPHHHHHHCCPCHPPCPCHPPHPC,-17
954,CPPCHPPCHPPCPPHHHHHHCCPCHPPCPCHPPHPC,-15
955,CPPCHPPCHPPCPPHHHHHHCCPCHPPCPCHPPHPC,-15
956,CPPCHPPCHPPCPPHHHHHHCCPCHPPCPCHPPHPC,-15
957,CPPCHPPCHPPCPPHHHHHHCCPCHPPCPCHPPHPC,-16
958,CPPCHPPCHPPCPPHHHHHHCCPCHPPCPCHPPHPC,-15
959,CPPCHPPCHPPCPPHHHHHHCCPCHPPCPCHPPHPC,-15
960,CPPCHPPCHPPCPPHHHHHHCCPCHPPCPCHPPHPC,-15
961,CPPCHPPCHPPCPPHHHHHHCCPCHPPCPCHPPHPC,-16
962,CPPCHPPCHPPCPPHHHHHHCCPCHPPCPCHPPHPC,-19
963,CPPCHPPCHPPCPPHHHHHHCCPCHPPCPCHPPHPC,-15
964,CPPCHPPCHPPCPPHHHHHHCCPCHPPCPCHPPHPC,-15
965,CPPCHPPCHPPCPPHHHHHHCCPCHPPCPCHPPHPC,-15
966,CPPCHPPCHPPCPPHHHHHHCCPCHPPCPCHPPHPC,-15
967,CPPCHPPCHPPCPPHHHHHHCCPCHPPCPCHPPHPC,-16
968,CPPCHPPCHPPCPPHHHHHHCCPCHPPCPCHPPHPC,-15
969,CPPCHPPCHPPCPPHHHHHHCCPCHPPCPCHPPHPC,-16
970,CPPCHPPCHPPCPPHHHHHHCCPCHPPCPCHPPHPC,-15
971,CPPCHPPCHPPCPPHHHHHHCCPCHPPCPCHPPHPC,-15
972,CPPCHPPCHPPCPPHHHHHHCCPCHPPCPCHPPHPC,-15
973,CPPCHPPCHPPCPPHHHHHHCCPCHPPCPCHPPHPC,-19
974,CPPCHPPCHPPCPPHHHHHHCCPCHPPCPCHPPHPC,-16
975,CPPCHPPCHPPCPPHHHHHHCCPCHPPCPCHPPHPC,-16
976,CPPCHPPCHPPCPPHHHHHHCCPCHPPCPCHPPHPC,-15
977,CPPCHPPCHPPCPPHHHHHHCCPCHPPCPCHPPHPC,-15
978,CPPCHPPCHPPCPPHHHHHHCCPCHPPCPCHPPHPC,-15
979,CPPCHPPCHPPCPPHHHHHHCCPCHPPCPCHPPHPC,-15
980,CPPCHPPCHPPCPPHHHHHHCCPCHPPCPCHPPHPC,-15
981,CPPCHPPCHPPCPPHHHHHHCCPCHPPCPCHPPHPC,-15
982,CPPCHPPCHPPCPPHHHHHHCCPCHPPCPCHPPHPC,-16
983,CPPCHPPCHPPCPPHHHHHHCCPCHPPCPCHPPHPC,-15
984,CPPCHPPCHPPCPPHHHHHHCCPCHPPCPCHPPHPC,-16
985,CPPCHPPCHPPCPPHHHHHHCCPCHPPCPCHPPHPC,-15
986,CPPCHPPCHPPCPPHHHHHHCCPCHPPCPCHPPHPC,-15
987,CPPCHPPCHPPCPPHHHHHHCCPCHPPCPCHPPHPC,-16
988,CPPCHPPCHPPCPPHHHHHHCCPCHPPCPCHPPHPC,-19
989,CPPCHPPCHPPCPPHHHHHHCCPCHPPCPCHPPHPC,-15
990,CPPCHPPCHPPCPPHHHHHHCCPCHPPCPCHPPHPC,-15
991,CPPCHPPCHPPCPPHHHHHHCCPCHPPCPCHPPHPC,-17
992,CPPCHPPCHPPCPPHHHHHHCCPCHPPCPCHPPHPC,-16
993,CPPCHPPCHPPCPPHHHHHHCCPCHPPCPCHPPHPC,-15
994,CPPCHPPCHPPCPPHHHHHHCCPCHPPCPCHPPHPC,-15
995,CPPCHPPCHPPCPPHHHHHHCCPCHPPCPCHPPHPC,-16
996,CPPCHPPCHPPCPPHHHHHHCCPCHPPCPCHPPHPC,-15
997,CPPCHPPCHPPCPPHHHHHHCCPCHPPCPCHPPHPC,-16
998,CPPCHPPCHPPCPPHHHHHHCCPCHPPCPCHPPHPC,-16
999,CPPCHPPCHPPCPPHHHHHHCCPCHPPCPCHPPHPC,-15

Average:,-10.693


0,HCPHPCPHPCHCHPHPPPHPPPHPPPPHPCPHPPPHPHHHCCHCHCHCHH,-9
1,HCPHPCPHPCHCHPHPPPHPPPHPPPPHPCPHPPPHPHHHCCHCHCHCHH,-3
2,HCPHPCPHPCHCHPHPPPHPPPHPPPPHPCPHPPPHPHHHCCHCHCHCHH,-7
3,HCPHPCPHPCHCHPHPPPHPPPHPPPPHPCPHPPPHPHHHCCHCHCHCHH,-6
4,HCPHPCPHPCHCHPHPPPHPPPHPPPPHPCPHPPPHPHHHCCHCHCHCHH,-10
5,HCPHPCPHPCHCHPHPPPHPPPHPPPPHPCPHPPPHPHHHCCHCHCHCHH,-1
6,HCPHPCPHPCHCHPHPPPHPPPHPPPPHPCPHPPPHPHHHCCHCHCHCHH,-13
7,HCPHPCPHPCHCHPHPPPHPPPHPPPPHPCPHPPPHPHHHCCHCHCHCHH,-4
8,HCPHPCPHPCHCHPHPPPHPPPHPPPPHPCPHPPPHPHHHCCHCHCHCHH,-3
9,HCPHPCPHPCHCHPHPPPHPPPHPPPPHPCPHPPPHPHHHCCHCHCHCHH,-8
10,HCPHPCPHPCHCHPHPPPHPPPHPPPPHPCPHPPPHPHHHCCHCHCHCHH,-9
11,HCPHPCPHPCHCHPHPPPHPPPHPPPPHPCPHPPPHPHHHCCHCHCHCHH,-3
12,HCPHPCPHPCHCHPHPPPHPPPHPPPPHPCPHPPPHPHHHCCHCHCHCHH,-7
13,HCPHPCPHPCHCHPHPPPHPPPHPPPPHPCPHPPPHPHHHCCHCHCHCHH,-7
14,HCPHPCPHPCHCHPHPPPHPPPHPPPPHPCPHPPPHPHHHCCHCHCHCHH,-8
15,HCPHPCPHPCHCHPHPPPHPPPHPPPPHPCPHPPPHPHHHCCHCHCHCHH,-3
16,HCPHPCPHPCHCHPHPPPHPPPHPPPPHPCPHPPPHPHHHCCHCHCHCHH,-5
17,HCPHPCPHPCHCHPHPPPHPPPHPPPPHPCPHPPPHPHHHCCHCHCHCHH,-4
18,HCPHPCPHPCHCHPHPPPHPPPHPPPPHPCPHPPPHPHHHCCHCHCHCHH,-9
19,HCPHPCPHPCHCHPHPPPHPPPHPPPPHPCPHPPPHPHHHCCHCHCHCHH,-2
20,HCPHPCPHPCHCHPHPPPHPPPHPPPPHPCPHPPPHPHHHCCHCHCHCHH,-2
21,HCPHPCPHPCHCHPHPPPHPPPHPPPPHPCPHPPPHPHHHCCHCHCHCHH,-10
22,HCPHPCPHPCHCHPHPPPHPPPHPPPPHPCPHPPPHPHHHCCHCHCHCHH,-5
23,HCPHPCPHPCHCHPHPPPHPPPHPPPPHPCPHPPPHPHHHCCHCHCHCHH,-13
24,HCPHPCPHPCHCHPHPPPHPPPHPPPPHPCPHPPPHPHHHCCHCHCHCHH,-6
25,HCPHPCPHPCHCHPHPPPHPPPHPPPPHPCPHPPPHPHHHCCHCHCHCHH,-10
26,HCPHPCPHPCHCHPHPPPHPPPHPPPPHPCPHPPPHPHHHCCHCHCHCHH,-5
27,HCPHPCPHPCHCHPHPPPHPPPHPPPPHPCPHPPPHPHHHCCHCHCHCHH,-5
28,HCPHPCPHPCHCHPHPPPHPPPHPPPPHPCPHPPPHPHHHCCHCHCHCHH,-7
29,HCPHPCPHPCHCHPHPPPHPPPHPPPPHPCPHPPPHPHHHCCHCHCHCHH,-9
30,HCPHPCPHPCHCHPHPPPHPPPHPPPPHPCPHPPPHPHHHCCHCHCHCHH,-7
31,HCPHPCPHPCHCHPHPPPHPPPHPPPPHPCPHPPPHPHHHCCHCHCHCHH,-4
32,HCPHPCPHPCHCHPHPPPHPPPHPPPPHPCPHPPPHPHHHCCHCHCHCHH,-7
33,HCPHPCPHPCHCHPHPPPHPPPHPPPPHPCPHPPPHPHHHCCHCHCHCHH,-5
34,HCPHPCPHPCHCHPHPPPHPPPHPPPPHPCPHPPPHPHHHCCHCHCHCHH,-3
35,HCPHPCPHPCHCHPHPPPHPPPHPPPPHPCPHPPPHPHHHCCHCHCHCHH,-11
36,HCPHPCPHPCHCHPHPPPHPPPHPPPPHPCPHPPPHPHHHCCHCHCHCHH,-1
37,HCPHPCPHPCHCHPHPPPHPPPHPPPPHPCPHPPPHPHHHCCHCHCHCHH,-5
38,HCPHPCPHPCHCHPHPPPHPPPHPPPPHPCPHPPPHPHHHCCHCHCHCHH,-5
39,HCPHPCPHPCHCHPHPPPHPPPHPPPPHPCPHPPPHPHHHCCHCHCHCHH,-6
40,HCPHPCPHPCHCHPHPPPHPPPHPPPPHPCPHPPPHPHHHCCHCHCHCHH,-4
41,HCPHPCPHPCHCHPHPPPHPPPHPPPPHPCPHPPPHPHHHCCHCHCHCHH,-5
42,HCPHPCPHPCHCHPHPPPHPPPHPPPPHPCPHPPPHPHHHCCHCHCHCHH,-6
43,HCPHPCPHPCHCHPHPPPHPPPHPPPPHPCPHPPPHPHHHCCHCHCHCHH,-14
44,HCPHPCPHPCHCHPHPPPHPPPHPPPPHPCPHPPPHPHHHCCHCHCHCHH,-5
45,HCPHPCPHPCHCHPHPPPHPPPHPPPPHPCPHPPPHPHHHCCHCHCHCHH,-2
46,HCPHPCPHPCHCHPHPPPHPPPHPPPPHPCPHPPPHPHHHCCHCHCHCHH,-9
47,HCPHPCPHPCHCHPHPPPHPPPHPPPPHPCPHPPPHPHHHCCHCHCHCHH,-6
48,HCPHPCPHPCHCHPHPPPHPPPHPPPPHPCPHPPPHPHHHCCHCHCHCHH,-6
49,HCPHPCPHPCHCHPHPPPHPPPHPPPPHPCPHPPPHPHHHCCHCHCHCHH,-3
50,HCPHPCPHPCHCHPHPPPHPPPHPPPPHPCPHPPPHPHHHCCHCHCHCHH,-3
51,HCPHPCPHPCHCHPHPPPHPPPHPPPPHPCPHPPPHPHHHCCHCHCHCHH,-13
52,HCPHPCPHPCHCHPHPPPHPPPHPPPPHPCPHPPPHPHHHCCHCHCHCHH,-9
53,HCPHPCPHPCHCHPHPPPHPPPHPPPPHPCPHPPPHPHHHCCHCHCHCHH,-10
54,HCPHPCPHPCHCHPHPPPHPPPHPPPPHPCPHPPPHPHHHCCHCHCHCHH,-10
55,HCPHPCPHPCHCHPHPPPHPPPHPPPPHPCPHPPPHPHHHCCHCHCHCHH,-10
56,HCPHPCPHPCHCHPHPPPHPPPHPPPPHPCPHPPPHPHHHCCHCHCHCHH,-11
57,HCPHPCPHPCHCHPHPPPHPPPHPPPPHPCPHPPPHPHHHCCHCHCHCHH,-14
58,HCPHPCPHPCHCHPHPPPHPPPHPPPPHPCPHPPPHPHHHCCHCHCHCHH,-11
59,HCPHPCPHPCHCHPHPPPHPPPHPPPPHPCPHPPPHPHHHCCHCHCHCHH,-13
60,HCPHPCPHPCHCHPHPPPHPPPHPPPPHPCPHPPPHPHHHCCHCHCHCHH,-16
61,HCPHPCPHPCHCHPHPPPHPPPHPPPPHPCPHPPPHPHHHCCHCHCHCHH,-19
62,HCPHPCPHPCHCHPHPPPHPPPHPPPPHPCPHPPPHPHHHCCHCHCHCHH,-20
63,HCPHPCPHPCHCHPHPPPHPPPHPPPPHPCPHPPPHPHHHCCHCHCHCHH,-25
64,HCPHPCPHPCHCHPHPPPHPPPHPPPPHPCPHPPPHPHHHCCHCHCHCHH,-11
65,HCPHPCPHPCHCHPHPPPHPPPHPPPPHPCPHPPPHPHHHCCHCHCHCHH,-14
66,HCPHPCPHPCHCHPHPPPHPPPHPPPPHPCPHPPPHPHHHCCHCHCHCHH,-12
67,HCPHPCPHPCHCHPHPPPHPPPHPPPPHPCPHPPPHPHHHCCHCHCHCHH,-11
68,HCPHPCPHPCHCHPHPPPHPPPHPPPPHPCPHPPPHPHHHCCHCHCHCHH,-15
69,HCPHPCPHPCHCHPHPPPHPPPHPPPPHPCPHPPPHPHHHCCHCHCHCHH,-17
70,HCPHPCPHPCHCHPHPPPHPPPHPPPPHPCPHPPPHPHHHCCHCHCHCHH,-15
71,HCPHPCPHPCHCHPHPPPHPPPHPPPPHPCPHPPPHPHHHCCHCHCHCHH,-12
72,HCPHPCPHPCHCHPHPPPHPPPHPPPPHPCPHPPPHPHHHCCHCHCHCHH,-10
73,HCPHPCPHPCHCHPHPPPHPPPHPPPPHPCPHPPPHPHHHCCHCHCHCHH,-10
74,HCPHPCPHPCHCHPHPPPHPPPHPPPPHPCPHPPPHPHHHCCHCHCHCHH,-10
75,HCPHPCPHPCHCHPHPPPHPPPHPPPPHPCPHPPPHPHHHCCHCHCHCHH,-17
76,HCPHPCPHPCHCHPHPPPHPPPHPPPPHPCPHPPPHPHHHCCHCHCHCHH,-14
77,HCPHPCPHPCHCHPHPPPHPPPHPPPPHPCPHPPPHPHHHCCHCHCHCHH,-14
78,HCPHPCPHPCHCHPHPPPHPPPHPPPPHPCPHPPPHPHHHCCHCHCHCHH,-14
79,HCPHPCPHPCHCHPHPPPHPPPHPPPPHPCPHPPPHPHHHCCHCHCHCHH,-33
80,HCPHPCPHPCHCHPHPPPHPPPHPPPPHPCPHPPPHPHHHCCHCHCHCHH,-17
81,HCPHPCPHPCHCHPHPPPHPPPHPPPPHPCPHPPPHPHHHCCHCHCHCHH,-22
82,HCPHPCPHPCHCHPHPPPHPPPHPPPPHPCPHPPPHPHHHCCHCHCHCHH,-31
83,HCPHPCPHPCHCHPHPPPHPPPHPPPPHPCPHPPPHPHHHCCHCHCHCHH,-28
84,HCPHPCPHPCHCHPHPPPHPPPHPPPPHPCPHPPPHPHHHCCHCHCHCHH,-21
85,HCPHPCPHPCHCHPHPPPHPPPHPPPPHPCPHPPPHPHHHCCHCHCHCHH,-29
86,HCPHPCPHPCHCHPHPPPHPPPHPPPPHPCPHPPPHPHHHCCHCHCHCHH,-22
87,HCPHPCPHPCHCHPHPPPHPPPHPPPPHPCPHPPPHPHHHCCHCHCHCHH,-21
88,HCPHPCPHPCHCHPHPPPHPPPHPPPPHPCPHPPPHPHHHCCHCHCHCHH,-21
89,HCPHPCPHPCHCHPHPPPHPPPHPPPPHPCPHPPPHPHHHCCHCHCHCHH,-25
90,HCPHPCPHPCHCHPHPPPHPPPHPPPPHPCPHPPPHPHHHCCHCHCHCHH,-22
91,HCPHPCPHPCHCHPHPPPHPPPHPPPPHPCPHPPPHPHHHCCHCHCHCHH,-21
92,HCPHPCPHPCHCHPHPPPHPPPHPPPPHPCPHPPPHPHHHCCHCHCHCHH,-22
93,HCPHPCPHPCHCHPHPPPHPPPHPPPPHPCPHPPPHPHHHCCHCHCHCHH,-17
94,HCPHPCPHPCHCHPHPPPHPPPHPPPPHPCPHPPPHPHHHCCHCHCHCHH,-15
95,HCPHPCPHPCHCHPHPPPHPPPHPPPPHPCPHPPPHPHHHCCHCHCHCHH,-17
96,HCPHPCPHPCHCHPHPPPHPPPHPPPPHPCPHPPPHPHHHCCHCHCHCHH,-20
97,HCPHPCPHPCHCHPHPPPHPPPHPPPPHPCPHPPPHPHHHCCHCHCHCHH,-22
98,HCPHPCPHPCHCHPHPPPHPPPHPPPPHPCPHPPPHPHHHCCHCHCHCHH,-24
99,HCPHPCPHPCHCHPHPPPHPPPHPPPPHPCPHPPPHPHHHCCHCHCHCHH,-25
100,HCPHPCPHPCHCHPHPPPHPPPHPPPPHPCPHPPPHPHHHCCHCHCHCHH,-18
101,HCPHPCPHPCHCHPHPPPHPPPHPPPPHPCPHPPPHPHHHCCHCHCHCHH,-20
102,HCPHPCPHPCHCHPHPPPHPPPHPPPPHPCPHPPPHPHHHCCHCHCHCHH,-18
103,HCPHPCPHPCHCHPHPPPHPPPHPPPPHPCPHPPPHPHHHCCHCHCHCHH,-18
104,HCPHPCPHPCHCHPHPPPHPPPHPPPPHPCPHPPPHPHHHCCHCHCHCHH,-26
105,HCPHPCPHPCHCHPHPPPHPPPHPPPPHPCPHPPPHPHHHCCHCHCHCHH,-19
106,HCPHPCPHPCHCHPHPPPHPPPHPPPPHPCPHPPPHPHHHCCHCHCHCHH,-26
107,HCPHPCPHPCHCHPHPPPHPPPHPPPPHPCPHPPPHPHHHCCHCHCHCHH,-17
108,HCPHPCPHPCHCHPHPPPHPPPHPPPPHPCPHPPPHPHHHCCHCHCHCHH,-26
109,HCPHPCPHPCHCHPHPPPHPPPHPPPPHPCPHPPPHPHHHCCHCHCHCHH,-24
110,HCPHPCPHPCHCHPHPPPHPPPHPPPPHPCPHPPPHPHHHCCHCHCHCHH,-22
111,HCPHPCPHPCHCHPHPPPHPPPHPPPPHPCPHPPPHPHHHCCHCHCHCHH,-18
112,HCPHPCPHPCHCHPHPPPHPPPHPPPPHPCPHPPPHPHHHCCHCHCHCHH,-23
